ID_ATLAS,name_ATLAS,RA_ATLAS,Dec_ATLAS,RA_deg_ATLAS,Dec_deg_ATLAS,RA_err_ATLAS,Dec_err_ATLAS,rms,BWS,Obs_freq,Sp,Sp_err,S,S_err,Scom,Scom_err,Sp2,Sp2_err,S2,S2_err,S2com,S2com_err,Deconv,Deconv_err,class,Sindex,Sindex_err,field,xid_tag,xid_comment,xid_flag,ncomps,core,rhost,ihost,cntr_SWIRE,object_SWIRE,ra_SWIRE,dec_SWIRE,unc_ra_SWIRE,unc_dec_SWIRE,tile,flux_ap2_36,uncf_ap2_36,flux_kr_36,uncf_kr_36,stell_36,flgs_36,ext_fl_36,flux_ap2_45,uncf_ap2_45,flux_kr_45,uncf_kr_45,stell_45,flgs_45,ext_fl_45,flux_ap2_58,uncf_ap2_58,flux_kr_58,uncf_kr_58,stell_58,flgs_58,ext_fl_58,flux_ap2_80,uncf_ap2_80,flux_kr_80,uncf_kr_80,stell_80,flgs_80,ext_fl_80,flux_ap2_24,uncf_ap2_24,flux_kr_24,uncf_kr_24,stell_24,flgs_24,ext_fl_24,ap_m_b,msig_b,ap_m_v,msig_v,ap_m_r,msig_r,kr_m_b,kr_m_v,kr_m_r,stell_b,stell_v,stell_r,ap_m_u,msig_u,ap_m_g,msig_g,ap_m_i,msig_i,ap_m_z,msig_z,ID_phot,RA_phot,DEC_phot,MAG_APER_4_G,MAG_APER_4_R,MAG_APER_4_I,MAG_APER_4_Z,MAGERR_APER_4_G,MAGERR_APER_4_R,MAGERR_APER_4_I,MAGERR_APER_4_Z,COADD_OBJECT_ID,coadd_final,ID_GRC,RA_GRC,DEC_GRC,z,z_Err,flag,source,comments,totobs,totexp,jflag
EI0011C1,ATLAS3_J002945.3-432148C,00:29:45.34,-43:21:48.0,7.438908,-43.363342,0.16,0.26,0.042,1.08,1.444,6.506,0.33,7.983,0.406,16.615,0.5972269250460833,6.703,0.341,8.224,0.42,17.122999999999998,0.6184787789407168,4.6,0.9,E,-0.962,0.152,ELAIS-S1,EI0011C1*SWIRE3_J002945.64-432149.3*m2*C0,-----------------------------------------------------,1,2,1,EI0011C1,SWIRE3_J002945.64-432149.3,372913,SWIRE3_J002945.64-432149.3,7.44019,-43.36372,0.0109,0.011,33,93.86,1.12,114.7,1.32,0.42,CA0,1,110.63,2.0,108.58,1.97,0.91,CA0,0,142.91,4.57,154.01,6.27,0.63,CA0,0,178.76,5.98,176.2,8.01,0.72,CA0,0,-99.0,-99.0,-99.0,-99.0,-9.0,---,-99,-999.0,-999.0,-999.0,-999.0,-999.0,-999.0,-999.0,-999.0,-999.0,-999.0,-999.0,-999.0,-999.0,-999.0,-999.0,-999.0,-999.0,-999.0,-999.0,-999.0,SVA1_COADD-2970961611,7.440085,-43.363748,21.00319,20.737759,20.819336,20.75119,0.0091,0.004,0.0088,0.0103,2970961611,2970961611,SVA1_COADD-2970961611         ,7.44008333333333,-43.36375,1.07016,-9.999,4.0,DES_AAOmega         ,                              ,14,33600,4
EI0015  ,ATLAS3_J002951.1-432354C,00:29:51.10,-43:23:54.7,7.462936,-43.39854,0.71,1.09,0.036,1.07,1.452,0.306,0.041,0.306,0.041,0.306,0.041,0.314,0.043,0.314,0.043,0.314,0.043,-999.0,-999.0,P,-999.0,-999.0,ELAIS-S1,EI0015*SWIRE3_J002951.14-432355.3*m1*C0  ,-----------------------------------------------------,1,1,1,EI0015  ,SWIRE3_J002951.14-432355.3,373023,SWIRE3_J002951.14-432355.3,7.46309,-43.39872,0.00936,0.0101,33,90.05,0.96,90.94,0.99,0.96,CA0,0,123.62,1.82,120.8,1.88,0.88,CA0,0,211.17,4.74,194.11,5.41,0.42,CA0,0,342.84,6.5,328.18,7.3,0.47,CA0,0,943.66,32.16,634.1,31.17,0.65,CA0,0,-999.0,-999.0,-999.0,-999.0,-999.0,-999.0,-999.0,-999.0,-999.0,-999.0,-999.0,-999.0,-999.0,-999.0,-999.0,-999.0,-999.0,-999.0,-999.0,-999.0,SVA1_COADD-2970957706,7.462954,-43.398719,20.665354,20.860088,20.36397,20.544348,0.0031,0.0033,0.0029,0.0046,2970957706,2970957706,S924                          ,7.463083333333333,-43.39875,1.9492,-9.999,-2.0,ATLAS               ,-                             ,-9,-9,2
EI0020  ,ATLAS3_J003001.5-433104C,00:30:01.53,-43:31:04.3,7.50636,-43.517862,1.12,1.72,0.034,1.07,1.459,0.179,0.037,0.179,0.037,0.179,0.037,0.185,0.038,0.185,0.038,0.185,0.038,-999.0,-999.0,P,-999.0,-999.0,ELAIS-S1,EI0020*SWIRE3_J003001.25-433102.3*m1*C0  ,-----------------------------------------------------,1,1,1,EI0020  ,SWIRE3_J003001.25-433102.3,374516,SWIRE3_J003001.25-433102.3,7.50521,-43.51733,0.0081,0.00796,33,168.07,1.64,172.61,1.6,0.86,CA3,-1,150.25,1.99,145.92,2.07,0.89,CA0,0,108.81,6.4,140.05,8.76,0.15,CA0,0,753.01,7.63,797.54,11.77,0.76,CA0,1,1291.93,31.49,1822.82,53.85,0.5,CA0,0,-999.0,-999.0,-999.0,-999.0,-999.0,-999.0,-999.0,-999.0,-999.0,-999.0,-999.0,-999.0,-999.0,-999.0,-999.0,-999.0,-999.0,-999.0,-999.0,-999.0,SVA1_COADD-2970945867,7.505064,-43.517337,20.305037,19.625168,19.2381,19.120771,0.0024,0.0012,0.0012,0.0013,2970945867,2970945867,SVA1_COADD-2970945867         ,7.50508333333333,-43.5173333333333,0.2074,-9.999,4.0,DES_AAOmega         ,CLi 8 0.20740 4 {} | AKi 8 0.2,4,7200,4
EI0023  ,ATLAS3_J003004.9-432724C,00:30:04.91,-43:27:24.5,7.520467,-43.456813,1.07,1.66,0.03,1.06,1.461,0.165,0.033,0.165,0.033,0.165,0.033,0.17,0.034,0.17,0.034,0.17,0.034,-999.0,-999.0,P,-999.0,-999.0,ELAIS-S1,EI0023*SWIRE3_J003004.87-432726.7*m1*C0  ,-----------------------------------------------------,1,1,1,EI0023  ,SWIRE3_J003004.87-432726.7,372671,SWIRE3_J003004.87-432726.7,7.5203,-43.45742,0.01,0.00828,33,116.47,1.56,129.81,1.6,0.05,CA0,0,107.9,1.77,119.0,2.11,0.1,CA0,0,86.9,5.84,78.63,7.31,0.0,CA0,0,755.38,7.63,784.55,10.61,0.77,CA0,1,812.0,31.35,716.51,37.25,0.3,CA0,0,-999.0,-999.0,-999.0,-999.0,-999.0,-999.0,-999.0,-999.0,-999.0,-999.0,-999.0,-999.0,-999.0,-999.0,-999.0,-999.0,-999.0,-999.0,-999.0,-999.0,SVA1_COADD-2970951793,7.520143,-43.457465,21.835201,21.03757,20.577333,20.371479,0.0079,0.0034,0.0035,0.0039,2970951793,2970951793,SVA1_COADD-2970951793         ,7.520125,-43.4574722222222,0.20855,-9.999,4.0,DES_AAOmega         ,CLi 8 0.20855 4 {} | AKi 8 0.2,4,7200,4
EI0024  ,ATLAS3_J003006.4-431446C,00:30:06.40,-43:14:46.4,7.526668,-43.246232,1.01,1.55,0.038,1.07,1.439,0.227,0.043,0.227,0.043,0.227,0.043,0.231,0.043,0.231,0.043,0.231,0.043,-999.0,-999.0,P,-999.0,-999.0,ELAIS-S1,EI0024*SWIRE3_J003006.37-431448.0*m1*C0  ,-----------------------------------------------------,1,1,1,EI0024  ,SWIRE3_J003006.37-431448.0,367795,SWIRE3_J003006.37-431448.0,7.52658,-43.24668,0.00853,0.00871,33,131.16,1.21,121.63,1.12,0.98,CA2,0,138.8,1.49,126.34,1.46,0.97,CA0,0,148.2,4.91,134.51,6.01,0.84,CA0,0,237.26,4.67,220.6,6.35,0.88,CA0,0,1122.22,25.57,831.5,28.36,0.79,CA0,0,-999.0,-999.0,-999.0,-999.0,-999.0,-999.0,-999.0,-999.0,-999.0,-999.0,-999.0,-999.0,-999.0,-999.0,-999.0,-999.0,-999.0,-999.0,-999.0,-999.0,SVA1_COADD-2970972990,7.526474,-43.246641,22.793043,22.05659,21.774265,21.461296,0.0157,0.0079,0.0097,0.0102,2970972990,2970972990,SVA1_COADD-2970972990         ,7.52645833333333,-43.2466388888889,1.02539,-9.999,4.0,DES_AAOmega         ,acr 11 0.15039 2 {} | CLi 8 1.,39,91200,4
EI0026  ,ATLAS3_J003007.7-432722C,00:30:07.75,-43:27:22.9,7.532292,-43.456372,0.83,1.28,0.029,1.06,1.463,0.209,0.033,0.209,0.033,0.209,0.033,0.215,0.034,0.215,0.034,0.215,0.034,-999.0,-999.0,P,-999.0,-999.0,ELAIS-S1,EI0026*SWIRE3_J003007.95-432727.2*m1*C0  ,-----------------------------------------------------,1,1,1,EI0026  ,SWIRE3_J003007.95-432727.2,372309,SWIRE3_J003007.95-432727.2,7.53314,-43.45757,0.00752,0.00698,33,269.84,1.92,310.65,1.94,0.23,CA0,1,243.04,1.99,269.88,2.09,0.18,CA0,1,203.67,5.43,246.68,8.46,0.04,CA0,0,847.23,6.36,951.68,9.39,0.11,CA0,1,2843.39,31.72,2470.01,41.84,0.95,CA0,0,-999.0,-999.0,-999.0,-999.0,-999.0,-999.0,-999.0,-999.0,-999.0,-999.0,-999.0,-999.0,-999.0,-999.0,-999.0,-999.0,-999.0,-999.0,-999.0,-999.0,SVA1_COADD-2970951840,7.533009,-43.457596,20.086174,19.274065,18.880934,18.709873,0.0022,0.001,0.001,0.0009,2970951840,2970951840,S864                          ,7.533125,-43.45758888888889,0.2074,-9.999,-2.0,ATLAS               ,-                             ,-9,-9,2
EI0029  ,ATLAS3_J003008.7-433320C,00:30:08.77,-43:33:20.7,7.53655,-43.555758,0.61,0.94,0.033,1.07,1.457,0.33,0.039,0.33,0.039,0.33,0.039,0.34,0.04,0.34,0.04,0.34,0.04,-999.0,-999.0,P,-999.0,-999.0,ELAIS-S1,EI0029*SWIRE3_J003008.77-433321.6*m1*C0  ,-----------------------------------------------------,1,1,1,EI0029  ,SWIRE3_J003008.77-433321.6,374476,SWIRE3_J003008.77-433321.6,7.53655,-43.55601,0.00857,0.00785,33,252.77,2.0,283.97,1.99,0.28,CA0,1,214.12,2.31,231.25,2.38,0.78,CA0,1,163.61,5.14,160.38,6.96,0.03,CA0,0,270.18,6.31,271.99,9.43,0.11,CA0,0,906.83,31.84,960.78,41.48,0.42,CA0,0,-999.0,-999.0,-999.0,-999.0,-999.0,-999.0,-999.0,-999.0,-999.0,-999.0,-999.0,-999.0,-999.0,-999.0,-999.0,-999.0,-999.0,-999.0,-999.0,-999.0,SVA1_COADD-2970941884,7.53641,-43.556015,22.301495,20.520391,19.933403,19.536348,0.0107,0.0022,0.0021,0.0018,2970941884,2970941884,S770                          ,7.536499999999999,-43.55598888888888,0.4568,-9.999,-2.0,ATLAS               ,-                             ,-9,-9,2
EI0033  ,ATLAS3_J003012.7-433246C,00:30:12.75,-43:32:46.0,7.553109,-43.546097,0.47,0.73,0.032,1.06,1.46,0.416,0.04,0.416,0.04,0.416,0.04,0.429,0.041,0.429,0.041,0.429,0.041,-999.0,-999.0,P,-999.0,-999.0,ELAIS-S1,EI0033*SWIRE3_J003012.78-433246.4*m1*C0  ,-----------------------------------------------------,1,1,1,EI0033  ,SWIRE3_J003012.78-433246.4,373727,SWIRE3_J003012.78-433246.4,7.55326,-43.54623,0.0122,0.0108,33,78.68,1.15,73.79,1.1,0.96,CA0,0,62.99,1.44,55.57,1.49,0.96,CA0,0,50.68,5.24,39.08,5.19,0.04,CA0,0,46.76,5.55,26.73,2.5,0.47,CA0,0,-999.0,-999.0,-999.0,-999.0,-999.0,---,-999,-999.0,-999.0,-999.0,-999.0,-999.0,-999.0,-999.0,-999.0,-999.0,-999.0,-999.0,-999.0,-999.0,-999.0,-999.0,-999.0,-999.0,-999.0,-999.0,-999.0,SVA1_COADD-2970942328,7.553099,-43.546226,25.943918,24.026682,22.80181,22.113066,0.2777,0.0451,0.0248,0.0179,2970942328,2970942328,SVA1_COADD-2970942328         ,7.55308333333333,-43.5462222222222,0.94179,-9.999,3.0,DES_AAOmega         ,AMo 9 0.94179 3 {} | CLi 9 0.9,26,62400,2
EI0035  ,ATLAS3_J003014.7-431556C,00:30:14.79,-43:15:56.3,7.561612,-43.26563,1.0,1.55,0.034,1.07,1.447,0.198,0.037,0.198,0.037,0.198,0.037,0.203,0.038,0.203,0.038,0.203,0.038,-999.0,-999.0,P,-999.0,-999.0,ELAIS-S1,EI0035*SWIRE3_J003014.75-431557.3*m1*C0  ,-----------------------------------------------------,1,1,1,EI0035  ,SWIRE3_J003014.75-431557.3,367238,SWIRE3_J003014.75-431557.3,7.56147,-43.26593,0.00922,0.00778,33,139.88,1.38,158.25,1.4,0.13,CA3,0,139.99,1.37,143.42,1.46,0.34,CA3,0,119.62,4.94,162.89,7.75,0.03,CA0,0,809.69,5.42,871.06,7.65,0.81,CA0,-1,1970.65,32.26,1734.27,41.19,0.7,CA0,0,-999.0,-999.0,-999.0,-999.0,-999.0,-999.0,-999.0,-999.0,-999.0,-999.0,-999.0,-999.0,-999.0,-999.0,-999.0,-999.0,-999.0,-999.0,-999.0,-999.0,SVA1_COADD-2970971352,7.561323,-43.265912,20.656279,19.905357,19.49703,19.398346,0.0029,0.0014,0.0015,0.0016,2970971352,2970971352,SVA1_COADD-2970971352         ,7.56133333333333,-43.2659166666667,0.21842,-9.999,4.0,DES_AAOmega         ,//                            ,2,4800,4
EI0039  ,ATLAS3_J003017.6-434634C,00:30:17.69,-43:46:34.1,7.573716,-43.776128,1.01,1.55,0.033,1.08,1.435,0.199,0.037,0.199,0.037,0.199,0.037,0.203,0.038,0.203,0.038,0.203,0.038,-999.0,-999.0,P,-999.0,-999.0,ELAIS-S1,EI0039*SWIRE3_J003017.66-434633.3*m1*C0  ,-----------------------------------------------------,1,1,1,EI0039  ,SWIRE3_J003017.66-434633.3,378816,SWIRE3_J003017.66-434633.3,7.57359,-43.77592,0.00788,0.00965,33,214.63,1.6,307.86,1.77,0.03,CA3,2,179.59,1.58,254.8,1.94,0.03,CA3,2,156.74,4.82,225.81,8.25,0.0,CA2,0,759.8,5.14,983.82,7.89,0.02,CA0,2,1469.84,31.71,1142.6,35.65,0.84,CA0,0,-999.0,-999.0,-999.0,-999.0,-999.0,-999.0,-999.0,-999.0,-999.0,-999.0,-999.0,-999.0,-999.0,-999.0,-999.0,-999.0,-999.0,-999.0,-999.0,-999.0,SVA1_COADD-2970917557,7.57354,-43.7759,20.647076,19.775963,19.361334,19.148737,0.003,0.0013,0.0013,0.0013,2970917557,2970917557,SVA1_COADD-2970917557         ,7.57354166666667,-43.7758888888889,0.20071,-9.999,4.0,DES_AAOmega         ,CLi 9 0.20071 4 {} | AKi 9 0.2,4,7200,4
EI0044  ,ATLAS3_J003022.6-435643C,00:30:22.67,-43:56:43.2,7.594451,-43.945321,0.91,1.4,0.027,1.05,1.47,0.171,0.029,0.171,0.029,0.171,0.029,0.177,0.03,0.177,0.03,0.177,0.03,-999.0,-999.0,P,-999.0,-999.0,ELAIS-S1,EI0044*SWIRE3_J003022.68-435643.6*m1*C0  ,-----------------------------------------------------,1,1,1,EI0044  ,SWIRE3_J003022.68-435643.6,382223,SWIRE3_J003022.68-435643.6,7.5945,-43.94545,0.00868,0.00911,33,202.51,1.43,247.61,1.47,0.04,CA3,2,193.08,2.0,226.7,2.3,0.07,CA2,2,175.31,4.62,240.54,7.71,0.05,CA0,0,459.69,6.05,517.72,9.66,0.79,CA0,0,1184.57,31.13,1194.6,43.11,0.37,CA0,0,-999.0,-999.0,-999.0,-999.0,-999.0,-999.0,-999.0,-999.0,-999.0,-999.0,-999.0,-999.0,-999.0,-999.0,-999.0,-999.0,-999.0,-999.0,-999.0,-999.0,SVA1_COADD-2970316342,7.594374,-43.945404,20.709345,19.759268,19.410975,19.13292,0.003,0.0009,0.0013,0.0013,2970316342,2970316342,S448                          ,7.5945,-43.945430555555554,0.3224,-9.999,-2.0,ATLAS               ,-                             ,-9,-9,2
EI0045  ,ATLAS3_J003023.1-432118C,00:30:23.18,-43:21:18.1,7.596594,-43.355014,0.33,0.52,0.029,1.05,1.461,0.575,0.042,0.575,0.042,0.575,0.042,0.592,0.044,0.592,0.044,0.592,0.044,-999.0,-999.0,P,-2.348,0.784,ELAIS-S1,EI0045*SWIRE3_J003023.22-432118.1*m1*C0  ,-----------------------------------------------------,1,1,1,EI0045  ,SWIRE3_J003023.22-432118.1,368160,SWIRE3_J003023.22-432118.1,7.59679,-43.35505,0.013,0.0121,33,61.76,1.04,67.79,1.21,0.67,CA2,0,77.95,1.58,87.69,2.11,0.84,CA0,0,91.34,5.27,100.42,5.53,0.01,CA0,0,141.1,6.0,159.5,8.75,0.64,CA0,0,683.87,26.97,646.25,32.7,0.49,CA0,0,-999.0,-999.0,-999.0,-999.0,-999.0,-999.0,-999.0,-999.0,-999.0,-999.0,-999.0,-999.0,-999.0,-999.0,-999.0,-999.0,-999.0,-999.0,-999.0,-999.0,SVA1_COADD-2970962536,7.596638,-43.35509,22.654106,22.229332,21.547579,21.668718,0.015,0.0093,0.0084,0.0124,2970962536,2970962536,SVA1_COADD-2970962536         ,7.596625,-43.3550833333333,1.92007,-9.999,3.0,DES_AAOmega         ,                              ,9,21600,2
EI0050  ,ATLAS3_J003026.0-430915C,00:30:26.01,-43:09:15.5,7.608356,-43.154315,0.43,0.67,0.035,1.07,1.445,0.515,0.046,0.515,0.046,0.515,0.046,0.527,0.047,0.527,0.047,0.527,0.047,-999.0,-999.0,P,-999.0,-999.0,ELAIS-S1,EI0050*SWIRE3_J003026.04-430916.1*m1*C0  ,-----------------------------------------------------,1,1,1,EI0050  ,SWIRE3_J003026.04-430916.1,262734,SWIRE3_J003026.04-430916.1,7.60853,-43.1545,0.00684,0.00745,23,258.59,2.27,309.39,2.23,0.55,CA3,1,286.07,2.62,356.08,3.01,0.41,CA3,1,312.53,6.74,401.99,8.69,0.07,CA0,0,718.22,7.32,789.26,10.99,0.9,CA0,-1,3696.58,33.06,2979.45,37.65,0.94,CA0,0,-999.0,-999.0,-999.0,-999.0,-999.0,-999.0,-999.0,-999.0,-999.0,-999.0,-999.0,-999.0,-999.0,-999.0,-999.0,-999.0,-999.0,-999.0,-999.0,-999.0,SVA1_COADD-2970989405,7.608426,-43.15448,21.056086,20.174341,19.840124,19.41133,0.0039,0.0018,0.0019,0.0017,2970989405,2970989405,S1126                         ,7.608499999999999,-43.154491666666665,0.3877,-9.999,-2.0,ATLAS               ,-                             ,-9,-9,2
EI0053  ,ATLAS3_J003027.5-432126C,00:30:27.56,-43:21:26.6,7.614846,-43.357389,0.72,1.11,0.028,1.05,1.463,0.23,0.032,0.23,0.032,0.23,0.032,0.237,0.033,0.237,0.033,0.237,0.033,-999.0,-999.0,P,-999.0,-999.0,ELAIS-S1,EI0053*SWIRE3_J003027.59-432127.0*m1*C0  ,-----------------------------------------------------,1,1,1,EI0053  ,SWIRE3_J003027.59-432127.0,367695,SWIRE3_J003027.59-432127.0,7.61498,-43.3575,0.0146,0.0135,33,54.73,0.92,59.95,1.01,0.03,CA2,0,68.51,1.23,72.61,1.42,0.03,CA0,0,55.93,4.51,64.35,5.22,0.32,CA0,0,75.86,4.71,69.82,6.3,0.04,CA0,0,554.57,25.87,423.66,27.84,0.08,CA0,0,-999.0,-999.0,-999.0,-999.0,-999.0,-999.0,-999.0,-999.0,-999.0,-999.0,-999.0,-999.0,-999.0,-999.0,-999.0,-999.0,-999.0,-999.0,-999.0,-999.0,SVA1_COADD-2970962406,7.614858,-43.357653,23.507086,23.247074,22.853672,22.486471,0.0317,0.0233,0.0259,0.0259,2970962406,2970962406,SVA1_COADD-2970962406         ,7.614875,-43.3576666666667,0.77021,-9.999,3.0,DES_AAOmega         ,                              ,11,26400,2
EI0065  ,ATLAS3_J003032.6-431140C,00:30:32.65,-43:11:40.3,7.636031,-43.194541,0.68,1.06,0.03,1.06,1.454,0.263,0.035,0.263,0.035,0.263,0.035,0.27,0.036,0.27,0.036,0.27,0.036,-999.0,-999.0,P,-999.0,-999.0,ELAIS-S1,EI0065*SWIRE3_J003032.62-431140.4*m1*C0  ,-----------------------------------------------------,1,1,1,EI0065  ,SWIRE3_J003032.62-431140.4,262826,SWIRE3_J003032.62-431140.4,7.63593,-43.19456,0.00875,0.00961,23,203.07,1.66,257.83,1.78,0.03,CA2,2,182.81,1.77,219.63,2.06,0.03,CA2,2,185.8,5.52,253.07,9.17,0.0,CA0,0,260.19,4.94,262.85,6.79,0.22,CA0,0,820.14,30.28,761.12,37.95,0.5,CA0,0,-999.0,-999.0,-999.0,-999.0,-999.0,-999.0,-999.0,-999.0,-999.0,-999.0,-999.0,-999.0,-999.0,-999.0,-999.0,-999.0,-999.0,-999.0,-999.0,-999.0,SVA1_COADD-2970979060,7.635884,-43.194673,22.892847,22.29687,21.544025,20.942339,0.0172,0.0095,0.008,0.0063,2970979060,2970979060,SVA1_COADD-2970979060         ,7.635875,-43.1946666666667,1.07105,-9.999,3.0,DES_AAOmega         ,                              ,9,21600,2
EI0066C3,ATLAS3_J003035.1-432340C,00:30:35.10,-43:23:40.6,7.646238,-43.394623,0.17,0.26,0.026,1.04,1.468,2.065,0.105,2.454,0.125,3.451,0.139534941860453,2.114,0.109,2.513,0.129,3.533,0.1437428259079388,4.2,0.9,E,-0.499,0.149,ELAIS-S1,EI0066C3*SWIRE3_J003035.03-432341.5*m3*C0,-----------------------------------------------------,1,3,1,EI0066C3,SWIRE3_J003035.03-432341.5,367646,SWIRE3_J003035.03-432341.5,7.64599,-43.39488,0.0132,0.011,33,204.28,2.04,389.35,2.87,0.03,EK0,2,118.63,2.02,231.44,3.25,0.04,CA0,2,124.25,6.13,163.15,10.16,0.0,CA0,0,63.59,5.49,53.08,5.47,0.12,CA0,0,-999.0,-999.0,-999.0,-999.0,-999.0,---,-999,-999.0,-999.0,-999.0,-999.0,-999.0,-999.0,-999.0,-999.0,-999.0,-999.0,-999.0,-999.0,-999.0,-999.0,-999.0,-999.0,-999.0,-999.0,-999.0,-999.0,SVA1_COADD-2970958439,7.645893,-43.394766,23.47017,21.575676,20.456135,20.024014,0.0323,0.0053,0.0032,0.003,2970958439,2970958439,SVA1_COADD-2970958439         ,7.645875,-43.3947777777778,0.65781,-9.999,4.0,DES_AAOmega         ,                              ,5,12000,4
EI0080  ,ATLAS3_J003040.4-431521C,00:30:40.44,-43:15:21.3,7.668496,-43.255907,0.72,1.11,0.025,1.05,1.462,0.21,0.029,0.21,0.029,0.21,0.029,0.216,0.03,0.216,0.03,0.216,0.03,-999.0,-999.0,P,-999.0,-999.0,ELAIS-S1,EI0080*SWIRE3_J003040.44-431520.2*m1*C0  ,-----------------------------------------------------,1,1,1,EI0080  ,SWIRE3_J003040.44-431520.2,263241,SWIRE3_J003040.44-431520.2,7.66851,-43.25563,0.0178,0.0154,23,29.2,0.86,49.72,1.42,0.6,CA2,0,35.69,1.23,44.96,1.88,0.18,CA0,0,50.24,5.29,35.0,4.62,0.46,CA0,0,119.85,5.63,93.19,6.41,0.52,CA0,0,-999.0,-999.0,-999.0,-999.0,-999.0,---,-999,-999.0,-999.0,-999.0,-999.0,-999.0,-999.0,-999.0,-999.0,-999.0,-999.0,-999.0,-999.0,-999.0,-999.0,-999.0,-999.0,-999.0,-999.0,-999.0,-999.0,SVA1_COADD-2970971976,7.668439,-43.25569,23.607998,23.151695,22.910973,22.248722,0.0323,0.0203,0.0271,0.0206,2970971976,2970971976,SVA1_COADD-2970971976         ,7.66845833333333,-43.2556944444444,1.30078,-9.999,3.0,DES_AAOmega         ,                              ,9,21600,2
EI0094  ,ATLAS3_J003044.1-431819C,00:30:44.16,-43:18:19.1,7.683993,-43.3053,1.09,1.68,0.024,1.05,1.466,0.129,0.026,0.129,0.026,0.129,0.026,0.134,0.027,0.134,0.027,0.134,0.027,-999.0,-999.0,P,-999.0,-999.0,ELAIS-S1,EI0094*SWIRE3_J003044.19-431818.8*m1*C0  ,-----------------------------------------------------,1,1,1,EI0094  ,SWIRE3_J003044.19-431818.8,263866,SWIRE3_J003044.19-431818.8,7.68413,-43.30524,0.00846,0.0076,23,154.3,1.45,171.84,1.46,0.12,CA2,1,150.46,1.99,162.62,2.22,0.3,CA0,0,142.13,4.96,164.57,7.53,0.04,CA2,0,850.51,7.75,891.31,10.17,0.12,CA0,1,1459.88,32.84,1451.71,43.48,0.51,CA0,0,-999.0,-999.0,-999.0,-999.0,-999.0,-999.0,-999.0,-999.0,-999.0,-999.0,-999.0,-999.0,-999.0,-999.0,-999.0,-999.0,-999.0,-999.0,-999.0,-999.0,SVA1_COADD-2970967400,7.684011,-43.305283,20.42913,19.742105,19.363499,19.249708,0.0025,0.0012,0.0013,0.0014,2970967400,2970967400,SVA1_COADD-2970967400         ,7.684,-43.3052777777778,0.21883,-9.999,4.0,DES_AAOmega         ,AMo 8 0.21883 4 {} | CLi 8 0.2,3,3600,4
EI0107  ,ATLAS3_J003049.3-431920C,00:30:49.30,-43:19:20.6,7.705401,-43.322401,0.88,1.36,0.023,1.04,1.468,0.153,0.025,0.153,0.025,0.153,0.025,0.158,0.026,0.158,0.026,0.158,0.026,-999.0,-999.0,P,-999.0,-999.0,ELAIS-S1,EI0107*SWIRE3_J003049.32-431918.8*m1*C0  ,-----------------------------------------------------,1,1,1,EI0107  ,SWIRE3_J003049.32-431918.8,263607,SWIRE3_J003049.32-431918.8,7.70554,-43.32189,0.00936,0.00835,23,99.76,1.17,92.9,1.07,0.98,CA0,0,116.51,1.6,109.55,1.53,0.94,CA0,0,76.32,4.45,51.21,4.01,0.52,CA0,0,528.53,6.11,539.93,8.01,0.79,CA0,1,921.9,31.89,897.73,40.25,0.38,CA0,0,-999.0,-999.0,-999.0,-999.0,-999.0,-999.0,-999.0,-999.0,-999.0,-999.0,-999.0,-999.0,-999.0,-999.0,-999.0,-999.0,-999.0,-999.0,-999.0,-999.0,SVA1_COADD-2970965071,7.705416,-43.321948,22.5661,21.54795,20.935465,20.664753,0.0131,0.0056,0.0047,0.0049,2970965071,2970965071,SVA1_COADD-2970965071         ,7.70541666666667,-43.3219444444444,0.27476,-9.999,4.0,DES_AAOmega         ,//                            ,5,12000,4
EI0136  ,ATLAS3_J003102.0-430444C,00:31:02.07,-43:04:44.1,7.758634,-43.078912,1.01,1.56,0.028,1.05,1.471,0.163,0.031,0.163,0.031,0.163,0.031,0.168,0.032,0.168,0.032,0.168,0.032,-999.0,-999.0,P,-999.0,-999.0,ELAIS-S1,EI0136*SWIRE3_J003102.08-430443.3*m1*C0  ,-----------------------------------------------------,1,1,1,EI0136  ,SWIRE3_J003102.08-430443.3,256953,SWIRE3_J003102.08-430443.3,7.75868,-43.07871,0.00763,0.00785,23,265.64,2.08,376.55,2.27,0.03,CA0,2,222.36,1.98,307.06,2.35,0.03,CA0,2,175.3,5.81,227.61,7.6,0.0,CA0,0,543.99,5.79,697.46,9.12,0.01,CA0,2,1000.93,33.75,701.23,35.71,0.45,CA0,0,-999.0,-999.0,-999.0,-999.0,-999.0,-999.0,-999.0,-999.0,-999.0,-999.0,-999.0,-999.0,-999.0,-999.0,-999.0,-999.0,-999.0,-999.0,-999.0,-999.0,SVA1_COADD-2971005565,7.758519,-43.078723,20.304739,19.344997,18.935518,18.724134,0.0026,0.001,0.001,0.001,2971005565,2971005565,SVA1_COADD-2971005565         ,7.7585,-43.0787222222222,0.20699,-9.999,4.0,DES_AAOmega         ,//                            ,3,5400,4
EI0145  ,ATLAS3_J003104.6-425633C,00:31:04.66,-42:56:33.0,7.769405,-42.942492,0.86,1.33,0.045,1.05,1.451,0.304,0.049,0.755,0.058,0.755,0.058,0.312,0.051,0.774,0.06,0.774,0.06,11.7,1.8,E,-999.0,-999.0,ELAIS-S1,EI0145*SWIRE3_J003104.73-425634.1*m1*C0  ,-----------------------------------------------------,1,1,1,EI0145  ,SWIRE3_J003104.73-425634.1,286558,SWIRE3_J003104.73-425634.1,7.76971,-42.94283,0.00745,0.00842,24,529.28,3.16,2019.2,5.65,0.03,EK2,2,344.88,2.45,1297.84,5.62,0.03,EK2,2,312.07,7.65,1319.38,22.74,0.0,EK0,2,1051.77,7.62,6785.37,25.01,0.01,EK0,2,2839.94,30.22,3946.21,61.29,0.0,CA0,2,-999.0,-999.0,-999.0,-999.0,-999.0,-999.0,-999.0,-999.0,-999.0,-999.0,-999.0,-999.0,-999.0,-999.0,-999.0,-999.0,-999.0,-999.0,-999.0,-999.0,SVA1_COADD-2971037015,7.769606,-42.942875,19.316814,18.399342,18.021755,17.781216,0.0014,0.0006,0.0006,0.0005,2971037015,2971037015,g0031047-425634               ,7.76975,-42.94286111111111,0.071151,-9.999,4.0,6dF                 ,-                             ,-9,-9,4
EI0148  ,ATLAS3_J003104.7-432215C,00:31:04.79,-43:22:15.9,7.769964,-43.371086,0.64,1.0,0.021,1.04,1.472,0.191,0.024,0.191,0.024,0.191,0.024,0.198,0.025,0.198,0.025,0.198,0.025,-999.0,-999.0,P,0.068,1.247,ELAIS-S1,EI0148*SWIRE3_J003104.86-432216.4*m1*C0  ,-----------------------------------------------------,1,1,1,EI0148  ,SWIRE3_J003104.86-432216.4,262895,SWIRE3_J003104.86-432216.4,7.77027,-43.37124,0.0112,0.0109,23,117.25,1.5,162.51,1.92,0.05,CA2,2,122.82,1.52,125.12,1.64,0.13,CA2,0,143.31,4.59,141.52,5.65,0.15,CA0,0,210.28,4.82,222.53,6.98,0.55,CA0,0,1172.62,31.18,834.04,32.16,0.79,CA0,0,-999.0,-999.0,-999.0,-999.0,-999.0,-999.0,-999.0,-999.0,-999.0,-999.0,-999.0,-999.0,-999.0,-999.0,-999.0,-999.0,-999.0,-999.0,-999.0,-999.0,SVA1_COADD-2970960988,7.770062,-43.371317,24.30017,23.393816,22.409904,21.748299,0.0647,0.0259,0.0176,0.0131,2970960988,2970960988,SVA1_COADD-2970960988         ,7.77004166666667,-43.3713055555556,1.06221,-9.999,3.0,DES_AAOmega         ,                              ,8,19200,2
EI0153  ,ATLAS3_J003105.6-431437C,00:31:05.67,-43:14:37.1,7.773616,-43.243635,0.87,1.35,0.021,1.04,1.473,0.142,0.023,0.142,0.023,0.142,0.023,0.147,0.024,0.147,0.024,0.147,0.024,-999.0,-999.0,P,-999.0,-999.0,ELAIS-S1,EI0153*SWIRE3_J003105.66-431434.8*m1*C0  ,-----------------------------------------------------,1,1,1,EI0153  ,SWIRE3_J003105.66-431434.8,260124,SWIRE3_J003105.66-431434.8,7.7736,-43.24302,0.01,0.0063,23,237.27,1.56,329.13,1.67,0.03,CA0,2,189.96,1.81,246.53,2.08,0.03,CA0,2,150.98,4.38,187.91,6.69,0.09,CA0,0,588.39,5.78,723.71,8.63,0.04,CA0,2,844.63,32.58,518.92,29.74,0.45,CA0,0,-999.0,-999.0,-999.0,-999.0,-999.0,-999.0,-999.0,-999.0,-999.0,-999.0,-999.0,-999.0,-999.0,-999.0,-999.0,-999.0,-999.0,-999.0,-999.0,-999.0,SVA1_COADD-2970974294,7.773537,-43.243056,20.977575,19.858404,19.366976,19.039984,0.0037,0.0014,0.0013,0.0012,2970974294,2970974294,SVA1_COADD-2970974294         ,7.77354166666667,-43.2430555555556,0.14865,-9.999,4.0,DES_AAOmega         ,//                            ,3,7200,4
EI0155  ,ATLAS3_J003105.9-432943C,00:31:05.93,-43:29:43.5,7.774713,-43.495419,0.34,0.53,0.022,1.03,1.47,0.408,0.031,0.678,0.04,0.678,0.04,0.422,0.032,0.701,0.042,0.701,0.042,7.8,0.9,E,-1.035,1.046,ELAIS-S1,EI0155*SWIRE3_J003104.52-432936.6*m1*C0  ,-----------------------------------------------------,4,1,1,EI0155  ,SWIRE3_J003104.52-432936.6,366346,SWIRE3_J003104.52-432936.6,7.76887,-43.49352,0.0108,0.0111,33,70.8,1.22,65.33,1.18,0.95,CA0,0,55.43,1.39,52.2,1.51,0.79,CA0,0,59.44,5.6,48.96,5.23,0.46,CA0,0,166.61,5.94,120.7,6.46,0.71,CA0,0,1597.86,31.46,1243.17,38.36,0.77,CA0,0,-999.0,-999.0,-999.0,-999.0,-999.0,-999.0,-999.0,-999.0,-999.0,-999.0,-999.0,-999.0,-999.0,-999.0,-999.0,-999.0,-999.0,-999.0,-999.0,-999.0,SVA1_COADD-2970947339,7.768681,-43.493502,23.83398,22.466124,21.670732,21.30994,0.0446,0.0155,0.0118,0.0112,2970947339,2970947339,S842                          ,7.768875000000001,-43.493519444444445,0.7254,-9.999,-2.0,ATLAS               ,-                             ,-9,-9,2
EI0159  ,ATLAS3_J003107.3-434035C,00:31:07.36,-43:40:35.9,7.780674,-43.676639,0.82,1.27,0.033,1.05,1.452,0.238,0.037,0.238,0.037,0.238,0.037,0.244,0.038,0.244,0.038,0.244,0.038,-999.0,-999.0,P,-999.0,-999.0,ELAIS-S1,EI0159*SWIRE3_J003107.43-434037.5*m1*C0  ,-----------------------------------------------------,1,1,1,EI0159  ,SWIRE3_J003107.43-434037.5,370040,SWIRE3_J003107.43-434037.5,7.78098,-43.67709,0.00832,0.00626,33,199.44,1.89,224.3,1.88,0.04,CA0,2,191.26,2.2,211.53,2.37,0.04,CA0,0,166.32,6.37,152.4,7.3,0.15,CA0,0,938.71,8.12,986.33,9.9,0.41,CA0,1,1303.67,25.55,1031.84,30.91,0.85,CA0,0,-999.0,-999.0,-999.0,-999.0,-999.0,-999.0,-999.0,-999.0,-999.0,-999.0,-999.0,-999.0,-999.0,-999.0,-999.0,-999.0,-999.0,-999.0,-999.0,-999.0,SVA1_COADD-2970928735,7.780871,-43.677131,21.199774,20.222433,19.72222,19.469748,0.0044,0.0018,0.0017,0.0016,2970928735,2970928735,SWIRE4 J003107.43-434037.5    ,7.780958333333331,-43.67708333333333,0.2176,-9.999,-2.0,ATLAS               ,5                             ,-9,-9,2
EI0188  ,ATLAS3_J003114.6-434849C,00:31:14.69,-43:48:49.9,7.811213,-43.813874,0.97,1.49,0.023,1.05,1.455,0.141,0.026,0.141,0.026,0.141,0.026,0.145,0.026,0.145,0.026,0.145,0.026,-999.0,-999.0,P,-999.0,-999.0,ELAIS-S1,EI0188*SWIRE3_J003114.66-434850.1*m1*C0  ,-----------------------------------------------------,1,1,1,EI0188  ,SWIRE3_J003114.66-434850.1,372279,SWIRE3_J003114.66-434850.1,7.81109,-43.81393,0.0139,0.0117,33,92.67,1.16,105.69,1.3,0.31,CA0,1,104.94,1.46,119.57,1.87,0.42,CA0,0,74.12,5.28,60.37,6.39,0.05,CA0,0,75.9,4.73,69.84,5.69,0.38,CA0,0,-999.0,-999.0,-999.0,-999.0,-999.0,---,-999,-999.0,-999.0,-999.0,-999.0,-999.0,-999.0,-999.0,-999.0,-999.0,-999.0,-999.0,-999.0,-999.0,-999.0,-999.0,-999.0,-999.0,-999.0,-999.0,-999.0,SVA1_COADD-2970912536,7.811039,-43.813978,24.982853,23.943838,23.12082,22.458033,0.1143,0.047,0.0325,0.024,2970912536,2970912536,SVA1_COADD-2970912536         ,7.81104166666667,-43.8139722222222,0.05146,-9.999,3.0,DES_AAOmega         ,                              ,13,31200,2
EI0190  ,ATLAS3_J003115.9-431057C,00:31:15.92,-43:10:57.9,7.816348,-43.182739,0.82,1.27,0.022,1.04,1.479,0.152,0.024,0.152,0.024,0.152,0.024,0.158,0.025,0.158,0.025,0.158,0.025,-999.0,-999.0,P,-999.0,-999.0,ELAIS-S1,EI0190*SWIRE3_J003115.89-431056.3*m1*C0  ,-----------------------------------------------------,1,1,1,EI0190  ,SWIRE3_J003115.89-431056.3,257572,SWIRE3_J003115.89-431056.3,7.81621,-43.18232,0.0086,0.00853,23,130.4,1.62,124.48,1.5,0.98,CA0,0,96.0,1.36,87.85,1.3,0.93,CA0,0,95.76,5.8,84.16,6.34,0.57,CA0,0,420.04,5.35,409.73,7.09,0.61,CA0,0,959.3,30.78,852.37,36.64,0.52,CA0,0,-999.0,-999.0,-999.0,-999.0,-999.0,-999.0,-999.0,-999.0,-999.0,-999.0,-999.0,-999.0,-999.0,-999.0,-999.0,-999.0,-999.0,-999.0,-999.0,-999.0,SVA1_COADD-2970979818,7.816123,-43.182354,20.833225,19.803383,19.351295,19.086246,0.0066,0.0018,0.0019,0.0016,2970979818,2970979818,SVA1_COADD-2970979818         ,7.816125,-43.1823611111111,0.11232,-9.999,3.0,DES_AAOmega         ,//                            ,2,4800,2
EI0197  ,ATLAS3_J003120.1-425650C,00:31:20.12,-42:56:50.5,7.833851,-42.947355,0.78,1.2,0.038,1.05,1.46,0.287,0.042,0.287,0.042,0.287,0.042,0.296,0.044,0.296,0.044,0.296,0.044,-999.0,-999.0,P,-999.0,-999.0,ELAIS-S1,EI0197*SWIRE3_J003120.13-425652.0*m1*C0  ,-----------------------------------------------------,1,1,1,EI0197  ,SWIRE3_J003120.13-425652.0,285116,SWIRE3_J003120.13-425652.0,7.8339,-42.94779,0.00986,0.00511,24,254.12,2.21,368.42,2.42,0.03,CA2,2,253.34,2.47,346.97,2.88,0.03,CA2,2,196.56,6.63,235.49,10.22,0.0,CA0,0,1161.0,8.58,1660.06,13.33,0.03,CA3,2,2140.58,27.33,2344.18,40.96,0.01,CA0,2,-999.0,-999.0,-999.0,-999.0,-999.0,-999.0,-999.0,-999.0,-999.0,-999.0,-999.0,-999.0,-999.0,-999.0,-999.0,-999.0,-999.0,-999.0,-999.0,-999.0,SVA1_COADD-2971032895,7.833775,-42.947876,21.676142,20.626879,20.05423,19.75683,0.0066,0.0024,0.0023,0.0022,2971032895,2971032895,SVA1_COADD-2971032895         ,7.83379166666667,-42.9478888888889,0.22246,-9.999,4.0,DES_AAOmega         ,//                            ,2,4800,4
EI0204  ,ATLAS3_J003121.9-430449C,00:31:21.92,-43:04:49.5,7.841326,-43.080414,0.22,0.35,0.025,1.04,1.48,0.899,0.053,0.899,0.053,0.899,0.053,0.934,0.055,0.934,0.055,0.934,0.055,-999.0,-999.0,P,-0.63,0.354,ELAIS-S1,EI0204*SWIRE3_J003121.93-430449.1*m1*C0  ,-----------------------------------------------------,1,1,1,EI0204  ,SWIRE3_J003121.93-430449.1,254720,SWIRE3_J003121.93-430449.1,7.84141,-43.08031,0.0115,0.0103,23,211.22,2.08,403.49,2.82,0.03,EK3,2,130.44,1.58,259.41,2.77,0.03,CA3,2,99.53,5.81,140.5,8.71,0.09,CA0,0,90.61,4.52,104.43,6.64,0.49,CA0,0,-999.0,-999.0,-999.0,-999.0,-999.0,---,-999,-999.0,-999.0,-999.0,-999.0,-999.0,-999.0,-999.0,-999.0,-999.0,-999.0,-999.0,-999.0,-999.0,-999.0,-999.0,-999.0,-999.0,-999.0,-999.0,-999.0,SVA1_COADD-2971004212,7.841421,-43.080324,26.247341,25.104382,24.454203,23.783915,0.3762,0.1216,0.1127,0.0842,2971004212,2971004212,S1164                         ,7.841375000000001,-43.08031111111112,0.6562,-9.999,-2.0,ATLAS               ,-                             ,-9,-9,2
EI0209  ,ATLAS3_J003123.7-433254C,00:31:23.78,-43:32:54.9,7.849064,-43.548581,0.41,0.64,0.023,1.04,1.466,0.344,0.03,0.344,0.03,0.344,0.03,0.355,0.031,0.355,0.031,0.355,0.031,-999.0,-999.0,P,-1.093,1.048,ELAIS-S1,EI0209*SWIRE3_J003123.75-433256.2*m1*C0  ,-----------------------------------------------------,1,1,1,EI0209  ,SWIRE3_J003123.75-433256.2,365332,SWIRE3_J003123.75-433256.2,7.84896,-43.54896,0.00814,0.0081,33,126.57,1.57,115.0,1.4,0.98,CA0,0,134.63,1.81,121.8,1.76,0.98,CA0,0,130.56,5.53,112.85,5.93,0.41,CA0,0,515.32,6.21,580.97,10.06,0.63,CA0,1,2445.81,26.89,2237.06,39.5,0.49,CA3,0,-999.0,-999.0,-999.0,-999.0,-999.0,-999.0,-999.0,-999.0,-999.0,-999.0,-999.0,-999.0,-999.0,-999.0,-999.0,-999.0,-999.0,-999.0,-999.0,-999.0,SVA1_COADD-2970942069,7.848839,-43.548974,23.20514,21.648045,20.970467,20.404688,0.0229,0.0053,0.0048,0.0038,2970942069,2970942069,S791                          ,7.848916666666668,-43.54896111111111,0.3929,-9.999,-2.0,ATLAS               ,-                             ,-9,-9,2
EI0211  ,ATLAS3_J003123.9-430940C,00:31:23.90,-43:09:40.9,7.849601,-43.16135,0.44,0.68,0.021,1.03,1.483,0.293,0.027,0.293,0.027,0.293,0.027,0.305,0.028,0.305,0.028,0.305,0.028,-999.0,-999.0,P,-1.393,0.868,ELAIS-S1,EI0211*SWIRE3_J003123.88-430940.5*m1*C0  ,-----------------------------------------------------,1,1,1,EI0211  ,SWIRE3_J003123.88-430940.5,256207,SWIRE3_J003123.88-430940.5,7.84951,-43.16127,0.00742,0.00724,23,192.89,1.93,201.04,1.86,0.81,CA0,-1,181.5,1.92,184.98,1.94,0.38,CA0,0,186.9,6.34,150.96,6.76,0.28,CA0,0,904.82,6.13,914.42,8.06,0.76,CA0,1,1497.59,32.54,930.32,29.72,0.87,CA0,0,-999.0,-999.0,-999.0,-999.0,-999.0,-999.0,-999.0,-999.0,-999.0,-999.0,-999.0,-999.0,-999.0,-999.0,-999.0,-999.0,-999.0,-999.0,-999.0,-999.0,SVA1_COADD-2970987985,7.849476,-43.161306,21.773024,20.642307,20.0585,19.758862,0.0073,0.0029,0.0025,0.0023,2970987985,2970987985,SWIRE4 J003123.87-430940.5    ,7.849458333333333,-43.16125,0.2191,-9.999,-2.0,ATLAS               ,5                             ,-9,-9,2
EI0240C2,ATLAS3_J003133.4-434845C,00:31:33.43,-43:48:45.3,7.889304,-43.812576,0.34,0.52,0.023,1.05,1.455,0.522,0.046,0.869,0.079,0.869,0.079,0.536,0.047,0.893,0.081,0.893,0.081,7.9,1.2,E,-0.205,0.769,ELAIS-S1,EI0240C2*SWIRE3_J003133.33-434845.3*m1*C0,-----------------------------------------------------,4,1,1,EI0240C2,SWIRE3_J003133.33-434845.3,369993,SWIRE3_J003133.33-434845.3,7.88891,-43.8126,0.0108,0.0111,33,105.69,1.21,113.1,1.31,0.81,CA3,-1,106.56,1.74,104.11,1.92,0.62,CA0,0,99.76,4.18,89.67,5.8,0.09,CA0,0,140.59,5.8,144.12,7.81,0.57,CA0,0,569.5,30.44,338.82,25.88,0.5,CA0,0,-999.0,-999.0,-999.0,-999.0,-999.0,-999.0,-999.0,-999.0,-999.0,-999.0,-999.0,-999.0,-999.0,-999.0,-999.0,-999.0,-999.0,-999.0,-999.0,-999.0,SVA1_COADD-2970912847,7.888824,-43.812633,21.545547,21.010082,21.00336,20.848234,0.0063,0.004,0.0056,0.0063,2970912847,2970912847,DES13E1crd                    ,7.88879166666667,-43.8126666666667,1.05522,-9.999,3.0,DES_AAOmega         ,                              ,9,21600,2
EI0247  ,ATLAS3_J003133.6-431514C,00:31:33.65,-43:15:14.3,7.890193,-43.253973,1.14,1.76,0.018,1.04,1.481,0.091,0.019,0.23,0.021,0.23,0.021,0.095,0.02,0.24,0.022,0.24,0.022,11.9,2.3,E,-999.0,-999.0,ELAIS-S1,EI0247*SWIRE3_J003133.80-431515.0*m1*C0  ,-----------------------------------------------------,4,1,1,EI0247  ,SWIRE3_J003133.80-431515.0,257052,SWIRE3_J003133.80-431515.0,7.89085,-43.25418,0.0138,0.0109,23,75.07,1.08,113.37,1.42,0.03,CA3,2,61.22,1.43,85.44,2.18,0.03,CA3,0,55.59,4.35,59.33,5.27,0.02,CA0,0,327.5,6.31,422.76,11.61,0.09,CA0,0,601.03,31.39,1049.05,42.83,0.02,CA3,0,-999.0,-999.0,-999.0,-999.0,-999.0,-999.0,-999.0,-999.0,-999.0,-999.0,-999.0,-999.0,-999.0,-999.0,-999.0,-999.0,-999.0,-999.0,-999.0,-999.0,SVA1_COADD-2970972406,7.890936,-43.254159,21.562843,20.757444,20.333395,20.166668,0.0057,0.003,0.0029,0.0034,2970972406,2970972406,SVA1_COADD-2970972406         ,7.89091666666667,-43.2541666666667,0.20655,-9.999,4.0,DES_AAOmega         ,CLi 8 0.20655 4 {} | AKi 8 0.2,4,7200,4
EI0261  ,ATLAS3_J003136.2-430138C,00:31:36.29,-43:01:38.5,7.901214,-43.027363,0.59,0.92,0.027,1.03,1.479,0.267,0.031,0.267,0.031,0.267,0.031,0.277,0.032,0.277,0.032,0.277,0.032,-999.0,-999.0,P,0.412,1.131,ELAIS-S1,EI0261*SWIRE3_J003136.34-430140.4*m1*C0  ,-----------------------------------------------------,1,1,1,EI0261  ,SWIRE3_J003136.34-430140.4,251602,SWIRE3_J003136.34-430140.4,7.90145,-43.02791,0.00623,0.00706,23,304.89,2.25,509.03,2.63,0.03,EK0,2,238.74,2.06,377.6,2.64,0.03,CA0,2,235.61,6.31,334.54,9.35,0.0,CA0,0,1735.72,8.46,2489.85,12.11,0.03,EK0,2,2861.93,32.78,2646.29,45.59,0.33,CA0,0,-999.0,-999.0,-999.0,-999.0,-999.0,-999.0,-999.0,-999.0,-999.0,-999.0,-999.0,-999.0,-999.0,-999.0,-999.0,-999.0,-999.0,-999.0,-999.0,-999.0,SVA1_COADD-2971016419,7.901268,-43.027859,20.032108,19.360264,18.990719,18.827303,0.0021,0.001,0.0011,0.001,2971016419,2971016419,S1196*                        ,7.901416666666667,-43.02785,0.1492,-9.999,-2.0,ATLAS               ,-                             ,-9,-9,2
EI0272  ,ATLAS3_J003138.7-425857C,00:31:38.79,-42:58:57.1,7.911605,-42.982525,1.02,1.57,0.03,1.04,1.473,0.172,0.033,0.172,0.033,0.172,0.033,0.178,0.034,0.178,0.034,0.178,0.034,-999.0,-999.0,P,-999.0,-999.0,ELAIS-S1,EI0272*SWIRE3_J003138.89-425858.6*m1*C0  ,-----------------------------------------------------,1,1,1,EI0272  ,SWIRE3_J003138.89-425858.6,283925,SWIRE3_J003138.89-425858.6,7.91208,-42.98297,0.0109,0.0114,24,103.63,1.14,104.03,1.2,0.72,CA1,0,77.39,1.37,76.89,1.61,0.7,CA0,0,69.58,5.2,66.89,5.61,0.51,CA0,0,41.78,4.92,20.76,3.51,0.38,CA0,0,922.84,27.2,906.75,36.14,0.31,CA0,0,-999.0,-999.0,-999.0,-999.0,-999.0,-999.0,-999.0,-999.0,-999.0,-999.0,-999.0,-999.0,-999.0,-999.0,-999.0,-999.0,-999.0,-999.0,-999.0,-999.0,SVA1_COADD-2971023224,7.911966,-42.983018,24.608175,23.226978,22.06118,21.589014,0.0816,0.0212,0.0125,0.0112,2971023224,2971023224,SVA1_COADD-2971023224         ,7.91195833333333,-42.9830277777778,0.88242,-9.999,4.0,DES_AAOmega         ,rgs 9 0.88242 3 {} | CLi 9 0.8,13,29400,4
EI0275  ,ATLAS3_J003140.1-433851C,00:31:40.15,-43:38:51.5,7.917289,-43.647651,1.02,1.58,0.029,1.05,1.457,0.167,0.032,0.167,0.032,0.167,0.032,0.172,0.033,0.172,0.033,0.172,0.033,-999.0,-999.0,P,-999.0,-999.0,ELAIS-S1,EI0275*SWIRE3_J003140.14-433851.7*m1*C0  ,-----------------------------------------------------,1,1,1,EI0275  ,SWIRE3_J003140.14-433851.7,365577,SWIRE3_J003140.14-433851.7,7.91729,-43.64772,0.00943,0.0103,33,114.55,1.54,115.28,1.46,0.51,CA0,0,97.92,1.7,95.78,1.81,0.16,CA0,0,97.99,5.84,87.91,6.33,0.04,CA0,0,148.35,5.92,156.88,8.81,0.66,CA0,0,-999.0,-999.0,-999.0,-999.0,-999.0,---,-999,-999.0,-999.0,-999.0,-999.0,-999.0,-999.0,-999.0,-999.0,-999.0,-999.0,-999.0,-999.0,-999.0,-999.0,-999.0,-999.0,-999.0,-999.0,-999.0,-999.0,SVA1_COADD-2970931226,7.91719,-43.647752,23.61385,22.05983,21.414038,20.989435,0.0329,0.0076,0.0071,0.0065,2970931226,2970931226,SVA1_COADD-2970931226         ,7.91720833333333,-43.64775,0.44906,-9.999,3.0,DES_AAOmega         ,                              ,18,43200,2
EI0276  ,ATLAS3_J003140.4-433321C,00:31:40.42,-43:33:21.0,7.918419,-43.555823,0.49,0.76,0.021,1.04,1.465,0.257,0.025,0.257,0.025,0.257,0.025,0.265,0.026,0.265,0.026,0.265,0.026,-999.0,-999.0,P,-1.889,1.638,ELAIS-S1,EI0276*SWIRE3_J003140.42-433320.8*m1*C0  ,-----------------------------------------------------,1,1,1,EI0276  ,SWIRE3_J003140.42-433320.8,262770,SWIRE3_J003140.42-433320.8,7.91845,-43.55578,0.0106,0.0101,23,54.01,0.96,48.46,0.92,0.98,CA0,0,85.01,1.36,78.05,1.44,0.97,CA0,0,154.81,5.17,167.39,7.2,0.35,CA0,0,239.99,5.1,208.14,6.34,0.77,CA0,0,583.94,25.04,312.4,18.05,0.56,CA0,0,-999.0,-999.0,-999.0,-999.0,-999.0,-999.0,-999.0,-999.0,-999.0,-999.0,-999.0,-999.0,-999.0,-999.0,-999.0,-999.0,-999.0,-999.0,-999.0,-999.0,SVA1_COADD-2970941141,7.918359,-43.555789,22.019733,21.742931,21.185242,21.18752,0.0083,0.0057,0.0057,0.0077,2970941141,2970941141,SVA1_COADD-2970941141         ,7.918375,-43.5557777777778,1.97828,-9.999,4.0,DES_AAOmega         ,                              ,9,21600,4
EI0278  ,ATLAS3_J003140.5-434710C,00:31:40.55,-43:47:10.5,7.918949,-43.786254,0.63,0.97,0.026,1.05,1.453,0.243,0.03,0.243,0.03,0.243,0.03,0.25,0.03,0.25,0.03,0.25,0.03,-999.0,-999.0,P,-999.0,-999.0,ELAIS-S1,EI0278*SWIRE3_J003140.55-434710.5*m1*C0  ,-----------------------------------------------------,1,1,1,EI0278  ,SWIRE3_J003140.55-434710.5,368554,SWIRE3_J003140.55-434710.5,7.91899,-43.78627,0.0106,0.0112,33,186.77,1.72,247.74,1.97,0.09,CA0,2,131.05,1.54,167.33,2.06,0.04,CA0,2,109.97,5.08,130.74,7.38,0.0,CA0,0,81.44,4.64,79.21,5.87,0.17,CA0,0,-999.0,-999.0,-999.0,-999.0,-999.0,---,-999,-999.0,-999.0,-999.0,-999.0,-999.0,-999.0,-999.0,-999.0,-999.0,-999.0,-999.0,-999.0,-999.0,-999.0,-999.0,-999.0,-999.0,-999.0,-999.0,-999.0,SVA1_COADD-2970915986,7.918906,-43.786311,22.804237,20.936815,20.129808,19.743225,0.0177,0.0032,0.0025,0.0022,2970915986,2970915986,SVA1_COADD-2970915986         ,7.91891666666667,-43.7863055555556,0.53974,-9.999,4.0,DES_AAOmega         ,                              ,3,7200,4
EI0281  ,ATLAS3_J003141.3-434045C,00:31:41.32,-43:40:45.2,7.922164,-43.679218,0.94,1.45,0.034,1.04,1.454,0.209,0.037,0.209,0.037,0.209,0.037,0.215,0.038,0.215,0.038,0.215,0.038,-999.0,-999.0,P,-999.0,-999.0,ELAIS-S1,EI0281*SWIRE3_J003141.33-434045.5*m1*C0  ,-----------------------------------------------------,1,1,1,EI0281  ,SWIRE3_J003141.33-434045.5,366114,SWIRE3_J003141.33-434045.5,7.92221,-43.67931,0.00814,0.00896,33,163.41,1.81,203.93,2.11,0.8,CA3,1,216.2,1.87,242.87,2.21,0.89,CA3,-1,292.24,7.32,250.43,6.98,0.31,CA0,0,1040.52,6.71,992.42,8.92,0.91,CA0,-1,2505.97,33.64,2065.55,42.99,0.92,CA0,0,-999.0,-999.0,-999.0,-999.0,-999.0,-999.0,-999.0,-999.0,-999.0,-999.0,-999.0,-999.0,-999.0,-999.0,-999.0,-999.0,-999.0,-999.0,-999.0,-999.0,SVA1_COADD-2970928519,7.922166,-43.679308,21.610786,20.545425,20.032026,19.752522,0.0065,0.0023,0.0023,0.0022,2970928519,2970928519,S685                          ,7.922208333333335,-43.67929166666666,0.1929,-9.999,-2.0,ATLAS               ,-                             ,-9,-9,2
EI0291  ,ATLAS3_J003143.0-431120C,00:31:43.07,-43:11:20.7,7.929454,-43.189076,1.06,1.63,0.019,1.03,1.486,0.101,0.02,0.101,0.02,0.101,0.02,0.105,0.021,0.105,0.021,0.105,0.021,-999.0,-999.0,P,-999.0,-999.0,ELAIS-S1,EI0291*SWIRE3_J003143.23-431123.6*m1*C0  ,-----------------------------------------------------,1,1,1,EI0291  ,SWIRE3_J003143.23-431123.6,254589,SWIRE3_J003143.23-431123.6,7.93016,-43.1899,0.0108,0.00972,23,124.68,1.29,123.83,1.23,0.92,CA0,0,81.08,1.28,78.71,1.45,0.75,CA0,0,51.18,4.33,46.98,4.45,0.29,CA0,0,77.69,4.48,127.89,7.41,0.52,CA0,0,-99.0,-99.0,-99.0,-99.0,-9.0,---,-99,-999.0,-999.0,-999.0,-999.0,-999.0,-999.0,-999.0,-999.0,-999.0,-999.0,-999.0,-999.0,-999.0,-999.0,-999.0,-999.0,-999.0,-999.0,-999.0,-999.0,SVA1_COADD-2970979386,7.930086,-43.189957,23.576315,22.189161,21.367094,20.922167,0.0308,0.0086,0.0068,0.0062,2970979386,2970979386,SVA1_COADD-2970979386         ,7.93008333333333,-43.1899444444444,0.66009,-9.999,4.0,DES_AAOmega         ,//                            ,6,12600,4
EI0292  ,ATLAS3_J003143.1-434514C,00:31:43.13,-43:45:14.0,7.929696,-43.753902,1.01,1.56,0.03,1.04,1.452,0.171,0.032,0.171,0.032,0.171,0.032,0.175,0.033,0.175,0.033,0.175,0.033,-999.0,-999.0,P,-999.0,-999.0,ELAIS-S1,EI0292*SWIRE3_J003143.24-434513.2*m1*C0  ,-----------------------------------------------------,1,1,1,EI0292  ,SWIRE3_J003143.24-434513.2,367516,SWIRE3_J003143.24-434513.2,7.93019,-43.75369,0.00803,0.00745,33,94.13,1.3,83.97,1.2,0.98,CA2,0,174.88,2.1,157.5,1.94,0.97,CA0,0,264.41,6.05,239.73,6.92,0.1,CA0,0,434.39,6.68,388.15,8.15,0.97,CA0,0,943.98,28.99,755.7,34.37,0.61,CA0,0,-999.0,-999.0,-999.0,-999.0,-999.0,-999.0,-999.0,-999.0,-999.0,-999.0,-999.0,-999.0,-999.0,-999.0,-999.0,-999.0,-999.0,-999.0,-999.0,-999.0,SVA1_COADD-2970919204,7.9301,-43.7537,22.681683,22.408007,21.835941,21.459684,0.0158,0.0109,0.0107,0.0101,2970919204,2970919204,SVA1_COADD-2970919204         ,7.93008333333333,-43.7536944444444,0.85453,-9.999,4.0,DES_AAOmega         ,acr 11 0.09088 1 {} | CLi 11 0,22,49200,4
EI0294  ,ATLAS3_J003144.0-430352C,00:31:44.01,-43:03:52.1,7.933378,-43.064481,0.87,1.34,0.023,1.03,1.485,0.15,0.025,0.15,0.025,0.15,0.025,0.156,0.026,0.156,0.026,0.156,0.026,-999.0,-999.0,P,-999.0,-999.0,ELAIS-S1,EI0294*SWIRE3_J003143.98-430353.0*m1*C0  ,-----------------------------------------------------,1,1,1,EI0294  ,SWIRE3_J003143.98-430353.0,251505,SWIRE3_J003143.98-430353.0,7.93327,-43.06474,0.0095,0.0108,23,118.58,1.19,145.25,1.35,0.04,CA0,2,130.8,1.33,149.1,1.56,0.07,CA0,0,76.13,4.25,84.0,5.74,0.26,CA0,0,558.24,4.93,590.48,6.43,0.18,CA0,1,1194.22,30.99,869.35,34.39,0.74,CA0,0,-999.0,-999.0,-999.0,-999.0,-999.0,-999.0,-999.0,-999.0,-999.0,-999.0,-999.0,-999.0,-999.0,-999.0,-999.0,-999.0,-999.0,-999.0,-999.0,-999.0,SVA1_COADD-2971007850,7.933199,-43.064791,21.462887,20.57104,20.106182,19.933414,0.0057,0.0023,0.0024,0.0026,2971007850,2971007850,SVA1_COADD-2971007850         ,7.93320833333333,-43.0647777777778,0.26006,-9.999,4.0,DES_AAOmega         ,//                            ,5,10200,4
EI0295  ,ATLAS3_J003144.1-432318C,00:31:44.18,-43:23:18.2,7.93407,-43.388399,1.11,1.71,0.018,1.04,1.474,0.091,0.019,0.091,0.019,0.091,0.019,0.095,0.019,0.095,0.019,0.095,0.019,-999.0,-999.0,P,-999.0,-999.0,ELAIS-S1,EI0295*SWIRE3_J003144.22-432318.2*m1*C0  ,-----------------------------------------------------,1,1,1,EI0295  ,SWIRE3_J003144.22-432318.2,258756,SWIRE3_J003144.22-432318.2,7.93427,-43.38839,0.0094,0.00983,23,91.69,1.58,89.94,1.48,0.72,CA3,0,92.53,1.65,90.93,1.83,0.2,CA3,0,60.38,4.83,75.85,7.27,0.03,CA0,0,489.69,6.74,503.1,9.13,0.82,CA0,0,932.07,30.51,1124.8,44.54,0.28,CA0,0,-999.0,-999.0,-999.0,-999.0,-999.0,-999.0,-999.0,-999.0,-999.0,-999.0,-999.0,-999.0,-999.0,-999.0,-999.0,-999.0,-999.0,-999.0,-999.0,-999.0,SVA1_COADD-2970958968,7.934167,-43.388377,21.924688,20.937817,20.416582,20.182798,0.0084,0.0031,0.0031,0.0033,2970958968,2970958968,SVA1_COADD-2970958968         ,7.93416666666667,-43.3883888888889,0.21706,-9.999,4.0,DES_AAOmega         ,CLi 8 0.21706 4 {} | AKi 8 0.2,4,7200,4
EI0298  ,ATLAS3_J003144.6-434834C,00:31:44.61,-43:48:34.7,7.935894,-43.809636,0.28,0.43,0.023,1.05,1.455,0.585,0.038,0.585,0.038,0.585,0.038,0.601,0.039,0.601,0.039,0.601,0.039,-999.0,-999.0,P,-1.43,0.578,ELAIS-S1,EI0298*SWIRE3_J003144.63-434834.1*m1*C0  ,-----------------------------------------------------,1,1,1,EI0298  ,SWIRE3_J003144.63-434834.1,368592,SWIRE3_J003144.63-434834.1,7.93598,-43.80948,0.004,0.004,33,576.42,2.94,536.18,2.51,0.98,CA2,-1,895.9,3.11,834.63,2.65,0.98,CA2,-1,1321.14,11.33,1189.64,9.8,0.73,CA0,1,2000.44,7.36,1955.28,8.76,0.88,CA0,-1,6107.74,26.92,5374.22,36.58,0.79,CA0,1,-999.0,-999.0,-999.0,-999.0,-999.0,-999.0,-999.0,-999.0,-999.0,-999.0,-999.0,-999.0,-999.0,-999.0,-999.0,-999.0,-999.0,-999.0,-999.0,-999.0,SVA1_COADD-2970913067,7.935898,-43.809517,23.328543,21.49981,20.445961,19.904701,0.0279,0.005,0.0032,0.0025,2970913067,2970913067,SVA1_COADD-2970913067         ,7.93591666666667,-43.8095277777778,1.23659,-9.999,3.0,DES_AAOmega         ,                              ,3,7200,2
EI0300  ,ATLAS3_J003144.7-433210C,00:31:44.71,-43:32:10.2,7.936289,-43.536163,0.56,0.87,0.019,1.04,1.466,0.207,0.023,0.207,0.023,0.207,0.023,0.214,0.024,0.214,0.024,0.214,0.024,-999.0,-999.0,P,-999.0,-999.0,ELAIS-S1,EI0300*SWIRE3_J003144.75-433210.4*m1*C0  ,-----------------------------------------------------,1,1,1,EI0300  ,SWIRE3_J003144.75-433210.4,261832,SWIRE3_J003144.75-433210.4,7.93648,-43.53624,0.00878,0.00788,23,141.01,1.42,144.63,1.37,0.27,CA0,1,157.17,1.67,155.07,1.7,0.33,CA0,0,125.73,5.56,117.59,6.85,0.1,CA0,0,543.33,5.74,541.81,7.39,0.73,CA0,0,1067.18,26.1,1091.02,36.07,0.68,CA0,0,-999.0,-999.0,-999.0,-999.0,-999.0,-999.0,-999.0,-999.0,-999.0,-999.0,-999.0,-999.0,-999.0,-999.0,-999.0,-999.0,-999.0,-999.0,-999.0,-999.0,SVA1_COADD-2970943644,7.936404,-43.536259,23.100002,21.713278,21.032871,20.543463,0.0212,0.0057,0.0051,0.0043,2970943644,2970943644,S806*                         ,7.936458333333335,-43.53625,0.3279,-9.999,-2.0,ATLAS               ,-                             ,-9,-9,2
EI0310  ,ATLAS3_J003147.9-425510C,00:31:47.98,-42:55:10.7,7.949927,-42.919644,0.65,1.01,0.037,1.04,1.46,0.331,0.042,0.331,0.042,0.331,0.042,0.341,0.043,0.341,0.043,0.341,0.043,-999.0,-999.0,P,-999.0,-999.0,ELAIS-S1,EI0310*SWIRE3_J003147.94-425510.8*m1*C0  ,-----------------------------------------------------,1,1,1,EI0310  ,SWIRE3_J003147.94-425510.8,281813,SWIRE3_J003147.94-425510.8,7.94975,-42.91967,0.0123,0.0099,24,167.76,1.25,199.59,1.35,0.13,CA0,1,137.69,1.52,154.12,1.69,0.1,CA0,0,88.19,4.34,84.91,5.49,0.0,CA0,0,76.26,4.35,96.67,6.9,0.18,CA0,0,-999.0,-999.0,-999.0,-999.0,-999.0,---,-999,-999.0,-999.0,-999.0,-999.0,-999.0,-999.0,-999.0,-999.0,-999.0,-999.0,-999.0,-999.0,-999.0,-999.0,-999.0,-999.0,-999.0,-999.0,-999.0,-999.0,SVA1_COADD-2971212636,7.949727,-42.919656,22.806858,21.032768,20.302841,19.893524,0.0162,0.0031,0.0026,0.0024,2971212636,2971212636,S1248                         ,7.949833333333334,-42.91975,0.3693,-9.999,-2.0,ATLAS               ,-                             ,-9,-9,2
EI0323  ,ATLAS3_J003150.9-434204C,00:31:50.95,-43:42:04.8,7.962285,-43.701341,0.31,0.48,0.029,1.04,1.454,0.607,0.043,0.798,0.049,0.798,0.049,0.624,0.044,0.819,0.05,0.819,0.05,5.4,1.1,E,-0.196,1.125,ELAIS-S1,EI0323*SWIRE3_J003151.14-434203.4*m1*C0  ,-----------------------------------------------------,1,1,1,EI0323  ,SWIRE3_J003151.14-434203.4,365463,SWIRE3_J003151.14-434203.4,7.96312,-43.70096,0.0125,0.0134,33,71.78,1.02,70.8,1.05,0.62,CA0,0,68.37,1.22,70.94,1.51,0.45,CA0,0,43.64,4.35,33.79,3.89,0.45,CA0,0,60.69,4.61,52.76,4.78,0.4,CA0,0,-99.0,-99.0,-99.0,-99.0,-9.0,---,-99,24.519,0.052,23.027,0.037,21.876,0.013,24.088,22.77,21.516,0.48,0.59,0.64,-999.0,-999.0,-999.0,-999.0,-999.0,-999.0,-999.0,-999.0,SVA1_COADD-2970925362,7.963272,-43.700955,23.803226,22.100952,21.389486,21.05098,0.0418,0.0082,0.0071,0.0069,2970925362,2970925362,SVA1_COADD-2970925362         ,7.96329166666667,-43.7009444444444,0.54622,-9.999,4.0,DES_AAOmega         ,CLi 6 0.54622 4 {} | rgs 6 0.5,10,24000,4
EI0325  ,ATLAS3_J003151.5-433041C,00:31:51.57,-43:30:41.4,7.96489,-43.511512,0.95,1.46,0.019,1.05,1.468,0.116,0.021,0.116,0.021,0.116,0.021,0.12,0.021,0.12,0.021,0.12,0.021,-999.0,-999.0,P,-999.0,-999.0,ELAIS-S1,EI0325*SWIRE3_J003151.56-433040.3*m1*C0  ,-----------------------------------------------------,1,1,1,EI0325  ,SWIRE3_J003151.56-433040.3,260591,SWIRE3_J003151.56-433040.3,7.96485,-43.51121,0.00788,0.00936,23,179.45,1.91,214.55,1.92,0.08,CA0,2,157.09,2.05,182.36,2.22,0.05,CA0,0,108.97,4.77,121.19,6.2,0.02,CA0,0,355.65,6.37,381.65,9.36,0.15,CA0,0,-99.0,-99.0,-99.0,-99.0,-9.0,---,-99,22.726,0.011,21.27,0.008,20.454,0.004,21.346,20.073,19.291,0.0,0.01,0.03,-999.0,-999.0,-999.0,-999.0,-999.0,-999.0,-999.0,-999.0,SVA1_COADD-2970946309,7.964703,-43.511254,22.225754,20.84388,20.265463,19.89009,0.0234,0.0039,0.004,0.0034,2970946309,2970946309,SVA1_COADD-2970946309         ,7.96470833333333,-43.51125,0.22843,-9.999,4.0,DES_AAOmega         ,//                            ,6,14400,4
EI0327  ,ATLAS3_J003152.2-433424C,00:31:52.24,-43:34:24.7,7.967681,-43.573522,1.1,1.7,0.021,1.05,1.464,0.109,0.022,0.109,0.022,0.109,0.022,0.113,0.023,0.113,0.023,0.113,0.023,-999.0,-999.0,P,-999.0,-999.0,ELAIS-S1,EI0327*SWIRE3_J003152.24-433425.4*m1*C0  ,-----------------------------------------------------,1,1,1,EI0327  ,SWIRE3_J003152.24-433425.4,261791,SWIRE3_J003152.24-433425.4,7.96769,-43.57373,0.00954,0.0105,23,144.41,1.74,178.92,1.8,0.06,CA0,2,126.46,1.69,155.65,1.96,0.05,CA0,0,83.9,5.82,99.26,8.21,0.0,CA0,0,90.83,5.26,101.69,6.81,0.17,CA0,0,-99.0,-99.0,-99.0,-99.0,-9.0,---,-99,22.168,0.007,20.78,0.005,19.923,0.003,21.304,20.02,19.125,0.03,0.03,0.03,-999.0,-999.0,-999.0,-999.0,-999.0,-999.0,-999.0,-999.0,SVA1_COADD-2970939635,7.967602,-43.573704,21.597473,20.22111,19.72075,19.414793,0.006,0.0017,0.0017,0.0016,2970939635,2970939635,SVA1_COADD-2970939635         ,7.96758333333333,-43.5736944444444,0.32866,-9.999,4.0,DES_AAOmega         ,CLi 9 0.32866 4 {} | AKi 9 0.3,4,7200,4
EI0330  ,ATLAS3_J003152.6-430243C,00:31:52.61,-43:02:43.5,7.969198,-43.045428,0.18,0.28,0.023,1.03,1.483,1.525,0.081,1.525,0.081,1.525,0.081,1.587,0.085,1.587,0.085,1.587,0.085,-999.0,-999.0,P,-0.655,0.208,ELAIS-S1,EI0330*SWIRE3_J003152.59-430244.3*m1*C0  ,-----------------------------------------------------,1,1,1,EI0330  ,SWIRE3_J003152.59-430244.3,249998,SWIRE3_J003152.59-430244.3,7.96913,-43.04564,0.00792,0.00767,23,61.9,0.94,56.43,0.93,0.98,CA2,0,171.91,1.51,159.03,1.42,0.98,CA0,0,418.3,6.17,385.72,6.36,0.86,CA0,0,1008.46,5.74,1029.79,8.06,0.88,CA0,-1,1926.09,27.55,1801.25,38.55,0.89,CA0,0,23.286,0.016,22.992,0.024,22.709,0.021,23.084,22.92,22.643,0.96,0.91,0.94,-999.0,-999.0,-999.0,-999.0,-999.0,-999.0,-999.0,-999.0,SVA1_COADD-2971198990,7.969054,-43.045655,23.298649,23.05892,22.513365,22.0567,0.0248,0.0184,0.0186,0.017,2971198990,2971198990,SVA1_COADD-2971198990         ,7.96904166666667,-43.0456666666667,0.98917,-9.999,3.0,DES_AAOmega         ,rgs 11 0.98923 2 {} | CLi 7 0.,11,26400,2
EI0351  ,ATLAS3_J003159.2-432459C,00:31:59.27,-43:24:59.0,7.996964,-43.416396,0.36,0.55,0.017,1.04,1.473,0.31,0.024,0.31,0.024,0.31,0.024,0.322,0.025,0.322,0.025,0.322,0.025,-999.0,-999.0,P,-1.779,1.279,ELAIS-S1,EI0351*SWIRE3_J003159.34-432456.8*m1*C0  ,-----------------------------------------------------,1,1,1,EI0351  ,SWIRE3_J003159.34-432456.8,257594,SWIRE3_J003159.34-432456.8,7.99729,-43.4158,0.0137,0.0142,23,97.54,1.03,110.97,1.09,0.11,CA2,1,63.0,1.03,70.86,1.36,0.23,CA0,0,56.25,3.74,63.92,5.6,0.06,CA0,0,51.29,3.61,37.94,3.7,0.37,CA0,0,-999.0,-999.0,-999.0,-999.0,-999.0,---,-999,24.512,0.043,23.488,0.04,22.453,0.017,24.101,23.148,21.949,0.14,0.55,0.69,-999.0,-999.0,-999.0,-999.0,-999.0,-999.0,-999.0,-999.0,SVA1_COADD-2970955717,7.997237,-43.415832,24.086466,22.848234,21.703249,21.14112,0.0544,0.016,0.0094,0.0076,2970955717,2970955717,SVA1_COADD-2970955717         ,7.99725,-43.4158333333333,0.86623,-9.999,4.0,DES_AAOmega         ,                              ,6,14400,4
EI0354  ,ATLAS3_J003159.9-434036C,00:31:59.94,-43:40:36.0,7.999751,-43.676672,0.96,1.48,0.024,1.04,1.456,0.147,0.026,0.147,0.026,0.147,0.026,0.151,0.027,0.151,0.027,0.151,0.027,-999.0,-999.0,P,-999.0,-999.0,ELAIS-S1,EI0354*SWIRE3_J003200.02-434036.8*m1*C0  ,-----------------------------------------------------,1,1,1,EI0354  ,SWIRE3_J003200.02-434036.8,263140,SWIRE3_J003200.02-434036.8,8.00011,-43.67691,0.0107,0.0111,23,115.19,1.55,134.11,1.69,0.26,CA0,1,92.54,1.65,102.87,1.94,0.53,CA0,0,97.19,5.87,93.45,6.12,0.0,CA0,0,80.97,5.61,78.97,7.06,0.01,CA0,0,-99.0,-99.0,-99.0,-99.0,-9.0,---,-99,22.311,0.008,20.92,0.006,20.105,0.003,21.592,20.196,19.3,0.28,0.11,0.04,-999.0,-999.0,-999.0,-999.0,-999.0,-999.0,-999.0,-999.0,SVA1_COADD-2970928479,8.000039,-43.676935,21.751614,20.369495,19.968689,19.630249,0.0078,0.0021,0.0022,0.002,2970928479,2970928479,S690                          ,8.000125,-43.67693055555555,0.3714,-9.999,-2.0,ATLAS               ,-                             ,-9,-9,2
EI0363  ,ATLAS3_J003201.8-434647C,00:32:01.89,-43:46:47.6,8.007896,-43.779887,1.06,1.63,0.022,1.04,1.453,0.119,0.023,0.227,0.025,0.227,0.025,0.122,0.024,0.233,0.025,0.233,0.025,9.2,2.2,E,-999.0,-999.0,ELAIS-S1,EI0363*SWIRE3_J003201.83-434646.7*m1*C0  ,-----------------------------------------------------,1,1,1,EI0363  ,SWIRE3_J003201.83-434646.7,365925,SWIRE3_J003201.83-434646.7,8.00763,-43.77965,0.00806,0.00724,33,363.65,2.31,1133.91,3.78,0.03,EK3,2,249.15,2.51,721.94,4.86,0.03,EK0,2,388.18,8.33,834.27,15.57,0.0,CA0,2,1704.32,10.07,3564.05,17.94,0.03,EK0,2,2383.54,31.99,2864.02,51.57,0.02,CA0,2,19.6,0.002,19.027,0.002,18.523,0.001,17.191,16.703,16.25,0.03,0.03,0.03,-999.0,-999.0,-999.0,-999.0,-999.0,-999.0,-999.0,-999.0,SVA1_COADD-2970919119,8.007473,-43.779719,19.517048,18.893522,18.657572,18.45553,0.0017,0.0008,0.0009,0.0008,2970919119,2970919119,SVA1_COADD-2970919119         ,8.00745833333333,-43.7797222222222,0.05348,-9.999,4.0,DES_AAOmega         ,BrightGalaxy                  ,3,3600,4
EI0367  ,ATLAS3_J003203.6-435739C,00:32:03.61,-43:57:39.4,8.015054,-43.960932,1.1,1.7,0.018,1.05,1.464,0.096,0.02,0.096,0.02,0.096,0.02,0.1,0.02,0.1,0.02,0.1,0.02,-999.0,-999.0,P,-999.0,-999.0,ELAIS-S1,EI0367*SWIRE3_J003203.73-435740.0*m1*C0  ,-----------------------------------------------------,2,1,1,EI0367  ,SWIRE3_J003203.73-435740.0,333429,SWIRE3_J003203.73-435740.0,8.01557,-43.96112,0.0126,0.0119,32,63.57,1.16,60.6,1.17,0.96,CA0,0,56.79,1.41,57.68,1.59,0.25,CA0,0,74.1,5.62,72.47,6.07,0.5,CA0,0,79.26,5.56,44.79,4.42,0.57,CA0,0,-999.0,-999.0,-999.0,-999.0,-999.0,---,-999,-999.0,-999.0,-999.0,-999.0,-999.0,-999.0,-999.0,-999.0,-999.0,-999.0,-999.0,-999.0,-999.0,-999.0,-999.0,-999.0,-999.0,-999.0,-999.0,-999.0,SVA1_COADD-2970314872,8.015497,-43.9611,23.072813,21.844309,21.423817,21.097553,0.0216,0.0083,0.0084,0.0082,2970314872,2970314872,SVA1_COADD-2970314872         ,8.0155,-43.9611111111111,0.53713,-9.999,4.0,DES_AAOmega         ,CLi 8 0.53713 4 {} | AKi 8 0.5,4,7200,4
EI0372  ,ATLAS3_J003204.6-433756C,00:32:04.64,-43:37:56.8,8.019339,-43.632456,0.98,1.51,0.02,1.05,1.46,0.117,0.021,0.117,0.021,0.117,0.021,0.12,0.022,0.12,0.022,0.12,0.022,-999.0,-999.0,P,-999.0,-999.0,ELAIS-S1,EI0372*SWIRE3_J003204.76-433758.4*m1*C0  ,-----------------------------------------------------,1,1,1,EI0372  ,SWIRE3_J003204.76-433758.4,261655,SWIRE3_J003204.76-433758.4,8.01986,-43.63289,0.0104,0.00968,23,132.79,1.33,136.49,1.3,0.62,CA3,0,98.56,1.4,103.93,1.63,0.56,CA3,0,110.13,4.68,99.69,5.76,0.28,CA0,0,102.01,4.64,107.87,5.59,0.54,CA1,0,1094.78,25.68,1208.84,37.39,0.62,CA3,0,23.475,0.022,22.225,0.018,20.992,0.006,22.939,21.638,20.446,0.1,0.08,0.24,-999.0,-999.0,-999.0,-999.0,-999.0,-999.0,-999.0,-999.0,SVA1_COADD-2970932635,8.019821,-43.632901,22.957169,21.257463,20.506954,20.147495,0.0184,0.0038,0.0033,0.0031,2970932635,2970932635,SVA1_COADD-2970932635         ,8.01983333333333,-43.6328888888889,0.62455,-9.999,3.0,DES_AAOmega         ,//                            ,2,4800,2
EI0375  ,ATLAS3_J003205.3-435448C,00:32:05.31,-43:54:48.6,8.022141,-43.913493,0.65,1.0,0.019,1.05,1.461,0.171,0.021,0.171,0.021,0.171,0.021,0.176,0.022,0.176,0.022,0.176,0.022,-999.0,-999.0,P,-999.0,-999.0,ELAIS-S1,EI0375*SWIRE3_J003205.45-435450.0*m1*C0  ,-----------------------------------------------------,1,1,1,EI0375  ,SWIRE3_J003205.45-435450.0,332131,SWIRE3_J003205.45-435450.0,8.02271,-43.9139,0.0111,0.00958,32,148.37,1.43,151.85,1.42,0.93,CA0,0,116.33,1.21,110.41,1.18,0.44,CA0,0,131.42,4.97,109.27,5.71,0.15,CA0,0,160.57,3.95,157.35,5.56,0.37,CA0,0,971.94,29.52,814.4,35.64,0.39,CA0,0,22.703,0.012,21.872,0.013,20.829,0.006,22.209,21.407,20.288,0.01,0.06,0.03,-999.0,-999.0,-999.0,-999.0,-999.0,-999.0,-999.0,-999.0,SVA1_COADD-2970318418,8.022627,-43.913924,22.505432,21.179653,20.681644,20.286068,0.0131,0.0045,0.0043,0.004,2970318418,2970318418,S488                          ,8.022708333333334,-43.913941666666666,0.5478,-9.999,-2.0,ATLAS               ,-                             ,-9,-9,2
EI0376  ,ATLAS3_J003205.4-431620C,00:32:05.41,-43:16:20.9,8.02254,-43.272477,0.2,0.31,0.017,1.03,1.482,0.766,0.043,1.061,0.056,1.061,0.056,0.797,0.044,1.104,0.058,1.104,0.058,6.0,0.8,E,0.028,0.224,ELAIS-S1,EI0376*SWIRE3_J003205.15-431620.6*m1*C0  ,-----------------------------------------------------,4,1,1,EI0376  ,SWIRE3_J003205.15-431620.6,253806,SWIRE3_J003205.15-431620.6,8.02148,-43.27241,0.00792,0.00817,23,469.71,2.79,886.91,3.44,0.03,EK3,2,368.85,2.52,664.35,3.3,0.03,EK3,2,213.52,6.74,264.56,7.65,0.0,CA0,0,263.49,5.09,479.92,11.02,0.0,CA0,2,-999.0,-999.0,-999.0,-999.0,-999.0,---,-999,20.825,0.002,19.261,0.001,18.521,0.001,19.231,17.847,17.157,0.03,0.03,0.03,-999.0,-999.0,-999.0,-999.0,-999.0,-999.0,-999.0,-999.0,SVA1_COADD-2970974928,8.021427,-43.272441,20.226374,18.92127,18.458014,18.173698,0.0022,0.0008,0.0007,0.0006,2970974928,2970974928,SVA1_COADD-2970974928         ,8.02141666666667,-43.2724444444444,0.20689,-9.999,4.0,DES_AAOmega         ,BrightGalaxy                  ,3,3600,4
EI0378  ,ATLAS3_J003206.0-432339C,00:32:06.01,-43:23:39.4,8.025026,-43.394267,0.6,0.92,0.017,1.04,1.475,0.17,0.02,0.17,0.02,0.17,0.02,0.176,0.021,0.176,0.021,0.176,0.021,-999.0,-999.0,P,-0.514,1.126,ELAIS-S1,EI0378*SWIRE3_J003205.98-432339.9*m1*C0  ,-----------------------------------------------------,1,1,1,EI0378  ,SWIRE3_J003205.98-432339.9,256376,SWIRE3_J003205.98-432339.9,8.02493,-43.39442,0.00896,0.0085,23,131.51,1.65,131.03,1.53,0.81,CA0,0,120.5,1.82,117.09,1.81,0.25,CA0,0,117.37,5.27,119.58,5.96,0.53,CA0,0,224.43,5.98,212.8,8.04,0.77,CA0,0,664.62,25.9,477.08,26.19,0.56,CA0,0,22.48,0.007,21.318,0.006,20.422,0.003,21.773,20.69,19.83,0.02,0.03,0.03,-999.0,-999.0,-999.0,-999.0,-999.0,-999.0,-999.0,-999.0,SVA1_COADD-2970958502,8.024851,-43.394465,22.130455,20.821278,20.342615,19.984423,0.0099,0.0029,0.0029,0.0027,2970958502,2970958502,SWIRE3 J003205.98-432339.9    ,8.024916666666666,-43.39441666666666,0.39604,-9.999,-2.0,ATLAS               ,-                             ,-9,-9,2
EI0383  ,ATLAS3_J003207.4-440055C,00:32:07.45,-44:00:55.4,8.031052,-44.015387,1.06,1.64,0.018,1.05,1.466,0.099,0.02,0.099,0.02,0.099,0.02,0.102,0.02,0.102,0.02,0.102,0.02,-999.0,-999.0,P,-999.0,-999.0,ELAIS-S1,EI0383*SWIRE3_J003207.41-440056.4*m1*C0  ,-----------------------------------------------------,1,1,1,EI0383  ,SWIRE3_J003207.41-440056.4,334271,SWIRE3_J003207.41-440056.4,8.0309,-44.01567,0.00986,0.0143,32,106.22,1.22,125.02,1.35,0.09,CA0,2,75.35,1.57,89.88,2.16,0.27,CA0,0,83.02,4.62,76.33,5.44,0.65,CA0,0,90.04,5.75,72.79,6.0,0.49,CA0,0,462.74,25.19,424.45,24.72,0.4,CA0,0,-999.0,-999.0,-999.0,-999.0,-999.0,-999.0,-999.0,-999.0,-999.0,-999.0,-999.0,-999.0,-999.0,-999.0,-999.0,-999.0,-999.0,-999.0,-999.0,-999.0,SVA1_COADD-2970312429,8.030784,-44.015606,24.422035,23.003271,22.191362,21.678326,0.0726,0.0246,0.0168,0.0139,2970312429,2970312429,SVA1_COADD-2970312429         ,8.03079166666667,-44.0156111111111,0.65707,-9.999,3.0,DES_AAOmega         ,                              ,8,19200,2
EI0391  ,ATLAS3_J003209.2-440238C,00:32:09.20,-44:02:38.4,8.03834,-44.044008,0.6,0.93,0.018,1.05,1.467,0.178,0.021,0.178,0.021,0.178,0.021,0.184,0.022,0.184,0.022,0.184,0.022,-999.0,-999.0,P,-999.0,-999.0,ELAIS-S1,EI0391*SWIRE3_J003209.17-440236.9*m1*C0  ,-----------------------------------------------------,1,1,1,EI0391  ,SWIRE3_J003209.17-440236.9,334676,SWIRE3_J003209.17-440236.9,8.03821,-44.04361,0.00914,0.00925,32,120.21,1.29,134.05,1.33,0.09,CA0,0,140.96,1.76,151.33,1.87,0.05,CA0,0,104.23,4.89,108.32,6.27,0.0,CA0,0,520.28,6.02,603.32,9.38,0.1,CA0,2,1651.42,26.87,1400.48,33.33,0.91,CA0,0,-999.0,-999.0,-999.0,-999.0,-999.0,-999.0,-999.0,-999.0,-999.0,-999.0,-999.0,-999.0,-999.0,-999.0,-999.0,-999.0,-999.0,-999.0,-999.0,-999.0,SVA1_COADD-2970311693,8.038105,-44.043624,20.758167,20.036242,19.830555,19.475853,0.003,0.0016,0.0021,0.002,2970311693,2970311693,S385                          ,8.038166666666667,-44.04362222222222,0.3192,-9.999,-2.0,ATLAS               ,-                             ,-9,-9,2
EI0392  ,ATLAS3_J003209.3-431432C,00:32:09.38,-43:14:32.5,8.039099,-43.242367,0.37,0.57,0.017,1.03,1.484,0.285,0.022,0.285,0.022,0.285,0.022,0.297,0.023,0.297,0.023,0.297,0.023,-999.0,-999.0,P,1.05,0.686,ELAIS-S1,EI0392*SWIRE3_J003209.34-431431.5*m1*C0  ,-----------------------------------------------------,1,1,1,EI0392  ,SWIRE3_J003209.34-431431.5,252571,SWIRE3_J003209.34-431431.5,8.03892,-43.24209,0.00788,0.00688,23,271.42,1.92,382.56,2.13,0.03,EK0,2,237.86,2.05,316.95,2.44,0.03,CA0,2,187.28,5.33,234.22,7.89,0.0,CA0,0,1465.88,7.71,1878.23,10.08,0.03,CA0,2,2414.45,27.08,2121.94,35.06,0.42,CA0,0,20.107,0.001,19.272,0.001,18.824,0.001,18.928,18.167,17.74,0.03,0.03,0.03,-999.0,-999.0,-999.0,-999.0,-999.0,-999.0,-999.0,-999.0,SVA1_COADD-2970974707,8.038835,-43.242113,19.903196,19.237217,18.906355,18.775099,0.0018,0.0009,0.001,0.001,2970974707,2970974707,S1060                         ,8.038874999999999,-43.2421,0.1998,-9.999,-2.0,ATLAS               ,-                             ,-9,-9,2
EI0393  ,ATLAS3_J003209.5-433350C,00:32:09.59,-43:33:50.4,8.039978,-43.564001,0.85,1.32,0.018,1.05,1.466,0.125,0.02,0.125,0.02,0.125,0.02,0.129,0.021,0.129,0.021,0.129,0.021,-999.0,-999.0,P,-999.0,-999.0,ELAIS-S1,EI0393*SWIRE3_J003209.55-433349.6*m1*C0  ,-----------------------------------------------------,4,1,1,EI0393  ,SWIRE3_J003209.55-433349.6,259690,SWIRE3_J003209.55-433349.6,8.0398,-43.5638,0.0102,0.0105,23,89.04,1.37,97.63,1.45,0.58,CA3,0,87.0,1.47,88.09,1.71,0.58,CA3,0,53.36,5.55,53.86,5.15,0.48,CA0,0,221.41,5.33,272.12,9.18,0.37,CA2,0,825.78,24.87,730.04,30.79,0.13,CA0,0,22.468,0.01,21.687,0.011,20.864,0.006,21.86,21.077,20.209,0.02,0.02,0.03,-999.0,-999.0,-999.0,-999.0,-999.0,-999.0,-999.0,-999.0,SVA1_COADD-2970940362,8.039695,-43.563809,22.255114,21.16135,20.751099,20.379227,0.0102,0.0035,0.0041,0.0039,2970940362,2970940362,SVA1_COADD-2970940362         ,8.03970833333333,-43.5638055555556,0.46711,-9.999,4.0,DES_AAOmega         ,//                            ,6,14400,4
EI0395  ,ATLAS3_J003209.9-432147C,00:32:09.93,-43:21:47.6,8.041382,-43.363211,0.59,0.92,0.017,1.04,1.476,0.167,0.019,0.167,0.019,0.167,0.019,0.173,0.02,0.173,0.02,0.173,0.02,-999.0,-999.0,P,-999.0,-999.0,ELAIS-S1,EI0395*SWIRE3_J003209.95-432147.1*m1*C0  ,-----------------------------------------------------,1,1,1,EI0395  ,SWIRE3_J003209.95-432147.1,255234,SWIRE3_J003209.95-432147.1,8.04148,-43.36309,0.00637,0.00785,23,214.0,2.08,248.48,2.06,0.03,CA2,2,185.2,2.2,214.43,2.36,0.04,CA2,2,145.76,6.09,150.83,7.14,0.05,CA0,0,960.24,8.03,1099.23,10.87,0.03,CA0,2,1298.86,33.17,1015.63,37.08,0.78,CA0,0,21.189,0.003,20.095,0.002,19.491,0.001,20.338,19.3,18.727,0.03,0.03,0.03,-999.0,-999.0,-999.0,-999.0,-999.0,-999.0,-999.0,-999.0,SVA1_COADD-2970962217,8.041461,-43.363143,20.828257,19.89694,19.458433,19.236422,0.0037,0.0015,0.0015,0.0015,2970962217,2970962217,SWIRE3 J003209.95-432147.1    ,8.041458333333333,-43.36308333333333,0.20451,-9.999,-2.0,ATLAS               ,-                             ,-9,-9,2
EI0397  ,ATLAS3_J003211.0-433430C,00:32:11.01,-43:34:30.1,8.045879,-43.575025,0.66,1.03,0.018,1.05,1.465,0.163,0.021,0.163,0.021,0.163,0.021,0.168,0.022,0.168,0.022,0.168,0.022,-999.0,-999.0,P,0.505,1.324,ELAIS-S1,EI0397*SWIRE3_J003211.52-433432.5*m1*C0  ,-----------------------------------------------------,1,1,1,EI0397  ,SWIRE3_J003211.52-433432.5,259720,SWIRE3_J003211.52-433432.5,8.04803,-43.57571,0.0101,0.00925,23,159.17,1.47,172.48,1.45,0.25,CA0,1,103.6,1.53,105.65,1.65,0.1,CA0,0,87.94,5.39,75.91,5.35,0.05,CA0,0,48.98,4.56,30.96,3.75,0.36,CA0,0,-99.0,-99.0,-99.0,-99.0,-9.0,---,-99,23.903,0.032,22.661,0.025,21.693,0.011,23.107,22.046,20.981,0.0,0.01,0.05,-999.0,-999.0,-999.0,-999.0,-999.0,-999.0,-999.0,-999.0,SVA1_COADD-2970939158,8.047943,-43.575726,23.4952,22.049368,20.997974,20.555342,0.0298,0.0075,0.0049,0.0045,2970939158,2970939158,SVA1_COADD-2970939158         ,8.04795833333334,-43.5757222222222,0.72835,-9.999,3.0,DES_AAOmega         ,acr 7 0.72835 3 {} | CLi 7 0.7,2,4800,2
EI0398C1,ATLAS3_J003211.0-433321C,00:32:11.09,-43:33:21.3,8.046207,-43.555912,0.17,0.27,0.018,1.05,1.466,1.675,0.087,1.675,0.087,5.391,0.3158069030277837,1.73,0.09,1.73,0.09,5.57,0.3266205749795931,-999.0,-999.0,P,-0.425,0.245,ELAIS-S1,EI0398C1*SWIRE3_J003211.10-433321.1*m4*C0,-----------------------------------------------------,4,4,1,EI0398C1,SWIRE3_J003211.10-433321.1,259306,SWIRE3_J003211.10-433321.1,8.04629,-43.55588,0.00472,0.00432,23,556.54,2.69,582.12,2.44,0.94,CA3,-1,642.48,3.08,629.13,2.7,0.98,CA2,-1,759.54,8.15,751.31,8.59,0.14,CA0,0,881.5,6.37,839.94,8.7,0.91,CA0,-1,2127.29,26.35,1664.88,30.46,0.85,CA2,0,19.942,0.002,19.863,0.003,19.584,0.002,19.682,19.538,19.019,0.97,0.92,0.92,-999.0,-999.0,-999.0,-999.0,-999.0,-999.0,-999.0,-999.0,SVA1_COADD-2970941480,8.046199,-43.555918,19.509724,19.587406,19.392307,19.352518,0.0014,0.0011,0.0013,0.0016,2970941480,2970941480,S780                          ,8.04625,-43.5559,0.5563,-9.999,-2.0,ATLAS               ,-                             ,-9,-9,2
EI0400  ,ATLAS3_J003211.3-435758C,00:32:11.32,-43:57:58.2,8.04715,-43.96618,1.01,1.57,0.018,1.05,1.463,0.106,0.02,0.106,0.02,0.106,0.02,0.109,0.021,0.109,0.021,0.109,0.021,-999.0,-999.0,P,-999.0,-999.0,ELAIS-S1,EI0400*SWIRE3_J003211.35-435758.2*m1*C0  ,-----------------------------------------------------,1,1,1,EI0400  ,SWIRE3_J003211.35-435758.2,332659,SWIRE3_J003211.35-435758.2,8.04731,-43.96619,0.0102,0.00871,32,129.19,1.61,138.46,1.65,0.17,CA0,0,130.26,1.89,139.81,2.09,0.09,CA0,0,104.63,6.04,111.52,8.08,0.0,CA0,0,323.93,6.45,335.26,7.95,0.24,CA0,0,632.96,25.22,452.26,24.57,0.52,CA0,0,-999.0,-999.0,-999.0,-999.0,-999.0,-999.0,-999.0,-999.0,-999.0,-999.0,-999.0,-999.0,-999.0,-999.0,-999.0,-999.0,-999.0,-999.0,-999.0,-999.0,SVA1_COADD-2970314538,8.04717,-43.966209,22.509275,21.204388,20.659678,20.195478,0.0145,0.0046,0.0042,0.0038,2970314538,2970314538,SVA1_COADD-2970314538         ,8.04716666666667,-43.9662222222222,0.32337,-9.999,4.0,DES_AAOmega         ,//                            ,6,14400,4
EI0403  ,ATLAS3_J003212.6-440557C,00:32:12.62,-44:05:57.3,8.052568,-44.099249,0.64,0.98,0.017,1.05,1.468,0.16,0.02,0.16,0.02,0.16,0.02,0.166,0.02,0.166,0.02,0.166,0.02,-999.0,-999.0,P,1.345,1.335,ELAIS-S1,EI0403*SWIRE3_J003212.55-440556.9*m1*C0  ,-----------------------------------------------------,1,1,1,EI0403  ,SWIRE3_J003212.55-440556.9,335547,SWIRE3_J003212.55-440556.9,8.0523,-44.09914,0.00608,0.00673,32,386.4,2.26,462.73,2.22,0.35,EK3,1,289.83,2.36,324.34,2.47,0.47,CA2,1,250.41,5.81,308.98,9.67,0.06,CA0,0,1404.85,8.04,1365.68,9.6,0.89,CA0,-1,2010.73,30.43,1392.61,32.03,0.93,CA0,0,-999.0,-999.0,-999.0,-999.0,-999.0,-999.0,-999.0,-999.0,-999.0,-999.0,-999.0,-999.0,-999.0,-999.0,-999.0,-999.0,-999.0,-999.0,-999.0,-999.0,SVA1_COADD-2970310288,8.05222,-44.099152,20.267609,19.22072,18.756674,18.440273,0.0021,0.0008,0.0009,0.0008,2970310288,2970310288,SVA1_COADD-2970310288         ,8.05220833333333,-44.0991388888889,0.11996,-9.999,4.0,DES_AAOmega         ,//                            ,3,7200,4
EI0411  ,ATLAS3_J003215.8-431357C,00:32:15.89,-43:13:57.2,8.066222,-43.232558,0.16,0.26,0.017,1.03,1.484,2.924,0.15,2.924,0.15,2.924,0.15,2.96,0.153,2.96,0.153,2.96,0.153,-999.0,-999.0,P,-0.212,0.121,ELAIS-S1,EI0411*SWIRE3_J003215.88-431356.8*m1*C0  ,-----------------------------------------------------,1,1,1,EI0411  ,SWIRE3_J003215.88-431356.8,251437,SWIRE3_J003215.88-431356.8,8.0662,-43.23247,0.0117,0.0111,23,123.77,1.61,142.75,1.73,0.17,CA0,1,92.31,1.65,100.39,1.95,0.28,CA0,0,62.15,5.46,72.71,7.73,0.0,CA0,0,51.97,5.51,42.15,5.02,0.41,CA0,0,-999.0,-999.0,-999.0,-999.0,-999.0,---,-999,23.315,0.014,21.93,0.01,20.661,0.004,22.709,21.359,20.085,0.07,0.3,0.07,-999.0,-999.0,-999.0,-999.0,-999.0,-999.0,-999.0,-999.0,SVA1_COADD-2971175455,8.066109,-43.23251,22.656565,21.015423,20.35319,20.00931,0.0135,0.0031,0.0027,0.0028,2971175455,2971175455,S1065                         ,8.066166666666668,-43.23249166666667,0.4696,-9.999,-2.0,ATLAS               ,-                             ,-9,-9,2
EI0412  ,ATLAS3_J003216.6-430710C,00:32:16.60,-43:07:10.1,8.069175,-43.119479,1.02,1.58,0.019,1.03,1.486,0.105,0.02,0.105,0.02,0.105,0.02,0.109,0.021,0.109,0.021,0.109,0.021,-999.0,-999.0,P,-999.0,-999.0,ELAIS-S1,EI0412*SWIRE3_J003216.58-430709.0*m1*C0  ,-----------------------------------------------------,1,1,1,EI0412  ,SWIRE3_J003216.58-430709.0,248608,SWIRE3_J003216.58-430709.0,8.06912,-43.11917,0.0106,0.0107,23,95.45,0.99,99.63,1.01,0.8,CA3,0,95.17,1.48,99.38,1.67,0.89,CA2,0,64.25,3.92,53.09,4.68,0.07,CA0,0,217.47,5.32,239.8,8.29,0.48,CA0,0,833.25,32.93,822.14,37.48,0.58,CA0,0,21.965,0.005,21.117,0.005,20.365,0.003,21.605,20.736,19.959,0.07,0.06,0.12,-999.0,-999.0,-999.0,-999.0,-999.0,-999.0,-999.0,-999.0,SVA1_COADD-2971190942,8.069042,-43.119204,21.706604,20.746752,20.39019,20.065973,0.0063,0.0025,0.0028,0.0028,2971190942,2971190942,SVA1_COADD-2971190942         ,8.06904166666667,-43.1191944444444,0.4435,-9.999,4.0,DES_AAOmega         ,//                            ,2,4800,4
EI0417  ,ATLAS3_J003217.2-434203C,00:32:17.27,-43:42:03.8,8.071951,-43.701043,0.88,1.36,0.021,1.04,1.457,0.141,0.023,0.141,0.023,0.141,0.023,0.145,0.024,0.145,0.024,0.145,0.024,-999.0,-999.0,P,-999.0,-999.0,ELAIS-S1,EI0417*SWIRE3_J003217.40-434207.5*m1*C0  ,-----------------------------------------------------,1,1,1,EI0417  ,SWIRE3_J003217.40-434207.5,261696,SWIRE3_J003217.40-434207.5,8.07253,-43.70211,0.00979,0.0104,23,109.83,1.25,105.07,1.17,0.93,CA0,0,78.43,1.25,76.27,1.27,0.91,CA0,0,112.18,5.8,97.07,6.38,0.42,CA0,0,102.73,4.59,84.43,5.64,0.47,CA0,0,912.41,26.71,649.15,28.2,0.63,CA0,0,23.159,0.016,21.818,0.013,20.686,0.005,22.779,21.477,20.314,0.21,0.39,0.61,-999.0,-999.0,-999.0,-999.0,-999.0,-999.0,-999.0,-999.0,SVA1_COADD-2971121202,8.072457,-43.702128,22.490677,20.868809,20.242983,19.989395,0.0129,0.0028,0.0026,0.0026,2971121202,2971121202,SVA1_COADD-2971121202         ,8.07245833333333,-43.7021388888889,0.55217,-9.999,4.0,DES_AAOmega         ,                              ,4,9600,4
EI0419  ,ATLAS3_J003217.7-430057C,00:32:17.71,-43:00:57.8,8.073784,-43.016058,0.59,0.92,0.024,1.04,1.476,0.244,0.028,0.244,0.028,0.244,0.028,0.253,0.029,0.253,0.029,0.253,0.029,-999.0,-999.0,P,0.071,1.122,ELAIS-S1,EI0419*SWIRE3_J003217.70-430058.1*m1*C0  ,-----------------------------------------------------,1,1,1,EI0419  ,SWIRE3_J003217.70-430058.1,245782,SWIRE3_J003217.70-430058.1,8.07376,-43.01616,0.0128,0.0127,23,178.57,1.73,305.37,2.28,0.03,EK2,2,143.45,1.62,244.03,2.45,0.03,CA0,2,93.71,5.27,147.07,8.55,0.01,CA0,0,102.83,4.41,153.34,7.8,0.0,CA0,0,-999.0,-999.0,-999.0,-999.0,-999.0,---,-999,22.595,0.007,21.107,0.005,19.988,0.002,21.168,19.727,18.701,0.02,0.03,0.03,-999.0,-999.0,-999.0,-999.0,-999.0,-999.0,-999.0,-999.0,SVA1_COADD-2971202863,8.073687,-43.016137,22.196226,20.481092,19.859608,19.551405,99.0,0.0037,0.003,0.0054,2971202863,2971202863,S1208                         ,8.073791666666667,-43.01618888888889,0.3692,-9.999,-2.0,ATLAS               ,-                             ,-9,-9,2
EI0427  ,ATLAS3_J003220.2-432730C,00:32:20.22,-43:27:30.6,8.08426,-43.458505,0.77,1.19,0.016,1.04,1.473,0.122,0.018,0.122,0.018,0.122,0.018,0.127,0.019,0.127,0.019,0.127,0.019,-999.0,-999.0,P,-999.0,-999.0,ELAIS-S1,EI0427*SWIRE3_J003220.20-432730.5*m1*C0  ,-----------------------------------------------------,1,1,1,EI0427  ,SWIRE3_J003220.20-432730.5,256131,SWIRE3_J003220.20-432730.5,8.08418,-43.45848,0.00904,0.00914,23,143.53,1.61,146.24,1.55,0.94,CA3,0,105.9,1.4,104.71,1.5,0.84,CA3,0,98.76,5.43,114.95,8.51,0.03,CA0,0,129.41,4.79,148.53,7.41,0.68,CA0,0,785.75,32.12,677.13,32.98,0.55,CA0,0,23.222,0.019,22.514,0.022,21.7,0.012,22.943,22.256,21.316,0.72,0.82,0.62,-999.0,-999.0,-999.0,-999.0,-999.0,-999.0,-999.0,-999.0,SVA1_COADD-2971148263,8.084081,-43.458516,22.980225,22.022243,21.062458,20.53249,0.02,0.0079,0.0052,0.0044,2971148263,2971148263,SVA1_COADD-2971148263         ,8.08408333333333,-43.4585277777778,0.85965,-9.999,4.0,DES_AAOmega         ,                              ,11,26400,4
EI0428  ,ATLAS3_J003220.3-433055C,00:32:20.38,-43:30:55.4,8.084904,-43.515382,0.34,0.53,0.017,1.04,1.47,0.324,0.024,0.324,0.024,0.324,0.024,0.335,0.025,0.335,0.025,0.335,0.025,-999.0,-999.0,P,0.159,0.7,ELAIS-S1,EI0428*SWIRE3_J003220.40-433053.2*m1*C0  ,-----------------------------------------------------,1,1,1,EI0428  ,SWIRE3_J003220.40-433053.2,257301,SWIRE3_J003220.40-433053.2,8.08501,-43.5148,0.00958,0.01,23,238.61,1.59,381.23,1.87,0.03,EK3,2,194.17,1.85,313.25,2.57,0.03,CA3,2,121.96,5.07,165.19,8.8,0.0,CA0,0,74.26,4.57,132.89,6.76,0.38,CA2,0,-999.0,-999.0,-999.0,-999.0,-999.0,---,-999,21.729,0.005,20.14,0.003,19.294,0.002,20.662,19.036,18.12,0.03,0.03,0.03,-999.0,-999.0,-999.0,-999.0,-999.0,-999.0,-999.0,-999.0,SVA1_COADD-2971143312,8.084884,-43.514829,22.753805,19.592958,19.167372,18.859985,0.0247,0.002,0.0026,0.0027,2971143312,2971143312,S823                          ,8.085,-43.51483055555556,0.2604,-9.999,-2.0,ATLAS               ,-                             ,-9,-9,2
EI0440  ,ATLAS3_J003225.8-432733C,00:32:25.86,-43:27:33.7,8.107751,-43.459357,0.64,0.99,0.016,1.04,1.474,0.148,0.018,0.148,0.018,0.148,0.018,0.154,0.019,0.154,0.019,0.154,0.019,-999.0,-999.0,P,-999.0,-999.0,ELAIS-S1,EI0440*SWIRE3_J003225.86-432733.5*m1*C0  ,-----------------------------------------------------,1,1,1,EI0440  ,SWIRE3_J003225.86-432733.5,255466,SWIRE3_J003225.86-432733.5,8.10777,-43.45933,0.0085,0.00788,23,144.94,1.4,148.24,1.33,0.79,CA0,1,155.62,1.62,146.93,1.55,0.98,CA0,0,168.78,5.1,142.11,5.02,0.68,CA0,0,287.71,5.0,227.43,5.48,0.94,CA0,0,1796.95,30.85,1367.88,36.04,0.93,CA0,0,23.706,0.03,22.918,0.036,21.957,0.016,23.483,22.646,21.624,0.27,0.66,0.4,-999.0,-999.0,-999.0,-999.0,-999.0,-999.0,-999.0,-999.0,SVA1_COADD-2971148188,8.107774,-43.459361,23.425184,22.298262,21.355644,20.832947,0.0297,0.0098,0.0068,0.0058,2971148188,2971148188,SVA1_COADD-2971148188         ,8.10779166666667,-43.4593611111111,0.86215,-9.999,4.0,DES_AAOmega         ,                              ,6,14400,4
EI0446  ,ATLAS3_J003227.2-431217C,00:32:27.25,-43:12:17.4,8.113533,-43.204836,0.88,1.36,0.017,1.03,1.485,0.111,0.018,0.111,0.018,0.111,0.018,0.116,0.019,0.116,0.019,0.116,0.019,-999.0,-999.0,P,-999.0,-999.0,ELAIS-S1,EI0446*SWIRE3_J003227.34-431216.6*m1*C0  ,-----------------------------------------------------,1,1,1,EI0446  ,SWIRE3_J003227.34-431216.6,249337,SWIRE3_J003227.34-431216.6,8.11395,-43.20462,0.00864,0.00968,23,371.13,2.23,611.46,2.71,0.03,EK3,2,293.48,2.26,451.54,2.85,0.03,CA2,2,190.85,5.37,265.09,8.74,0.02,CA0,0,325.1,5.14,454.66,9.88,0.1,CA2,0,481.69,25.76,432.62,28.4,0.46,CA3,0,21.579,0.003,19.996,0.002,19.156,0.001,19.905,18.506,17.786,0.03,0.03,0.03,-999.0,-999.0,-999.0,-999.0,-999.0,-999.0,-999.0,-999.0,SVA1_COADD-2971180294,8.113832,-43.204642,20.964733,19.556522,19.002953,18.648708,0.0034,0.001,0.0009,0.0009,2971180294,2971180294,SVA1_COADD-2971180294         ,8.11383333333333,-43.2046388888889,0.22536,-9.999,4.0,DES_AAOmega         ,//                            ,3,7200,4
EI0450  ,ATLAS3_J003229.0-434405C,00:32:29.08,-43:44:05.6,8.121177,-43.734889,0.7,1.08,0.02,1.05,1.458,0.166,0.022,0.166,0.022,0.166,0.022,0.17,0.023,0.17,0.023,0.17,0.023,-999.0,-999.0,P,-999.0,-999.0,ELAIS-S1,EI0450*SWIRE3_J003229.13-434406.2*m1*C0  ,-----------------------------------------------------,1,1,1,EI0450  ,SWIRE3_J003229.13-434406.2,261090,SWIRE3_J003229.13-434406.2,8.12139,-43.73506,0.00878,0.0085,23,136.77,1.62,145.37,1.56,0.15,CA0,0,146.85,1.64,150.34,1.68,0.05,CA0,0,93.11,5.22,95.43,7.4,0.0,CA0,0,325.8,5.54,373.1,8.93,0.34,CA0,0,863.99,31.07,639.7,32.17,0.61,CA0,0,21.012,0.004,20.263,0.004,19.756,0.002,20.42,19.626,19.086,0.03,0.03,0.03,-999.0,-999.0,-999.0,-999.0,-999.0,-999.0,-999.0,-999.0,SVA1_COADD-2971117865,8.121296,-43.73507,20.778763,19.97779,19.700886,19.380548,0.0033,0.0014,0.0017,0.0016,2971117865,2971117865,SWIRE3 J003229.13-434406.2    ,8.121374999999999,-43.73505555555555,0.35209,-9.999,-2.0,ATLAS               ,-                             ,-9,-9,2
EI0455  ,ATLAS3_J003229.8-431351C,00:32:29.84,-43:13:51.8,8.124341,-43.231052,0.65,1.01,0.017,1.03,1.483,0.154,0.019,0.154,0.019,0.154,0.019,0.16,0.02,0.16,0.02,0.16,0.02,-999.0,-999.0,P,-999.0,-999.0,ELAIS-S1,EI0455*SWIRE3_J003229.83-431351.5*m1*C0  ,-----------------------------------------------------,2,1,1,EI0455  ,SWIRE3_J003229.83-431351.5,249670,SWIRE3_J003229.83-431351.5,8.1243,-43.23098,0.0118,0.0119,23,71.03,0.99,61.33,0.84,0.98,CA3,0,70.78,0.97,75.8,1.12,0.9,CA3,0,50.05,4.4,66.9,5.31,0.23,CA3,0,135.71,3.61,140.2,5.32,0.22,CA3,0,939.3,30.51,867.47,36.32,0.56,CA0,0,-999.0,-999.0,-999.0,-999.0,-999.0,-999.0,-999.0,-999.0,-999.0,-999.0,-999.0,-999.0,-999.0,-999.0,-999.0,-999.0,-999.0,-999.0,-999.0,-999.0,SVA1_COADD-2971175179,8.124196,-43.230954,23.804153,22.797253,21.994785,21.352182,0.0375,0.0141,0.0113,0.0089,2971175179,2971175179,SVA1_COADD-2971175179         ,8.12420833333333,-43.2309444444444,0.22397,-9.999,4.0,DES_AAOmega         ,                              ,10,24000,4
EI0457  ,ATLAS3_J003230.0-425551C,00:32:30.03,-42:55:51.3,8.125104,-42.930925,0.7,1.08,0.034,1.05,1.456,0.286,0.038,0.286,0.038,0.286,0.038,0.294,0.039,0.294,0.039,0.294,0.039,-999.0,-999.0,P,-999.0,-999.0,ELAIS-S1,EI0457*SWIRE3_J003230.00-425550.3*m1*C0  ,-----------------------------------------------------,1,1,1,EI0457  ,SWIRE3_J003230.00-425550.3,242237,SWIRE3_J003230.00-425550.3,8.12503,-42.93065,0.00443,0.00428,23,466.5,2.39,464.86,2.13,0.98,CA3,-1,682.68,3.51,646.3,2.99,0.98,CA3,-1,940.39,8.73,950.12,8.79,0.41,CA3,1,1285.49,7.72,1209.1,9.06,0.91,CA2,-1,2604.13,32.2,2127.58,38.54,0.94,CA0,0,-999.0,-999.0,-999.0,-999.0,-999.0,-999.0,-999.0,-999.0,-999.0,-999.0,-999.0,-999.0,-999.0,-999.0,-999.0,-999.0,-999.0,-999.0,-999.0,-999.0,SVA1_COADD-2971211756,8.124954,-42.930654,20.331802,19.583956,18.92527,19.154392,0.0027,0.0011,0.0009,0.0014,2971211756,2971211756,DES13E1bw                     ,8.12491666666667,-42.9306388888889,0.22218,-9.999,4.0,DES_AAOmega         ,                              ,12,28800,4
EI0458  ,ATLAS3_J003230.2-431540C,00:32:30.28,-43:15:40.0,8.126187,-43.26112,0.85,1.32,0.017,1.03,1.482,0.116,0.019,0.116,0.019,0.116,0.019,0.121,0.019,0.121,0.019,0.121,0.019,-999.0,-999.0,P,-999.0,-999.0,ELAIS-S1,EI0458*SWIRE3_J003230.21-431538.4*m1*C0  ,-----------------------------------------------------,1,1,1,EI0458  ,SWIRE3_J003230.21-431538.4,250313,SWIRE3_J003230.21-431538.4,8.12589,-43.26067,0.0135,0.0104,23,125.4,1.4,154.51,1.5,0.12,CA0,1,88.78,1.47,108.74,1.95,0.03,CA0,0,81.98,4.57,77.63,5.32,0.0,CA0,0,106.54,4.89,85.51,4.85,0.3,CA0,0,689.7,28.29,732.06,36.43,0.02,CA0,0,22.497,0.008,21.735,0.009,20.775,0.004,21.3,20.835,19.93,0.01,0.01,0.03,-999.0,-999.0,-999.0,-999.0,-999.0,-999.0,-999.0,-999.0,SVA1_COADD-2971171760,8.125826,-43.260642,22.302948,21.206148,20.644596,20.355104,0.0101,0.0037,0.0035,0.0037,2971171760,2971171760,S1045                         ,8.125875,-43.260669444444446,0.587,-9.999,-2.0,ATLAS               ,-                             ,-9,-9,2
EI0462  ,ATLAS3_J003230.5-435524C,00:32:30.55,-43:55:24.8,8.127291,-43.923542,1.07,1.66,0.018,1.05,1.461,0.099,0.02,0.099,0.02,0.099,0.02,0.102,0.02,0.102,0.02,0.102,0.02,-999.0,-999.0,P,-999.0,-999.0,ELAIS-S1,EI0462*SWIRE3_J003230.60-435525.3*m1*C0  ,-----------------------------------------------------,1,1,1,EI0462  ,SWIRE3_J003230.60-435525.3,329415,SWIRE3_J003230.60-435525.3,8.12753,-43.92372,0.00994,0.00943,32,118.89,1.54,118.4,1.49,0.53,CA2,0,99.43,1.38,98.24,1.6,0.47,CA0,0,68.43,5.79,61.03,6.16,0.62,CA0,0,167.9,4.82,162.52,6.95,0.67,CA0,0,670.7,26.3,444.06,26.31,0.53,CA0,0,22.228,0.009,21.514,0.009,20.58,0.004,21.784,21.0,19.986,0.05,0.02,0.03,-999.0,-999.0,-999.0,-999.0,-999.0,-999.0,-999.0,-999.0,SVA1_COADD-2970317681,8.127442,-43.923714,22.02374,20.81927,20.415356,20.06384,0.0056,0.0018,0.0022,0.0021,2970317681,2970317681,SVA1_COADD-2970317681         ,8.12745833333333,-43.9237222222222,0.49058,-9.999,4.0,DES_AAOmega         ,//                            ,12,28800,4
EI0463  ,ATLAS3_J003230.7-425845C,00:32:30.76,-42:58:45.5,8.128181,-42.979314,0.16,0.25,0.028,1.04,1.468,25.434,1.297,25.434,1.297,25.434,1.297,26.484,1.357,26.484,1.357,26.484,1.357,-999.0,-999.0,P,-0.853,0.101,ELAIS-S1,EI0463*SWIRE3_J003230.81-425846.2*m1*C0  ,-----------------------------------------------------,1,1,1,EI0463  ,SWIRE3_J003230.81-425846.2,243313,SWIRE3_J003230.81-425846.2,8.12839,-42.9795,0.0114,0.0138,23,89.34,1.14,109.67,1.25,0.07,CA0,0,65.16,1.19,78.25,1.53,0.13,CA0,0,65.8,4.62,87.88,6.28,0.17,CA2,0,59.73,4.49,47.66,4.82,0.35,CA0,0,443.83,26.14,436.85,31.97,0.36,CA0,0,24.544,0.049,23.673,0.048,22.571,0.02,24.128,23.503,22.203,0.02,0.68,0.14,-999.0,-999.0,-999.0,-999.0,-999.0,-999.0,-999.0,-999.0,SVA1_COADD-2971205283,8.128169,-42.979431,24.375854,23.071959,22.038713,21.238474,0.0655,0.0191,0.0122,0.0085,2971205283,2971205283,SVA1_COADD-2971205283         ,8.12816666666667,-42.9794444444444,0.93306,-9.999,3.0,DES_AAOmega         ,acr 10 0.93406 3 {} | CLi 12 0,8,17400,2
EI0465  ,ATLAS3_J003231.3-433511C,00:32:31.34,-43:35:11.4,8.130591,-43.586502,0.21,0.32,0.017,1.05,1.468,0.755,0.042,0.755,0.042,0.755,0.042,0.781,0.044,0.781,0.044,0.781,0.044,-999.0,-999.0,P,-0.929,0.318,ELAIS-S1,EI0465*SWIRE3_J003231.38-433511.6*m1*C0  ,-----------------------------------------------------,1,1,1,EI0465  ,SWIRE3_J003231.38-433511.6,257607,SWIRE3_J003231.38-433511.6,8.13077,-43.58657,0.00799,0.0067,23,236.18,1.55,245.49,1.48,0.87,CA0,-1,258.91,1.76,263.24,1.75,0.93,CA0,-1,326.15,6.06,283.12,6.18,0.74,CA0,0,385.42,4.54,328.89,5.77,0.95,CA0,0,1842.67,32.17,1473.19,37.67,0.9,CA0,0,20.705,0.003,20.563,0.004,20.234,0.003,20.53,20.391,20.005,0.98,0.98,0.98,-999.0,-999.0,-999.0,-999.0,-999.0,-999.0,-999.0,-999.0,SVA1_COADD-2971134055,8.130774,-43.586586,20.47404,20.346724,20.074717,19.964804,0.0024,0.0018,0.0021,0.0026,2971134055,2971134055,S748                          ,8.13075,-43.58658888888889,0.6781,-9.999,-2.0,ATLAS               ,-                             ,-9,-9,2
EI0473  ,ATLAS3_J003233.0-435900C,00:32:33.09,-43:59:00.5,8.137894,-43.983459,0.99,1.53,0.018,1.04,1.463,0.107,0.02,0.107,0.02,0.107,0.02,0.111,0.02,0.111,0.02,0.111,0.02,-999.0,-999.0,P,-999.0,-999.0,ELAIS-S1,EI0473*SWIRE3_J003233.11-435857.4*m1*C0  ,-----------------------------------------------------,1,1,1,EI0473  ,SWIRE3_J003233.11-435857.4,330447,SWIRE3_J003233.11-435857.4,8.13797,-43.98262,0.0105,0.0117,32,85.5,1.07,86.38,1.11,0.92,CA0,0,92.38,1.33,83.08,1.41,0.96,CA0,0,79.61,4.33,99.83,6.43,0.61,CA0,0,240.64,5.01,232.98,6.98,0.85,CA0,0,687.21,31.97,390.85,22.48,0.47,CA0,0,-999.0,-999.0,-999.0,-999.0,-999.0,-999.0,-999.0,-999.0,-999.0,-999.0,-999.0,-999.0,-999.0,-999.0,-999.0,-999.0,-999.0,-999.0,-999.0,-999.0,SVA1_COADD-2970313180,8.137858,-43.982586,23.136621,21.615934,21.055702,20.578241,0.028,0.0062,0.006,0.0044,2970313180,2970313180,SVA1_COADD-2970313180         ,8.137875,-43.9825833333333,0.41881,-9.999,4.0,DES_AAOmega         ,CLi 8 0.41881 4 {} | AKi 8 0.4,7,14400,4
EI0476  ,ATLAS3_J003233.7-434448C,00:32:33.72,-43:44:48.4,8.14048,-43.746766,1.07,1.65,0.019,1.05,1.459,0.102,0.02,0.252,0.023,0.252,0.023,0.105,0.021,0.259,0.023,0.259,0.023,11.7,2.1,E,-999.0,-999.0,ELAIS-S1,EI0476*SWIRE3_J003233.59-434450.7*m1*C0  ,-----------------------------------------------------,4,1,1,EI0476  ,SWIRE3_J003233.59-434450.7,260849,SWIRE3_J003233.59-434450.7,8.13997,-43.74743,0.0124,0.0152,23,63.31,1.01,70.74,1.13,0.03,CA0,0,49.73,1.1,48.0,1.19,0.03,CA0,0,48.51,4.31,30.9,3.96,0.09,CA0,0,178.33,4.77,207.97,7.76,0.02,CA0,0,-999.0,-999.0,-999.0,-999.0,-999.0,---,-999,20.707,0.003,20.202,0.004,19.884,0.003,19.953,19.452,19.116,0.03,0.03,0.03,-999.0,-999.0,-999.0,-999.0,-999.0,-999.0,-999.0,-999.0,SVA1_COADD-2971116085,8.139842,-43.747436,20.56545,20.135384,19.93212,19.874601,0.0029,0.0016,0.002,0.0024,2971116085,2971116085,0092-01522                    ,8.13994,-43.74743,0.18051107,-9.999,4.0,PRIMUS              ,-                             ,-9,-9,4
EI0483  ,ATLAS3_J003234.8-440128C,00:32:34.81,-44:01:28.7,8.145048,-44.02465,1.1,1.69,0.018,1.04,1.464,0.094,0.019,0.094,0.019,0.094,0.019,0.097,0.02,0.097,0.02,0.097,0.02,-999.0,-999.0,P,-999.0,-999.0,ELAIS-S1,EI0483*SWIRE3_J003234.80-440128.9*m1*C0  ,-----------------------------------------------------,1,1,1,EI0483  ,SWIRE3_J003234.80-440128.9,331168,SWIRE3_J003234.80-440128.9,8.14502,-44.0247,0.0119,0.012,32,85.72,1.11,96.74,1.19,0.03,CA0,0,82.13,1.64,92.54,1.83,0.01,CA0,0,48.42,4.41,46.11,4.54,0.04,CA0,0,169.84,5.95,175.05,8.77,0.22,CA0,0,-99.0,-99.0,-99.0,-99.0,-9.0,---,-99,-999.0,-999.0,-999.0,-999.0,-999.0,-999.0,-999.0,-999.0,-999.0,-999.0,-999.0,-999.0,-999.0,-999.0,-999.0,-999.0,-999.0,-999.0,-999.0,-999.0,SVA1_COADD-2970312207,8.144872,-44.024674,21.925682,20.869688,20.522,20.198893,0.0079,0.0034,0.0038,0.0036,2970312207,2970312207,SVA1_COADD-2970312207         ,8.144875,-44.0246666666667,0.37292,-9.999,4.0,DES_AAOmega         ,CLi 8 0.37292 4 {Contaminated ,7,14400,4
EI0487  ,ATLAS3_J003236.5-435656C,00:32:36.52,-43:56:56.1,8.152158,-43.948904,0.25,0.39,0.018,1.04,1.462,0.55,0.034,0.55,0.034,0.55,0.034,0.567,0.035,0.567,0.035,0.567,0.035,-999.0,-999.0,P,-0.56,0.451,ELAIS-S1,EI0487*SWIRE3_J003236.51-435655.5*m1*C0  ,-----------------------------------------------------,1,1,1,EI0487  ,SWIRE3_J003236.51-435655.5,329274,SWIRE3_J003236.51-435655.5,8.15213,-43.94877,0.0132,0.0144,32,98.83,1.16,126.62,1.45,0.59,CA3,1,65.05,1.2,75.74,1.59,0.31,CA3,0,51.77,4.55,54.89,4.62,0.21,CA0,0,35.77,4.5,25.82,3.88,0.15,CA0,0,-999.0,-999.0,-999.0,-999.0,-999.0,---,-999,-99.0,-99.0,23.838,0.077,22.509,0.023,-99.0,23.568,21.792,99.99,0.48,0.28,-999.0,-999.0,-999.0,-999.0,-999.0,-999.0,-999.0,-999.0,SVA1_COADD-2970315731,8.152068,-43.948749,25.025684,22.877718,21.617863,20.994293,0.0832,0.0121,0.0063,0.0048,2970315731,2970315731,SVA1_COADD-2970315731         ,8.15208333333333,-43.94875,0.83265,-9.999,3.0,DES_AAOmega         ,                              ,9,21600,2
EI0494  ,ATLAS3_J003238.0-430419C,00:32:38.06,-43:04:19.9,8.158565,-43.072184,1.04,1.6,0.021,1.04,1.48,0.114,0.022,0.114,0.022,0.114,0.022,0.119,0.023,0.119,0.023,0.119,0.023,-999.0,-999.0,P,-999.0,-999.0,ELAIS-S1,EI0494*SWIRE3_J003238.17-430421.2*m1*C0  ,-----------------------------------------------------,2,1,1,EI0494  ,SWIRE3_J003238.17-430421.2,244570,SWIRE3_J003238.17-430421.2,8.15907,-43.07257,0.0108,0.00943,23,152.92,1.47,195.21,1.55,0.03,CA2,2,145.86,1.99,178.45,2.37,0.03,CA2,2,105.75,4.71,133.96,7.29,0.0,CA0,0,275.13,6.18,297.15,8.8,0.01,CA0,0,689.23,30.61,496.29,28.7,0.08,CA0,0,22.826,0.009,21.524,0.007,20.599,0.003,21.628,20.39,19.536,0.0,0.01,0.03,-999.0,-999.0,-999.0,-999.0,-999.0,-999.0,-999.0,-999.0,SVA1_COADD-2971196063,8.158975,-43.072568,22.449745,21.062004,20.493252,20.097994,0.0121,0.0033,0.0031,0.0029,2971196063,2971196063,SVA1_COADD-2971196063         ,8.15895833333333,-43.0725555555556,0.39471,-9.999,4.0,DES_AAOmega         ,CLi 8 0.39471 4 {} | AKi 8 0.3,4,7200,4
EI0498  ,ATLAS3_J003238.3-434014C,00:32:38.35,-43:40:14.1,8.159792,-43.670579,0.88,1.36,0.018,1.05,1.464,0.118,0.02,0.118,0.02,0.118,0.02,0.121,0.02,0.121,0.02,0.121,0.02,-999.0,-999.0,P,-999.0,-999.0,ELAIS-S1,EI0498*SWIRE3_J003238.35-434013.0*m1*C0  ,-----------------------------------------------------,1,1,1,EI0498  ,SWIRE3_J003238.35-434013.0,258611,SWIRE3_J003238.35-434013.0,8.1598,-43.6703,0.00986,0.00806,23,182.04,1.89,211.17,1.94,0.07,CA0,2,148.05,1.78,172.69,2.07,0.06,CA0,0,119.96,6.27,77.63,8.84,0.01,CA0,0,173.34,4.98,234.27,8.69,0.03,CA0,0,-99.0,-99.0,-99.0,-99.0,-9.0,---,-99,23.989,0.033,22.488,0.022,21.354,0.009,22.753,21.232,20.224,0.0,0.0,0.01,-999.0,-999.0,-999.0,-999.0,-999.0,-999.0,-999.0,-999.0,SVA1_COADD-2971124624,8.159761,-43.670327,23.662104,21.585289,20.799107,20.574219,0.3587,0.0105,0.0131,0.0509,2971124624,2971124624,0092-00599                    ,8.15979,-43.6703,0.39317274,-9.999,4.0,PRIMUS              ,-                             ,-9,-9,4
EI0501  ,ATLAS3_J003239.3-430310C,00:32:39.36,-43:03:10.7,8.164003,-43.052984,0.17,0.26,0.021,1.04,1.478,2.506,0.13,2.506,0.13,2.506,0.13,2.523,0.132,2.523,0.132,2.523,0.132,-999.0,-999.0,P,-0.128,0.144,ELAIS-S1,EI0501*SWIRE3_J003239.38-430311.3*m1*C0  ,-----------------------------------------------------,4,1,1,EI0501  ,SWIRE3_J003239.38-430311.3,243981,SWIRE3_J003239.38-430311.3,8.16411,-43.05315,0.0119,0.0126,23,126.21,1.12,164.78,1.19,0.04,CA3,2,98.09,1.37,137.7,2.11,0.18,CA3,0,73.17,3.59,180.24,6.9,0.07,CA1,0,54.78,4.51,80.25,6.82,0.37,CA0,0,-999.0,-999.0,-999.0,-999.0,-999.0,---,-999,23.66,0.021,22.945,0.024,22.057,0.011,23.357,22.536,21.598,0.06,0.1,0.06,-999.0,-999.0,-999.0,-999.0,-999.0,-999.0,-999.0,-999.0,SVA1_COADD-2971198349,8.164014,-43.053157,23.430586,22.476254,21.459568,20.835524,0.0287,0.011,0.0073,0.0058,2971198349,2971198349,SVA1_COADD-2971198349         ,8.164,-43.0531666666667,0.9198,-9.999,3.0,DES_AAOmega         ,acr 7 0.91980 1 {} | CLi 7 0.9,5,12000,2
EI0513  ,ATLAS3_J003242.1-432630C,00:32:42.13,-43:26:30.4,8.175538,-43.441791,0.48,0.75,0.016,1.04,1.475,0.206,0.02,0.206,0.02,0.206,0.02,0.214,0.021,0.214,0.021,0.214,0.021,-999.0,-999.0,P,0.265,0.973,ELAIS-S1,EI0513*SWIRE3_J003242.01-432630.5*m1*C0  ,-----------------------------------------------------,1,1,1,EI0513  ,SWIRE3_J003242.01-432630.5,253176,SWIRE3_J003242.01-432630.5,8.17508,-43.44183,0.00691,0.00702,23,285.72,2.45,389.94,2.56,0.03,CA3,2,266.65,2.44,330.37,2.65,0.04,CA0,2,183.83,6.89,229.91,8.51,0.23,CA0,0,838.18,7.07,966.03,10.0,0.1,CA0,2,2150.97,25.5,2093.33,36.76,0.58,CA0,0,21.78,0.004,20.374,0.003,19.563,0.002,20.835,19.528,18.777,0.03,0.03,0.03,-999.0,-999.0,-999.0,-999.0,-999.0,-999.0,-999.0,-999.0,SVA1_COADD-2971150645,8.174986,-43.441758,21.25748,19.958553,19.372356,19.03976,0.0047,0.0014,0.0013,0.0012,2971150645,2971150645,SWIRE4 J003242.01-432630.6    ,8.175041666666665,-43.44183333333333,0.223,-9.999,-2.0,ATLAS               ,5                             ,-9,-9,2
EI0517  ,ATLAS3_J003244.0-434612C,00:32:44.01,-43:46:12.6,8.183358,-43.770155,0.58,0.9,0.018,1.05,1.461,0.185,0.021,0.185,0.021,0.185,0.021,0.191,0.022,0.191,0.022,0.191,0.022,-999.0,-999.0,P,-0.113,1.087,ELAIS-S1,EI0517*SWIRE3_J003243.97-434612.3*m1*C0  ,-----------------------------------------------------,1,1,1,EI0517  ,SWIRE3_J003243.97-434612.3,260201,SWIRE3_J003243.97-434612.3,8.18325,-43.77009,0.00997,0.00724,23,134.7,1.7,165.11,1.8,0.06,CA3,2,147.49,2.01,179.59,2.4,0.13,CA2,0,139.94,6.13,150.7,8.46,0.03,CA0,0,470.94,6.7,460.7,9.64,0.93,CA0,0,1172.24,26.72,974.43,30.58,0.83,CA0,0,22.768,0.012,21.521,0.01,20.807,0.005,22.136,20.955,20.238,0.01,0.02,0.04,-999.0,-999.0,-999.0,-999.0,-999.0,-999.0,-999.0,-999.0,SVA1_COADD-2971113431,8.18317,-43.770119,22.228228,20.998474,20.495655,20.075603,0.0106,0.0032,0.0033,0.0029,2971113431,2971113431,S599                          ,8.18325,-43.770088888888885,0.3532,-9.999,-2.0,ATLAS               ,-                             ,-9,-9,2
EI0518C1,ATLAS3_J003244.5-432446C,00:32:44.56,-43:24:46.6,8.18567,-43.412945,0.16,0.25,0.016,1.04,1.476,5.497,0.276,5.497,0.276,5.954,0.2840158446284291,5.495,0.278,5.495,0.278,5.952,0.2859597873827717,-999.0,-999.0,P,0.008,0.105,ELAIS-S1,EI0518C1*SWIRE3_J003244.58-432446.5*m2*C0,-----------------------------------------------------,2,2,1,EI0518C1,SWIRE3_J003244.58-432446.5,252137,SWIRE3_J003244.58-432446.5,8.18576,-43.41293,0.0105,0.0102,23,65.82,1.02,60.36,0.96,0.92,CA0,0,91.76,1.68,85.95,1.61,0.95,CA0,0,131.08,5.51,114.59,6.59,0.09,CA0,0,173.67,5.75,148.33,7.36,0.73,CA0,0,-99.0,-99.0,-99.0,-99.0,-9.0,---,-99,20.553,0.002,20.621,0.003,20.291,0.003,20.413,20.53,20.199,0.98,0.98,0.98,-999.0,-999.0,-999.0,-999.0,-999.0,-999.0,-999.0,-999.0,SVA1_COADD-2971153475,8.18564,-43.412949,21.48134,21.381905,20.915066,20.9718,0.0056,0.0044,0.0048,0.0065,2971153475,2971153475,S915                          ,8.185708333333332,-43.41293055555556,1.9487,-9.999,-2.0,ATLAS               ,-                             ,-9,-9,2
EI0524  ,ATLAS3_J003245.5-440010C,00:32:45.55,-44:00:10.5,8.189792,-44.002914,0.8,1.24,0.018,1.04,1.464,0.13,0.02,0.13,0.02,0.13,0.02,0.134,0.02,0.134,0.02,0.134,0.02,-999.0,-999.0,P,-999.0,-999.0,ELAIS-S1,EI0524*SWIRE3_J003245.61-440010.6*m1*C0  ,-----------------------------------------------------,1,1,1,EI0524  ,SWIRE3_J003245.61-440010.6,329422,SWIRE3_J003245.61-440010.6,8.19006,-44.00296,0.00972,0.00965,32,110.51,1.23,119.35,1.28,0.35,CA0,0,124.16,1.85,133.83,2.08,0.27,CA0,0,117.83,5.15,126.18,6.96,0.01,CA0,0,260.68,6.24,287.96,9.71,0.32,CA0,0,902.21,33.42,556.75,28.6,0.66,CA0,0,-999.0,-999.0,-999.0,-999.0,-999.0,-999.0,-999.0,-999.0,-999.0,-999.0,-999.0,-999.0,-999.0,-999.0,-999.0,-999.0,-999.0,-999.0,-999.0,-999.0,SVA1_COADD-2970693400,8.189994,-44.002933,21.218319,20.323,20.113634,19.75937,0.0044,0.0023,0.0026,0.0024,2970693400,2970693400,SVA1_COADD-2970693400         ,8.19,-44.0029444444444,0.37677,-9.999,4.0,DES_AAOmega         ,//                            ,9,21600,4
EI0525  ,ATLAS3_J003245.7-433251C,00:32:45.70,-43:32:51.1,8.190404,-43.547535,0.7,1.08,0.017,1.04,1.472,0.145,0.019,0.145,0.019,0.145,0.019,0.15,0.02,0.15,0.02,0.15,0.02,-999.0,-999.0,P,-999.0,-999.0,ELAIS-S1,EI0525*SWIRE3_J003245.70-433249.5*m1*C0  ,-----------------------------------------------------,1,1,1,EI0525  ,SWIRE3_J003245.70-433249.5,255114,SWIRE3_J003245.70-433249.5,8.19044,-43.5471,0.00828,0.00731,23,209.63,2.06,231.67,1.99,0.05,CA0,2,175.09,2.12,188.7,2.22,0.09,CA0,0,145.34,6.1,179.1,8.66,0.0,CA0,0,265.24,6.1,248.83,6.67,0.38,CA0,0,2025.94,31.71,1692.33,40.43,0.83,CA0,0,21.958,0.006,20.764,0.005,19.789,0.003,21.092,19.964,18.974,0.05,0.04,0.03,-999.0,-999.0,-999.0,-999.0,-999.0,-999.0,-999.0,-999.0,SVA1_COADD-2971139009,8.190356,-43.547135,21.478918,20.032473,19.597239,19.284302,0.0053,0.0014,0.0015,0.0015,2971139009,2971139009,SVA1_COADD-2971139009         ,8.190375,-43.5471388888889,0.41981,-9.999,4.0,DES_AAOmega         ,//                            ,5,12000,4
EI0526  ,ATLAS3_J003245.7-435308C,00:32:45.74,-43:53:08.4,8.190582,-43.885668,0.66,1.02,0.018,1.05,1.462,0.16,0.02,0.16,0.02,0.16,0.02,0.165,0.021,0.165,0.021,0.165,0.021,-999.0,-999.0,P,0.304,1.225,ELAIS-S1,EI0526*SWIRE3_J003245.66-435308.6*m1*C0  ,-----------------------------------------------------,1,1,1,EI0526  ,SWIRE3_J003245.66-435308.6,223437,SWIRE3_J003245.66-435308.6,8.19029,-43.88573,0.00742,0.00688,22,155.71,1.56,157.91,1.49,0.94,CA0,-1,223.73,1.8,218.97,1.7,0.85,CA0,0,419.79,7.18,378.17,7.08,0.85,CA0,0,644.91,5.49,640.15,7.41,0.61,CA0,1,1974.8,27.1,1637.85,34.9,0.89,CA0,0,19.526,0.002,19.477,0.002,19.291,0.002,19.274,19.264,19.026,0.98,0.98,0.98,-999.0,-999.0,-999.0,-999.0,-999.0,-999.0,-999.0,-999.0,SVA1_COADD-2971101035,8.190173,-43.885755,19.56308,19.502438,19.415817,19.208443,0.0009,0.0008,0.001,0.001,2971101035,2971101035,SVA1_COADD-2971101035         ,8.19016666666667,-43.88575,2.22167,-9.999,4.0,DES_AAOmega         ,//                            ,3,5400,4
EI0527  ,ATLAS3_J003245.8-440618C,00:32:45.80,-44:06:18.6,8.190827,-44.10517,0.97,1.5,0.018,1.04,1.466,0.106,0.019,0.106,0.019,0.106,0.019,0.11,0.02,0.11,0.02,0.11,0.02,-999.0,-999.0,P,-999.0,-999.0,ELAIS-S1,EI0527*SWIRE3_J003245.81-440619.0*m1*C0  ,-----------------------------------------------------,1,1,1,EI0527  ,SWIRE3_J003245.81-440619.0,331674,SWIRE3_J003245.81-440619.0,8.19091,-44.10528,0.0108,0.01,32,97.51,1.43,101.43,1.44,0.07,CA0,0,89.73,1.36,95.37,1.61,0.06,CA0,0,65.58,5.07,58.93,5.6,0.06,CA0,0,524.17,5.7,534.98,8.03,0.66,CA0,0,787.03,26.39,638.02,29.13,0.56,CA0,0,-999.0,-999.0,-999.0,-999.0,-999.0,-999.0,-999.0,-999.0,-999.0,-999.0,-999.0,-999.0,-999.0,-999.0,-999.0,-999.0,-999.0,-999.0,-999.0,-999.0,SVA1_COADD-2970684066,8.190866,-44.105246,20.409975,19.917112,19.66532,19.576878,0.0025,0.0018,0.0019,0.0022,2970684066,2970684066,SVA1_COADD-2970684066         ,8.190875,-44.10525,0.20888,-9.999,4.0,DES_AAOmega         ,CLi 8 0.20888 4 {} | JAB 8 0.2,3,7200,4
EI0532  ,ATLAS3_J003246.0-425614C,00:32:46.09,-42:56:14.6,8.192059,-42.937399,1.08,1.66,0.032,1.05,1.455,0.172,0.035,0.172,0.035,0.172,0.035,0.177,0.035,0.177,0.035,0.177,0.035,-999.0,-999.0,P,-999.0,-999.0,ELAIS-S1,EI0532*SWIRE3_J003245.52-425610.6*m1*C0  ,-----------------------------------------------------,3,1,1,EI0532  ,SWIRE3_J003245.52-425610.6,240410,SWIRE3_J003245.52-425610.6,8.1897,-42.9363,0.00979,0.0109,23,126.81,1.43,149.9,1.44,0.03,CA0,2,122.59,1.32,148.8,1.55,0.03,CA2,0,76.7,4.69,79.4,5.68,0.0,CA0,0,256.32,4.32,314.89,7.12,0.02,CA0,0,754.57,32.03,764.0,41.26,0.06,CA0,0,-999.0,-999.0,-999.0,-999.0,-999.0,-999.0,-999.0,-999.0,-999.0,-999.0,-999.0,-999.0,-999.0,-999.0,-999.0,-999.0,-999.0,-999.0,-999.0,-999.0,SVA1_COADD-2971210186,8.189599,-42.9363,21.38673,20.361414,19.9893,19.705185,0.0049,0.0019,0.002,0.0021,2971210186,2971210186,SVA1_COADD-2971210186         ,8.18958333333333,-42.9363055555555,0.35424,-9.999,4.0,DES_AAOmega         ,CLi 8 0.35424 4 {} | AKi 8 0.3,4,7200,4
EI0535  ,ATLAS3_J003246.5-431052C,00:32:46.57,-43:10:52.9,8.19403,-43.181359,0.94,1.45,0.018,1.04,1.482,0.108,0.019,0.108,0.019,0.108,0.019,0.113,0.02,0.113,0.02,0.113,0.02,-999.0,-999.0,P,-999.0,-999.0,ELAIS-S1,EI0535*SWIRE3_J003246.53-431052.1*m1*C0  ,-----------------------------------------------------,1,1,1,EI0535  ,SWIRE3_J003246.53-431052.1,246035,SWIRE3_J003246.53-431052.1,8.1939,-43.18116,0.00637,0.00731,23,247.0,2.22,268.97,2.1,0.59,CA0,1,206.28,2.27,217.96,2.25,0.16,CA0,1,149.5,6.22,197.75,9.72,0.15,CA0,0,782.51,7.54,839.13,9.83,0.41,CA0,1,1029.96,31.81,681.5,31.74,0.44,CA0,0,21.603,0.003,20.265,0.003,19.536,0.001,20.603,19.469,18.807,0.03,0.03,0.03,-999.0,-999.0,-999.0,-999.0,-999.0,-999.0,-999.0,-999.0,SVA1_COADD-2971182340,8.19382,-43.181168,21.266867,19.898054,19.389456,19.06402,0.0148,0.002,0.0021,0.0028,2971182340,2971182340,0095-00125                    ,8.19391,-43.18116,0.59077984,-9.999,4.0,PRIMUS              ,-                             ,-9,-9,4
EI0536  ,ATLAS3_J003246.8-434724C,00:32:46.81,-43:47:24.5,8.195025,-43.790143,0.78,1.2,0.018,1.05,1.462,0.137,0.02,0.137,0.02,0.137,0.02,0.141,0.021,0.141,0.021,0.141,0.021,-999.0,-999.0,P,-999.0,-999.0,ELAIS-S1,EI0536*SWIRE3_J003246.72-434724.3*m1*C0  ,-----------------------------------------------------,1,1,1,EI0536  ,SWIRE3_J003246.72-434724.3,260326,SWIRE3_J003246.72-434724.3,8.19469,-43.79009,0.00922,0.0107,23,197.97,1.99,270.93,2.31,0.11,CA0,1,163.54,2.08,209.56,2.65,0.06,CA0,2,132.38,5.98,158.62,8.5,0.0,CA0,0,100.7,5.81,131.2,8.03,0.21,CA2,0,-999.0,-999.0,-999.0,-999.0,-999.0,---,-999,22.372,0.009,20.937,0.006,19.817,0.003,21.6,20.15,18.984,0.17,0.09,0.07,-999.0,-999.0,-999.0,-999.0,-999.0,-999.0,-999.0,-999.0,SVA1_COADD-2971111435,8.194594,-43.790074,21.794287,20.027006,19.46066,19.173218,0.0074,0.0015,0.0014,0.0013,2971111435,2971111435,SVA1_COADD-2971111435         ,8.19458333333333,-43.7900833333333,0.37127,-9.999,4.0,DES_AAOmega         ,//                            ,4,9600,4
EI0539  ,ATLAS3_J003247.3-440820C,00:32:47.39,-44:08:20.7,8.197467,-44.13909,1.0,1.54,0.018,1.04,1.466,0.107,0.02,0.107,0.02,0.107,0.02,0.11,0.021,0.11,0.021,0.11,0.021,-999.0,-999.0,P,-999.0,-999.0,ELAIS-S1,EI0539*SWIRE3_J003247.49-440822.7*m1*C0  ,-----------------------------------------------------,1,1,1,EI0539  ,SWIRE3_J003247.49-440822.7,332254,SWIRE3_J003247.49-440822.7,8.19788,-44.13964,0.00878,0.0103,32,155.23,1.46,182.13,1.52,0.03,CA2,2,146.51,1.66,170.67,1.82,0.04,CA0,0,96.6,4.64,100.47,6.71,0.01,CA0,0,288.89,5.19,323.71,8.49,0.16,CA0,0,606.91,32.03,373.91,26.74,0.5,CA0,0,-999.0,-999.0,-999.0,-999.0,-999.0,-999.0,-999.0,-999.0,-999.0,-999.0,-999.0,-999.0,-999.0,-999.0,-999.0,-999.0,-999.0,-999.0,-999.0,-999.0,SVA1_COADD-2970680668,8.197791,-44.139576,22.102863,20.788092,20.32109,19.923677,0.0091,0.0034,0.0031,0.0028,2970680668,2970680668,SVA1_COADD-2970680668         ,8.19779166666667,-44.1395833333333,0.37667,-9.999,4.0,DES_AAOmega         ,CLi 8 0.37667 4 {} | JAB 8 0.3,3,7200,4
EI0540  ,ATLAS3_J003247.7-432114C,00:32:47.73,-43:21:14.9,8.198855,-43.354131,0.71,1.1,0.017,1.04,1.477,0.136,0.018,0.373,0.025,0.373,0.025,0.141,0.019,0.387,0.026,0.387,0.026,12.7,1.5,E,-999.0,-999.0,ELAIS-S1,EI0540*SWIRE3_J003248.49-432123.8*m1*C0  ,-----------------------------------------------------,4,1,1,EI0540  ,SWIRE3_J003248.49-432123.8,250288,SWIRE3_J003248.49-432123.8,8.20205,-43.35662,0.0094,0.00943,23,109.75,1.24,110.5,1.22,0.36,CA2,0,109.44,1.74,110.49,1.87,0.42,CA2,0,57.93,4.38,42.73,4.96,0.09,CA0,0,371.51,6.37,351.9,8.11,0.79,CA0,0,932.78,33.56,803.66,40.56,0.48,CA0,0,21.45,0.003,20.42,0.003,19.849,0.002,21.072,20.019,19.442,0.04,0.03,0.04,-999.0,-999.0,-999.0,-999.0,-999.0,-999.0,-999.0,-999.0,SVA1_COADD-2971160660,8.201962,-43.35662,21.034184,20.19862,19.782661,19.61143,0.0039,0.0017,0.0017,0.0019,2971160660,2971160660,S959                          ,8.202041666666666,-43.35661944444445,0.2876,-9.999,-2.0,ATLAS               ,-                             ,-9,-9,2
EI0546  ,ATLAS3_J003249.1-430520C,00:32:49.18,-43:05:20.2,8.204902,-43.088943,1.07,1.65,0.02,1.04,1.479,0.11,0.022,0.11,0.022,0.11,0.022,0.114,0.023,0.114,0.023,0.114,0.023,-999.0,-999.0,P,-999.0,-999.0,ELAIS-S1,EI0546*SWIRE3_J003249.31-430520.6*m1*C0  ,-----------------------------------------------------,1,1,1,EI0546  ,SWIRE3_J003249.31-430520.6,243569,SWIRE3_J003249.31-430520.6,8.20547,-43.08906,0.00972,0.00878,23,122.21,1.29,129.31,1.31,0.44,CA2,1,119.83,1.81,117.08,1.94,0.75,CA0,0,79.26,4.93,107.36,7.5,0.01,CA0,0,554.35,6.92,519.49,8.36,0.87,CA0,0,739.5,26.06,558.15,29.09,0.47,CA0,0,22.49,0.007,21.175,0.005,20.422,0.003,21.751,20.47,19.766,0.02,0.03,0.03,-999.0,-999.0,-999.0,-999.0,-999.0,-999.0,-999.0,-999.0,SVA1_COADD-2971194346,8.205389,-43.089097,22.02758,20.845324,20.303371,20.003298,0.0085,0.0028,0.0027,0.0027,2971194346,2971194346,0094-00485                    ,8.20546,-43.08907,0.22251546,-9.999,4.0,PRIMUS              ,-                             ,-9,-9,4
EI0550  ,ATLAS3_J003251.4-430534C,00:32:51.42,-43:05:34.7,8.214236,-43.092982,0.79,1.21,0.02,1.04,1.479,0.15,0.022,0.15,0.022,0.15,0.022,0.156,0.023,0.156,0.023,0.156,0.023,-999.0,-999.0,P,-999.0,-999.0,ELAIS-S1,EI0550*SWIRE3_J003251.40-430535.1*m1*C0  ,-----------------------------------------------------,1,1,1,EI0550  ,SWIRE3_J003251.40-430535.1,243401,SWIRE3_J003251.40-430535.1,8.21418,-43.0931,0.00878,0.00936,23,167.42,1.54,233.03,1.71,0.03,CA0,2,163.9,1.93,226.71,2.27,0.03,CA0,2,130.03,4.96,142.89,7.05,0.0,CA0,0,350.18,5.72,393.98,7.29,0.01,CA0,0,1134.72,26.38,811.16,29.48,0.32,CA0,0,21.647,0.004,20.637,0.003,19.868,0.002,20.606,19.608,18.905,0.03,0.03,0.03,-999.0,-999.0,-999.0,-999.0,-999.0,-999.0,-999.0,-999.0,SVA1_COADD-2971194265,8.214173,-43.093233,21.452898,20.33266,19.926723,19.625626,0.0054,0.0019,0.002,0.002,2971194265,2971194265,SVA1_COADD-2971194265         ,8.21416666666667,-43.0932222222222,0.39468,-9.999,4.0,DES_AAOmega         ,//                            ,6,14400,4
EI0553  ,ATLAS3_J003251.9-432910C,00:32:51.95,-43:29:10.5,8.216438,-43.486247,0.2,0.31,0.017,1.03,1.475,0.838,0.046,0.838,0.046,0.838,0.046,0.869,0.048,0.869,0.048,0.869,0.048,-999.0,-999.0,P,-0.4,0.271,ELAIS-S1,EI0553*SWIRE3_J003251.92-432910.4*m1*C0  ,-----------------------------------------------------,1,1,1,EI0553  ,SWIRE3_J003251.92-432910.4,252995,SWIRE3_J003251.92-432910.4,8.21635,-43.48624,0.00788,0.0095,23,215.91,2.1,300.69,2.37,0.05,CA2,2,180.03,2.21,242.87,2.72,0.31,CA2,1,152.56,7.19,157.06,8.58,0.07,CA2,0,175.42,5.87,191.79,8.39,0.75,CA0,0,-99.0,-99.0,-99.0,-99.0,-9.0,---,-99,21.364,0.004,20.077,0.003,19.299,0.002,20.748,19.407,18.608,0.06,0.05,0.03,-999.0,-999.0,-999.0,-999.0,-999.0,-999.0,-999.0,-999.0,SVA1_COADD-2971145744,8.216407,-43.486307,20.80021,19.6137,19.155396,18.916433,0.0033,0.0013,0.0011,0.0011,2971145744,2971145744,SWIRE3 J003251.92-432910.4    ,8.216333333333333,-43.48622222222222,0.28767,-9.999,-2.0,ATLAS               ,-                             ,-9,-9,2
EI0555  ,ATLAS3_J003253.5-442543C,00:32:53.50,-44:25:43.1,8.222914,-44.428652,0.33,0.52,0.025,1.05,1.471,0.49,0.036,0.49,0.036,0.49,0.036,0.507,0.037,0.507,0.037,0.507,0.037,-999.0,-999.0,P,-0.402,0.608,ELAIS-S1,EI0555*SWIRE3_J003253.50-442542.9*m1*C0  ,-----------------------------------------------------,1,1,1,EI0555  ,SWIRE3_J003253.50-442542.9,338187,SWIRE3_J003253.50-442542.9,8.22293,-44.42859,0.0118,0.0111,32,192.85,1.6,257.64,1.82,0.07,CA3,2,152.07,1.69,201.15,2.24,0.09,CA3,2,79.37,4.7,103.49,6.82,0.11,CA0,0,78.8,4.66,97.25,7.3,0.01,CA0,0,-999.0,-999.0,-999.0,-999.0,-999.0,---,-999,-999.0,-999.0,-999.0,-999.0,-999.0,-999.0,-999.0,-999.0,-999.0,-999.0,-999.0,-999.0,-999.0,-999.0,-999.0,-999.0,-999.0,-999.0,-999.0,-999.0,SVA1_COADD-2970656984,8.222869,-44.428569,21.304033,19.819927,19.330845,18.9966,0.0046,0.0015,0.0013,0.0012,2970656984,2970656984,S84                           ,8.222958333333333,-44.42858888888889,0.2767,-9.999,-2.0,ATLAS               ,-                             ,-9,-9,2
EI0557  ,ATLAS3_J003253.9-434441C,00:32:53.97,-43:44:41.7,8.224883,-43.744929,0.63,0.97,0.018,1.05,1.465,0.168,0.021,0.168,0.021,0.168,0.021,0.174,0.021,0.174,0.021,0.174,0.021,-999.0,-999.0,P,-999.0,-999.0,ELAIS-S1,EI0557*SWIRE3_J003254.01-434441.7*m1*C0  ,-----------------------------------------------------,1,1,1,EI0557  ,SWIRE3_J003254.01-434441.7,258467,SWIRE3_J003254.01-434441.7,8.22505,-43.74493,0.00911,0.00958,23,184.43,1.95,212.84,1.94,0.05,CA0,2,129.97,1.95,161.24,2.3,0.04,CA0,2,144.59,6.03,157.54,7.98,0.07,CA0,0,112.5,5.59,112.55,7.13,0.63,CA0,0,840.31,30.25,560.78,29.33,0.55,CA0,0,22.554,0.011,21.794,0.012,20.765,0.005,21.456,20.786,19.671,0.0,0.0,0.02,-999.0,-999.0,-999.0,-999.0,-999.0,-999.0,-999.0,-999.0,SVA1_COADD-2971116384,8.22492,-43.744931,22.359816,21.067225,20.482052,20.116,0.0088,0.003,0.0027,0.0025,2971116384,2971116384,S619                          ,8.225041666666668,-43.74491944444445,0.5545,-9.999,-2.0,ATLAS               ,-                             ,-9,-9,2
EI0559  ,ATLAS3_J003254.5-442728C,00:32:54.59,-44:27:28.4,8.227456,-44.457887,0.43,0.66,0.025,1.05,1.468,0.368,0.033,0.368,0.033,0.368,0.033,0.381,0.034,0.381,0.034,0.381,0.034,-999.0,-999.0,P,-999.0,-999.0,ELAIS-S1,EI0559*SWIRE3_J003254.58-442728.0*m1*C0  ,-----------------------------------------------------,1,1,1,EI0559  ,SWIRE3_J003254.58-442728.0,338797,SWIRE3_J003254.58-442728.0,8.22743,-44.4578,0.00918,0.00976,32,379.14,2.01,819.01,2.74,0.03,EK2,2,310.48,2.01,666.83,3.13,0.03,EK3,2,206.53,4.86,423.09,11.22,0.0,CA0,0,566.23,5.13,1371.43,11.95,0.01,CA0,2,1274.44,30.23,1280.24,43.34,0.1,CA0,0,-999.0,-999.0,-999.0,-999.0,-999.0,-999.0,-999.0,-999.0,-999.0,-999.0,-999.0,-999.0,-999.0,-999.0,-999.0,-999.0,-999.0,-999.0,-999.0,-999.0,SVA1_COADD-2970654839,8.227398,-44.457793,20.655472,19.329779,18.841793,18.499336,0.0028,0.001,0.0009,0.0008,2970654839,2970654839,TGS890Z262                    ,8.227458333333333,-44.457972222222224,0.231683,-9.999,4.0,2dFGRS              ,-                             ,-9,-9,4
EI0565  ,ATLAS3_J003255.3-431411C,00:32:55.38,-43:14:11.7,8.230732,-43.23657,0.96,1.49,0.018,1.04,1.481,0.108,0.019,0.108,0.019,0.108,0.019,0.112,0.02,0.112,0.02,0.112,0.02,-999.0,-999.0,P,-999.0,-999.0,ELAIS-S1,EI0565*SWIRE3_J003255.46-431411.4*m1*C0  ,-----------------------------------------------------,1,1,1,EI0565  ,SWIRE3_J003255.46-431411.4,246231,SWIRE3_J003255.46-431411.4,8.2311,-43.23652,0.0102,0.00997,23,109.4,1.22,104.96,1.16,0.97,CA2,0,81.46,1.41,73.58,1.5,0.97,CA0,0,108.28,4.7,115.65,6.16,0.34,CA0,0,117.73,5.35,98.6,6.58,0.3,CA0,0,703.5,30.43,441.2,26.71,0.54,CA0,0,25.104,0.074,23.561,0.048,22.208,0.015,25.338,23.187,21.857,0.35,0.02,0.1,-999.0,-999.0,-999.0,-999.0,-999.0,-999.0,-999.0,-999.0,SVA1_COADD-2971174583,8.230999,-43.236553,24.316187,22.537434,21.745071,21.190502,0.0614,0.0116,0.0093,0.0079,2971174583,2971174583,SVA1_COADD-2971174583         ,8.231,-43.2365555555556,0.58664,-9.999,3.0,DES_AAOmega         ,acr 7 0.58664 1 {} | CLi 7 0.5,5,12000,2
EI0566  ,ATLAS3_J003255.4-434025C,00:32:55.49,-43:40:25.0,8.231227,-43.673623,0.69,1.06,0.017,1.05,1.468,0.148,0.02,0.148,0.02,0.148,0.02,0.153,0.02,0.153,0.02,0.153,0.02,-999.0,-999.0,P,-999.0,-999.0,ELAIS-S1,EI0566*SWIRE3_J003255.56-434024.9*m1*C0  ,-----------------------------------------------------,2,1,1,EI0566  ,SWIRE3_J003255.56-434024.9,256734,SWIRE3_J003255.56-434024.9,8.23154,-43.6736,0.0118,0.0107,23,121.7,1.29,132.27,1.32,0.69,CA3,0,82.45,1.57,95.3,2.02,0.68,CA3,0,70.61,4.48,60.93,5.19,0.08,CA0,0,66.42,5.52,71.72,7.25,0.39,CA0,0,731.96,25.14,511.57,26.2,0.48,CA0,0,-99.0,-99.0,-99.0,-99.0,22.084,0.016,-99.0,-99.0,20.967,99.99,99.99,0.0,-999.0,-999.0,-999.0,-999.0,-999.0,-999.0,-999.0,-999.0,SVA1_COADD-2971124534,8.231425,-43.673629,23.840597,22.393555,21.588,21.137564,0.0483,0.013,0.0089,0.0092,2971124534,2971124534,SVA1_COADD-2971124534         ,8.23141666666667,-43.6736388888889,0.65719,-9.999,3.0,DES_AAOmega         ,                              ,7,16900,2
EI0572  ,ATLAS3_J003256.9-430832C,00:32:56.95,-43:08:32.1,8.237306,-43.142238,0.18,0.27,0.019,1.04,1.481,1.489,0.078,1.867,0.095,1.867,0.095,1.556,0.083,1.951,0.101,1.951,0.101,4.8,0.9,E,-0.783,0.166,ELAIS-S1,EI0572*SWIRE3_J003256.92-430831.9*m1*C0  ,-----------------------------------------------------,1,1,1,EI0572  ,SWIRE3_J003256.92-430831.9,243867,SWIRE3_J003256.92-430831.9,8.23718,-43.14221,0.0118,0.0118,23,116.64,1.3,127.12,1.36,0.53,CA0,1,85.31,1.15,91.26,1.39,0.13,CA0,0,49.43,4.29,34.46,4.35,0.06,CA0,0,52.15,3.93,48.93,4.45,0.35,CA0,0,-999.0,-999.0,-999.0,-999.0,-999.0,---,-999,-99.0,-99.0,24.432,0.099,23.121,0.03,-99.0,24.431,22.79,99.99,0.35,0.76,-999.0,-999.0,-999.0,-999.0,-999.0,-999.0,-999.0,-999.0,SVA1_COADD-2971188167,8.237093,-43.142191,25.829565,23.441261,22.222523,21.2579,0.2641,0.0272,0.0149,0.009,2971188167,2971188167,SVA1_COADD-2971188167         ,8.23708333333333,-43.1421944444444,1.00336,-9.999,3.0,DES_AAOmega         ,CLi 9 1.00336 3 {} | JAB 9 0.3,18,43200,2
EI0573  ,ATLAS3_J003256.9-435010C,00:32:56.98,-43:50:10.4,8.237405,-43.836215,0.66,1.01,0.017,1.05,1.464,0.156,0.02,0.156,0.02,0.156,0.02,0.161,0.02,0.161,0.02,0.161,0.02,-999.0,-999.0,P,-999.0,-999.0,ELAIS-S1,EI0573*SWIRE3_J003256.97-435009.4*m1*C0  ,-----------------------------------------------------,1,1,1,EI0573  ,SWIRE3_J003256.97-435009.4,220768,SWIRE3_J003256.97-435009.4,8.2374,-43.83596,0.0101,0.0103,22,88.64,1.36,86.11,1.33,0.83,CA0,0,90.96,1.33,85.51,1.32,0.85,CA0,0,132.8,6.22,147.72,8.84,0.12,CA0,0,98.0,4.51,62.77,4.77,0.54,CA0,0,1321.37,26.55,1124.66,34.35,0.56,CA0,0,24.02,0.039,23.402,0.048,22.476,0.023,23.361,23.026,22.011,0.0,0.58,0.17,-999.0,-999.0,-999.0,-999.0,-999.0,-999.0,-999.0,-999.0,SVA1_COADD-2971106386,8.237273,-43.835948,23.83976,22.605745,22.00303,21.584362,0.0438,0.0143,0.0133,0.013,2971106386,2971106386,SVA1_COADD-2971106386         ,8.23729166666667,-43.8359444444445,0.62362,-9.999,3.0,DES_AAOmega         ,                              ,19,45600,2
EI0575  ,ATLAS3_J003257.5-433427C,00:32:57.52,-43:34:27.6,8.239656,-43.574322,0.26,0.4,0.017,1.04,1.473,0.467,0.03,0.467,0.03,0.467,0.03,0.484,0.031,0.484,0.031,0.484,0.031,-999.0,-999.0,P,-0.499,0.473,ELAIS-S1,EI0575*SWIRE3_J003257.44-433427.0*m1*C0  ,-----------------------------------------------------,1,1,1,EI0575  ,SWIRE3_J003257.44-433427.0,254372,SWIRE3_J003257.44-433427.0,8.23936,-43.57417,0.00806,0.00799,23,312.49,2.45,422.41,2.69,0.08,EK3,2,262.9,2.27,338.94,2.62,0.04,CA0,2,205.91,5.66,249.16,8.14,0.02,CA0,0,890.93,6.95,910.75,8.91,0.78,CA0,1,1587.5,32.92,1269.8,37.85,0.73,CA0,0,21.005,0.003,19.776,0.003,19.116,0.002,20.024,18.94,18.26,0.05,0.03,0.03,-999.0,-999.0,-999.0,-999.0,-999.0,-999.0,-999.0,-999.0,SVA1_COADD-2971137478,8.239274,-43.574192,20.425455,19.347834,18.889742,18.580599,0.0018,0.0007,0.0006,0.0006,2971137478,2971137478,S760                          ,8.239333333333335,-43.57415,0.1789,-9.999,-2.0,ATLAS               ,-                             ,-9,-9,2
EI0582  ,ATLAS3_J003259.0-430217C,00:32:59.04,-43:02:17.8,8.246002,-43.038276,0.76,1.17,0.023,1.04,1.473,0.175,0.025,0.175,0.025,0.175,0.025,0.181,0.026,0.181,0.026,0.181,0.026,-999.0,-999.0,P,-999.0,-999.0,ELAIS-S1,EI0582*SWIRE3_J003259.04-430217.6*m1*C0  ,-----------------------------------------------------,1,1,1,EI0582  ,SWIRE3_J003259.04-430217.6,241021,SWIRE3_J003259.04-430217.6,8.246,-43.03825,0.00781,0.00907,23,164.94,1.49,168.72,1.42,0.68,CA2,1,129.61,1.53,123.52,1.47,0.64,CA2,0,127.99,4.9,140.56,6.61,0.26,CA0,0,166.35,4.73,169.61,6.62,0.67,CA2,0,1231.59,25.21,928.73,29.82,0.66,CA0,0,23.666,0.021,22.746,0.02,21.794,0.009,23.216,22.206,21.276,0.04,0.01,0.14,-999.0,-999.0,-999.0,-999.0,-999.0,-999.0,-999.0,-999.0,SVA1_COADD-2971200070,8.245897,-43.038258,23.44546,22.233225,21.274107,20.708542,0.0293,0.009,0.0062,0.0051,2971200070,2971200070,0095-00600                    ,8.24598,-43.03827,0.6687511,-9.999,4.0,PRIMUS              ,-                             ,-9,-9,4
EI0591  ,ATLAS3_J003301.0-430353C,00:33:01.02,-43:03:53.2,8.254248,-43.064791,0.64,1.0,0.021,1.04,1.476,0.195,0.024,0.195,0.024,0.195,0.024,0.202,0.025,0.202,0.025,0.202,0.025,-999.0,-999.0,P,0.39,1.322,ELAIS-S1,EI0591*SWIRE3_J003300.99-430353.3*m1*C0  ,-----------------------------------------------------,1,1,1,EI0591  ,SWIRE3_J003300.99-430353.3,241420,SWIRE3_J003300.99-430353.3,8.25416,-43.06481,0.0127,0.0126,23,120.03,1.29,155.82,1.54,0.06,CA3,2,82.05,1.57,110.22,2.43,0.15,CA3,0,55.33,4.84,75.27,6.12,0.03,CA0,0,58.47,5.41,39.58,5.82,0.36,CA0,0,-999.0,-999.0,-999.0,-999.0,-999.0,---,-999,-99.0,-99.0,23.909,0.062,22.441,0.016,-99.0,23.487,21.902,99.99,0.66,0.66,-999.0,-999.0,-999.0,-999.0,-999.0,-999.0,-999.0,-999.0,SVA1_COADD-2971196892,8.254071,-43.064816,24.990677,22.883549,21.640125,20.891174,0.1213,0.0161,0.0087,0.0062,2971196892,2971196892,SVA1_COADD-2971196892         ,8.25408333333334,-43.0648055555556,0.92499,-9.999,4.0,DES_AAOmega         ,                              ,9,21600,4
EI0592  ,ATLAS3_J003301.3-441303C,00:33:01.37,-44:13:03.8,8.255711,-44.217727,0.44,0.67,0.018,1.04,1.47,0.259,0.023,0.364,0.026,0.364,0.026,0.268,0.024,0.377,0.027,0.377,0.027,6.1,1.2,E,-1.213,1.539,ELAIS-S1,EI0592*SWIRE3_J003301.54-441305.9*m1*C0  ,-----------------------------------------------------,4,1,1,EI0592  ,SWIRE3_J003301.54-441305.9,332386,SWIRE3_J003301.54-441305.9,8.25642,-44.21831,0.00601,0.00562,32,179.57,1.65,163.05,1.44,0.98,CA0,0,325.52,2.44,298.16,2.12,0.98,CA0,0,539.35,8.85,534.95,10.0,0.86,CA0,0,854.4,6.8,810.23,8.92,0.89,CA0,-1,2177.71,32.92,1718.11,38.28,0.94,CA0,0,-999.0,-999.0,-999.0,-999.0,-999.0,-999.0,-999.0,-999.0,-999.0,-999.0,-999.0,-999.0,-999.0,-999.0,-999.0,-999.0,-999.0,-999.0,-999.0,-999.0,SVA1_COADD-2970674319,8.256331,-44.218294,20.220354,19.87947,19.88874,19.916336,0.0021,0.0016,0.0022,0.0029,2970674319,2970674319,SVA1_COADD-2970674319         ,8.25633333333333,-44.2183055555556,1.42642,-9.999,4.0,DES_AAOmega         ,CLi 12 1.42642 4 {AGN} | JAB 1,6,14400,4
EI0599  ,ATLAS3_J003302.9-434138C,00:33:02.95,-43:41:38.1,8.262283,-43.69391,1.1,1.7,0.017,1.05,1.469,0.09,0.018,0.09,0.018,0.09,0.018,0.094,0.019,0.094,0.019,0.094,0.019,-999.0,-999.0,P,-999.0,-999.0,ELAIS-S1,EI0599*SWIRE3_J003302.98-434137.1*m1*C0  ,-----------------------------------------------------,1,1,1,EI0599  ,SWIRE3_J003302.98-434137.1,256307,SWIRE3_J003302.98-434137.1,8.26245,-43.69365,0.0107,0.00932,23,86.29,1.35,89.19,1.38,0.46,CA3,0,89.23,1.65,98.48,2.02,0.19,CA3,0,62.29,5.82,50.23,5.45,0.48,CA0,0,242.57,5.99,255.66,8.84,0.89,CA0,0,1061.24,30.16,879.22,34.98,0.5,CA0,0,22.391,0.009,21.197,0.007,20.566,0.004,21.895,20.76,20.062,0.03,0.05,0.03,-999.0,-999.0,-999.0,-999.0,-999.0,-999.0,-999.0,-999.0,SVA1_COADD-2971122435,8.262319,-43.693603,21.768394,20.724478,20.330008,19.970566,0.0049,0.002,0.0021,0.002,2971122435,2971122435,0092-00248                    ,8.26243,-43.69361,0.3302151,-9.999,4.0,PRIMUS              ,-                             ,-9,-9,4
EI0603  ,ATLAS3_J003303.9-442603C,00:33:03.92,-44:26:03.1,8.266345,-44.434198,0.96,1.48,0.024,1.05,1.47,0.148,0.026,0.148,0.026,0.148,0.026,0.153,0.027,0.153,0.027,0.153,0.027,-999.0,-999.0,P,-999.0,-999.0,ELAIS-S1,EI0603*SWIRE3_J003303.92-442601.6*m1*C0  ,-----------------------------------------------------,1,1,1,EI0603  ,SWIRE3_J003303.92-442601.6,336997,SWIRE3_J003303.92-442601.6,8.26635,-44.43379,0.00936,0.00961,32,98.35,1.28,105.68,1.31,0.06,CA0,0,111.76,1.45,112.6,1.57,0.29,CA0,0,78.53,4.65,74.4,5.75,0.02,CA0,0,589.31,5.83,530.42,6.98,0.61,CA0,0,2071.71,25.31,1992.2,39.37,0.89,CA2,0,-999.0,-999.0,-999.0,-999.0,-999.0,-999.0,-999.0,-999.0,-999.0,-999.0,-999.0,-999.0,-999.0,-999.0,-999.0,-999.0,-999.0,-999.0,-999.0,-999.0,SVA1_COADD-2970656129,8.266317,-44.433752,20.478146,20.005869,19.661108,19.67006,0.0024,0.0017,0.0018,0.0022,2970656129,2970656129,SVA1_COADD-2970656129         ,8.26633333333333,-44.43375,0.234,-9.999,4.0,DES_AAOmega         ,//                            ,3,7200,4
EI0606  ,ATLAS3_J003304.3-431450C,00:33:04.38,-43:14:50.5,8.268269,-43.247364,1.03,1.59,0.018,1.04,1.48,0.1,0.019,0.1,0.019,0.1,0.019,0.104,0.02,0.104,0.02,0.104,0.02,-999.0,-999.0,P,-999.0,-999.0,ELAIS-S1,EI0606*SWIRE3_J003304.54-431454.1*m1*C0  ,-----------------------------------------------------,1,1,1,EI0606  ,SWIRE3_J003304.54-431454.1,245382,SWIRE3_J003304.54-431454.1,8.26895,-43.24838,0.0103,0.0128,23,77.1,0.92,83.14,1.02,0.41,CA0,0,67.55,1.48,69.62,1.68,0.67,CA0,0,46.76,3.84,46.6,4.28,0.22,CA0,0,317.15,6.22,273.35,7.37,0.93,CA0,0,649.38,26.05,625.18,30.18,0.51,CA0,0,21.585,0.004,20.794,0.004,20.318,0.003,21.009,20.214,19.766,0.03,0.03,0.03,-999.0,-999.0,-999.0,-999.0,-999.0,-999.0,-999.0,-999.0,SVA1_COADD-2971173273,8.268802,-43.248311,21.290285,20.640524,20.2967,20.180853,0.0043,0.0023,0.0026,0.0032,2971173273,2971173273,0095-01713                    ,8.26894,-43.24837,0.20287019,-9.999,4.0,PRIMUS              ,-                             ,-9,-9,4
EI0609  ,ATLAS3_J003305.1-434651C,00:33:05.14,-43:46:51.5,8.271419,-43.780959,0.18,0.27,0.018,1.05,1.467,1.457,0.077,1.457,0.077,1.457,0.077,1.488,0.079,1.488,0.079,1.488,0.079,-999.0,-999.0,P,-0.442,0.172,ELAIS-S1,EI0609*SWIRE3_J003305.14-434652.6*m1*C0  ,-----------------------------------------------------,1,1,1,EI0609  ,SWIRE3_J003305.14-434652.6,257993,SWIRE3_J003305.14-434652.6,8.27144,-43.78128,0.0146,0.0131,23,120.13,1.61,188.35,2.08,0.04,CA0,2,89.5,1.37,132.26,2.01,0.08,CA0,2,82.63,5.68,87.46,7.36,0.0,CA0,0,59.02,4.43,42.96,4.42,0.47,CA0,0,-999.0,-999.0,-999.0,-999.0,-999.0,---,-999,24.164,0.038,22.755,0.028,21.559,0.01,23.035,21.573,20.455,0.0,0.0,0.02,-999.0,-999.0,-999.0,-999.0,-999.0,-999.0,-999.0,-999.0,SVA1_COADD-2971112206,8.271395,-43.781124,23.584929,21.864594,21.039412,20.544405,0.0242,0.0054,0.004,0.0034,2971112206,2971112206,S585                          ,8.271416666666667,-43.78128888888889,0.5475,-9.999,-2.0,ATLAS               ,-                             ,-9,-9,2
EI0614  ,ATLAS3_J003305.8-431531C,00:33:05.88,-43:15:31.5,8.27448,-43.258746,0.37,0.57,0.018,1.04,1.479,0.301,0.024,0.301,0.024,0.301,0.024,0.313,0.025,0.313,0.025,0.313,0.025,-999.0,-999.0,P,-1.122,0.741,ELAIS-S1,EI0614*SWIRE3_J003305.87-431531.8*m1*C0  ,-----------------------------------------------------,1,1,1,EI0614  ,SWIRE3_J003305.87-431531.8,245468,SWIRE3_J003305.87-431531.8,8.27447,-43.25886,0.014,0.0134,23,59.94,0.88,58.07,0.92,0.86,CA0,0,47.2,0.99,46.15,1.09,0.92,CA0,0,37.77,4.19,18.43,3.21,0.06,CA0,0,44.17,4.09,46.15,4.18,0.03,CA0,0,441.31,26.38,250.51,16.92,0.37,CA0,0,-99.0,-99.0,-99.0,-99.0,23.642,0.048,-99.0,-99.0,23.405,99.99,99.99,0.18,-999.0,-999.0,-999.0,-999.0,-999.0,-999.0,-999.0,-999.0,SVA1_COADD-2971171692,8.27437,-43.258886,25.317184,23.892248,22.760828,22.264969,0.1504,0.0397,0.0236,0.0212,2971171692,2971171692,SVA1_COADD-2971171692         ,8.274375,-43.2588888888889,0.84676,-9.999,4.0,DES_AAOmega         ,AMo 9 0.84676 2 {} | CLi 9 0.8,21,46800,4
EI0617  ,ATLAS3_J003306.3-433018C,00:33:06.38,-43:30:18.7,8.276589,-43.505201,0.87,1.35,0.018,1.03,1.475,0.118,0.019,0.118,0.019,0.118,0.019,0.122,0.02,0.122,0.02,0.122,0.02,-999.0,-999.0,P,-999.0,-999.0,ELAIS-S1,EI0617*SWIRE3_J003306.44-433017.7*m1*C0  ,-----------------------------------------------------,1,1,1,EI0617  ,SWIRE3_J003306.44-433017.7,251533,SWIRE3_J003306.44-433017.7,8.27687,-43.50494,0.00994,0.00961,23,172.43,1.88,235.83,2.09,0.03,CA0,2,161.01,2.07,213.98,2.42,0.03,CA0,2,123.84,5.98,157.81,8.88,0.05,CA0,0,329.7,6.39,456.83,10.86,0.01,CA0,0,789.01,27.58,736.19,35.82,0.0,CA0,0,-99.0,-99.0,21.903,0.013,21.066,0.007,-99.0,20.112,19.372,99.99,0.0,0.01,-999.0,-999.0,-999.0,-999.0,-999.0,-999.0,-999.0,-999.0,SVA1_COADD-2971143915,8.276819,-43.50503,22.92497,21.42535,20.94416,20.493168,99.0,0.0088,99.0,0.0098,2971143915,2971143915,S838                          ,8.276875,-43.50493888888889,0.3219,-9.999,-2.0,ATLAS               ,-                             ,-9,-9,2
EI0622  ,ATLAS3_J003307.5-440408C,00:33:07.52,-44:04:08.9,8.281338,-44.069146,1.07,1.65,0.018,1.04,1.465,0.095,0.019,0.095,0.019,0.095,0.019,0.098,0.02,0.098,0.02,0.098,0.02,-999.0,-999.0,P,-999.0,-999.0,ELAIS-S1,EI0622*SWIRE3_J003307.48-440409.6*m1*C0  ,-----------------------------------------------------,1,1,1,EI0622  ,SWIRE3_J003307.48-440409.6,225092,SWIRE3_J003307.48-440409.6,8.28118,-44.06936,0.0106,0.0134,22,85.29,1.21,85.14,1.19,0.95,CA0,0,65.13,1.19,63.77,1.24,0.87,CA0,0,67.82,4.57,51.54,4.14,0.01,CA0,0,47.63,4.29,44.6,4.6,0.28,CA0,0,-99.0,-99.0,-99.0,-99.0,-9.0,---,-99,-999.0,-999.0,-999.0,-999.0,-999.0,-999.0,-999.0,-999.0,-999.0,-999.0,-999.0,-999.0,-999.0,-999.0,-999.0,-999.0,-999.0,-999.0,-999.0,-999.0,SVA1_COADD-2970687314,8.281082,-44.06932,23.640203,22.237974,21.655508,21.220911,0.0346,0.0122,0.0101,0.009,2970687314,2970687314,SVA1_COADD-2970687314         ,8.28108333333333,-44.0693333333333,0.5622,-9.999,3.0,DES_AAOmega         ,CLi 7 0.56220 4 {} | EMa 7 0.5,15,33600,2
EI0629C3,ATLAS3_J003311.1-435510C,00:33:11.16,-43:55:10.3,8.296506,-43.91954,0.18,0.28,0.019,1.04,1.466,1.254,0.067,1.756,0.095,5.163,0.2648206940554306,1.295,0.069,1.814,0.098,5.332,0.2734154348240055,6.1,0.8,E,-1.067,0.275,ELAIS-S1,EI0629C3*SWIRE3_J003311.21-435512.3*m3*C0,-----------------------------------------------------,1,3,1,EI0629C3,SWIRE3_J003311.21-435512.3,220994,SWIRE3_J003311.21-435512.3,8.29675,-43.9201,0.0115,0.00936,22,255.26,1.74,423.45,2.24,0.03,EK2,2,212.22,2.33,339.36,3.35,0.03,CA0,2,147.31,4.66,220.72,8.42,0.0,CA0,0,83.38,5.65,115.7,7.59,0.56,CA0,0,-999.0,-999.0,-999.0,-999.0,-999.0,---,-999,21.968,0.006,20.402,0.004,19.393,0.002,20.89,19.319,18.275,0.02,0.03,0.03,-999.0,-999.0,-999.0,-999.0,-999.0,-999.0,-999.0,-999.0,SVA1_COADD-2970702289,8.296677,-43.920109,21.323751,19.704826,19.193405,18.875885,0.0032,0.0008,0.0008,0.0007,2970702289,2970702289,S483                          ,8.296750000000001,-43.92008888888888,0.3164,-9.999,-2.0,ATLAS               ,-                             ,-9,-9,2
EI0630  ,ATLAS3_J003309.1-432654C,00:33:09.17,-43:26:54.9,8.288222,-43.448582,1.03,1.59,0.017,1.03,1.476,0.096,0.018,0.096,0.018,0.096,0.018,0.099,0.019,0.099,0.019,0.099,0.019,-999.0,-999.0,P,-999.0,-999.0,ELAIS-S1,EI0630*SWIRE3_J003309.17-432653.0*m1*C0  ,-----------------------------------------------------,1,1,1,EI0630  ,SWIRE3_J003309.17-432653.0,249864,SWIRE3_J003309.17-432653.0,8.28823,-43.44806,0.00842,0.00778,23,168.31,1.87,166.83,1.76,0.95,CA3,-1,158.52,1.81,161.21,1.99,0.91,CA0,0,175.56,6.32,164.83,7.92,0.63,CA0,0,197.24,5.28,175.79,6.67,0.82,CA2,0,1195.08,25.05,765.14,26.86,0.67,CA0,0,21.65,0.006,21.078,0.007,20.861,0.006,21.439,20.892,20.649,0.96,0.98,0.95,-999.0,-999.0,-999.0,-999.0,-999.0,-999.0,-999.0,-999.0,SVA1_COADD-2971149575,8.288162,-43.448083,21.417429,21.155416,20.906607,20.582409,0.0063,0.0039,0.0049,0.0051,2971149575,2971149575,GALEXASC J003309.05-432652.0  ,8.288200378417969,-43.44810104370117,1.1415,-9.999,-2.0,NED                 ,-                             ,-9,-9,2
EI0643  ,ATLAS3_J003312.2-441951C,00:33:12.23,-44:19:51.4,8.300938,-44.330944,0.16,0.25,0.022,1.04,1.475,17.734,0.905,17.734,0.905,17.734,0.905,17.871,0.916,17.871,0.916,17.871,0.916,-999.0,-999.0,P,-0.148,0.101,ELAIS-S1,EI0643*SWIRE3_J003312.15-441951.1*m1*C0  ,-----------------------------------------------------,4,1,1,EI0643  ,SWIRE3_J003312.15-441951.1,333683,SWIRE3_J003312.15-441951.1,8.30063,-44.33088,0.0108,0.0157,32,95.21,1.16,132.94,1.41,0.03,CA3,2,78.12,1.17,105.15,1.71,0.04,CA3,0,55.84,3.9,48.66,4.51,0.2,CA0,0,39.05,3.9,25.24,2.85,0.35,CA1,0,-999.0,-999.0,-999.0,-999.0,-999.0,---,-999,-999.0,-999.0,-999.0,-999.0,-999.0,-999.0,-999.0,-999.0,-999.0,-999.0,-999.0,-999.0,-999.0,-999.0,-999.0,-999.0,-999.0,-999.0,-999.0,-999.0,SVA1_COADD-2970665059,8.300769,-44.330901,25.06237,23.435385,22.306555,21.418411,0.1286,0.0366,0.0184,0.0109,2970665059,2970665059,SVA1_COADD-2970665059         ,8.30075,-44.3308888888889,0.98787,-9.999,3.0,DES_AAOmega         ,NES 2 0.98787 2 {} | CLi 10 0.,19,46200,2
EI0644  ,ATLAS3_J003312.7-434131C,00:33:12.71,-43:41:31.1,8.302977,-43.691986,1.07,1.65,0.017,1.04,1.471,0.092,0.018,0.092,0.018,0.092,0.018,0.095,0.019,0.095,0.019,0.095,0.019,-999.0,-999.0,P,-999.0,-999.0,ELAIS-S1,EI0644*SWIRE3_J003312.75-434131.9*m1*C0  ,-----------------------------------------------------,1,1,1,EI0644  ,SWIRE3_J003312.75-434131.9,255157,SWIRE3_J003312.75-434131.9,8.30315,-43.6922,0.00983,0.00968,23,127.05,1.43,132.82,1.44,0.81,CA0,0,102.13,1.51,98.09,1.64,0.86,CA0,0,57.86,5.25,41.21,4.4,0.48,CA0,0,81.95,4.9,69.99,5.29,0.48,CA0,0,633.49,29.44,761.42,37.76,0.01,CA0,0,24.532,0.065,23.683,0.076,22.542,0.029,24.147,23.801,21.975,0.36,0.48,0.05,-999.0,-999.0,-999.0,-999.0,-999.0,-999.0,-999.0,-999.0,SVA1_COADD-2971122415,8.303013,-43.692233,24.118074,23.01039,22.061815,21.35724,0.0534,0.0205,0.0148,0.0106,2971122415,2971122415,SVA1_COADD-2971122415         ,8.303,-43.6922222222222,1.03203,-9.999,4.0,DES_AAOmega         ,//                            ,16,36600,4
EI0646  ,ATLAS3_J003313.9-431522C,00:33:13.99,-43:15:22.8,8.30828,-43.256346,0.53,0.82,0.017,1.04,1.479,0.193,0.02,0.193,0.02,0.193,0.02,0.201,0.021,0.201,0.021,0.201,0.021,-999.0,-999.0,P,-0.647,1.066,ELAIS-S1,EI0646*SWIRE3_J003313.99-431523.3*m1*C0  ,-----------------------------------------------------,1,1,1,EI0646  ,SWIRE3_J003313.99-431523.3,244430,SWIRE3_J003313.99-431523.3,8.30832,-43.25649,0.00688,0.00623,23,234.93,2.18,263.88,2.12,0.18,CA2,1,215.84,2.33,222.74,2.34,0.43,CA0,0,180.25,6.41,155.11,7.37,0.01,CA0,0,1042.78,8.11,1013.13,10.55,0.9,CA0,-1,2992.53,27.77,2519.66,38.47,0.95,CA0,0,21.948,0.005,20.578,0.003,19.773,0.002,20.923,19.624,18.888,0.03,0.03,0.03,-999.0,-999.0,-999.0,-999.0,-999.0,-999.0,-999.0,-999.0,SVA1_COADD-2971172474,8.308277,-43.25647,21.331615,20.122477,19.48422,19.168642,0.0082,0.0031,0.0028,0.0027,2971172474,2971172474,S1053                         ,8.308333333333335,-43.25648055555556,0.209,-9.999,-2.0,ATLAS               ,-                             ,-9,-9,2
EI0662  ,ATLAS3_J003319.1-442446C,00:33:19.14,-44:24:46.9,8.329756,-44.413022,0.53,0.82,0.023,1.04,1.473,0.254,0.027,0.472,0.033,0.472,0.033,0.263,0.028,0.49,0.034,0.49,0.034,8.9,1.2,E,-999.0,-999.0,ELAIS-S1,EI0662*SWIRE3_J003319.04-442446.0*m1*C0  ,-----------------------------------------------------,1,1,1,EI0662  ,SWIRE3_J003319.04-442446.0,334757,SWIRE3_J003319.04-442446.0,8.32934,-44.41278,0.0085,0.00806,32,279.08,1.99,892.36,3.41,0.03,EK0,2,190.95,2.11,572.46,3.93,0.02,EK0,2,234.07,5.9,511.33,13.02,0.0,CA0,2,1578.78,8.75,3910.46,16.05,0.03,EK0,2,2995.73,31.25,3074.57,47.98,0.02,CA0,2,-999.0,-999.0,-999.0,-999.0,-999.0,-999.0,-999.0,-999.0,-999.0,-999.0,-999.0,-999.0,-999.0,-999.0,-999.0,-999.0,-999.0,-999.0,-999.0,-999.0,SVA1_COADD-2970658893,8.329194,-44.412677,20.10686,19.423336,19.09336,18.873236,0.0019,0.0011,0.0011,0.0011,2970658893,2970658893,TGS890Z249                    ,8.329458333333333,-44.41286111111111,0.08782,-9.999,5.0,2dFGRS              ,-                             ,-9,-9,4
EI0663  ,ATLAS3_J003319.2-425730C,00:33:19.24,-42:57:30.9,8.330159,-42.95858,1.07,1.65,0.029,1.05,1.459,0.155,0.031,0.155,0.031,0.155,0.031,0.16,0.032,0.16,0.032,0.16,0.032,-999.0,-999.0,P,-999.0,-999.0,ELAIS-S1,EI0663*SWIRE3_J003319.25-425730.3*m1*C0  ,-----------------------------------------------------,1,1,1,EI0663  ,SWIRE3_J003319.25-425730.3,236900,SWIRE3_J003319.25-425730.3,8.33024,-42.95844,0.00695,0.00803,23,217.78,1.81,268.15,1.84,0.03,CA0,2,213.66,1.71,256.48,1.86,0.04,CA0,2,162.4,5.17,146.12,5.55,0.02,CA0,0,874.81,5.72,994.79,7.54,0.04,CA0,2,1638.7,31.66,1387.66,41.76,0.59,CA0,0,-999.0,-999.0,-999.0,-999.0,-999.0,-999.0,-999.0,-999.0,-999.0,-999.0,-999.0,-999.0,-999.0,-999.0,-999.0,-999.0,-999.0,-999.0,-999.0,-999.0,SVA1_COADD-2971208583,8.3302,-42.958444,21.190094,20.116207,19.599392,19.317368,0.0043,0.0016,0.0015,0.0015,2971208583,2971208583,SVA1_COADD-2971208583         ,8.33020833333333,-42.9584444444444,0.22504,-9.999,4.0,DES_AAOmega         ,//                            ,3,7200,4
EI0666C2,ATLAS3_J003320.8-430205C,00:33:20.86,-43:02:05.8,8.336905,-43.034954,0.17,0.26,0.022,1.04,1.473,3.4,0.173,4.919,0.25,9.877,0.3153807223024261,3.557,0.182,5.147,0.263,10.335,0.3319608410641231,6.4,0.7,E,-0.89,0.105,ELAIS-S1,EI0666C2*SWIRE3_J003320.68-430203.6*m3*C0,-----------------------------------------------------,4,3,1,EI0666C2,SWIRE3_J003320.68-430203.6,238434,SWIRE3_J003320.68-430203.6,8.33617,-43.03435,0.0122,0.0143,23,194.12,1.66,334.09,2.17,0.03,EK3,2,156.44,1.69,242.99,2.61,0.04,CA1,2,111.95,4.84,149.17,7.72,0.02,CA0,0,72.15,4.58,68.5,6.6,0.06,CA0,0,-999.0,-999.0,-999.0,-999.0,-999.0,---,-999,22.505,0.007,21.021,0.005,19.808,0.002,21.615,20.1,18.924,0.04,0.05,0.05,-999.0,-999.0,-999.0,-999.0,-999.0,-999.0,-999.0,-999.0,SVA1_COADD-2971202240,8.336115,-43.034306,22.01436,20.194538,19.588833,19.288101,0.0084,0.0016,0.0015,0.0015,2971202240,2971202240,S1192                         ,8.336208333333333,-43.03435833333333,0.369,-9.999,-2.0,ATLAS               ,-                             ,-9,-9,2
EI0668  ,ATLAS3_J003319.9-442615C,00:33:19.98,-44:26:15.8,8.333254,-44.437731,0.3,0.46,0.023,1.04,1.471,0.524,0.036,0.741,0.044,0.741,0.044,0.543,0.037,0.767,0.045,0.767,0.045,6.2,1.0,E,-0.789,0.866,ELAIS-S1,EI0668*SWIRE3_J003320.02-442617.5*m1*C0  ,-----------------------------------------------------,1,1,1,EI0668  ,SWIRE3_J003320.02-442617.5,335213,SWIRE3_J003320.02-442617.5,8.33344,-44.43821,0.0059,0.00562,32,425.08,2.93,638.27,3.29,0.03,EK3,2,312.36,2.76,496.85,3.7,0.03,CA3,2,407.93,8.17,488.32,12.05,0.01,CA0,0,2924.97,11.98,3394.39,13.74,0.04,EK0,2,4408.17,28.01,4004.5,40.76,0.81,CA3,-1,-999.0,-999.0,-999.0,-999.0,-999.0,-999.0,-999.0,-999.0,-999.0,-999.0,-999.0,-999.0,-999.0,-999.0,-999.0,-999.0,-999.0,-999.0,-999.0,-999.0,SVA1_COADD-2970656450,8.333356,-44.438102,19.271128,18.726997,18.424107,18.249653,0.0011,0.0007,0.0007,0.0007,2970656450,2970656450,S81                           ,8.333458333333335,-44.43816111111111,0.0885,-9.999,-2.0,ATLAS               ,-                             ,-9,-9,2
EI0669  ,ATLAS3_J003320.0-434251C,00:33:20.00,-43:42:51.9,8.333348,-43.714404,0.3,0.47,0.017,1.04,1.473,0.368,0.026,0.368,0.026,0.368,0.026,0.381,0.026,0.381,0.026,0.381,0.026,-999.0,-999.0,P,-0.331,0.545,ELAIS-S1,EI0669*SWIRE3_J003320.00-434252.4*m1*C0  ,-----------------------------------------------------,1,1,1,EI0669  ,SWIRE3_J003320.00-434252.4,254855,SWIRE3_J003320.00-434252.4,8.33337,-43.71456,0.0137,0.0113,23,167.14,1.92,350.38,2.85,0.03,EK3,2,132.63,1.93,263.75,3.38,0.03,CA3,2,95.12,5.69,121.49,8.67,0.0,CA0,0,105.15,5.59,200.95,12.15,0.0,CA0,0,-999.0,-999.0,-999.0,-999.0,-999.0,---,-999,22.647,0.012,21.242,0.009,20.204,0.004,20.695,19.412,18.508,0.0,0.01,0.03,-999.0,-999.0,-999.0,-999.0,-999.0,-999.0,-999.0,-999.0,SVA1_COADD-2971120840,8.3333,-43.714533,22.09304,20.438015,19.862833,19.514496,0.0063,0.0016,0.0014,0.0013,2971120840,2971120840,S656*                         ,8.333375,-43.71453888888889,0.3754,-9.999,-2.0,ATLAS               ,-                             ,-9,-9,2
EI0672  ,ATLAS3_J003320.4-442312C,00:33:20.49,-44:23:12.5,8.335388,-44.386797,0.39,0.61,0.023,1.04,1.474,0.356,0.03,0.622,0.038,0.622,0.038,0.369,0.031,0.645,0.04,0.645,0.04,8.3,1.0,E,-1.315,1.109,ELAIS-S1,EI0672*SWIRE3_J003320.89-442316.1*m1*C0  ,-----------------------------------------------------,4,1,1,EI0672  ,SWIRE3_J003320.89-442316.1,333963,SWIRE3_J003320.89-442316.1,8.33708,-44.38781,0.00767,0.00918,32,164.15,1.83,190.76,1.98,0.07,CA2,2,178.09,2.18,196.04,2.4,0.08,CA2,0,122.77,6.28,126.0,7.99,0.13,CA0,0,546.55,6.98,541.46,9.72,0.85,CA0,0,1574.08,25.07,1228.89,30.23,0.89,CA0,0,-999.0,-999.0,-999.0,-999.0,-999.0,-999.0,-999.0,-999.0,-999.0,-999.0,-999.0,-999.0,-999.0,-999.0,-999.0,-999.0,-999.0,-999.0,-999.0,-999.0,SVA1_COADD-2970660123,8.336944,-44.387781,20.585043,19.778385,19.49954,19.132998,0.0027,0.0014,0.0015,0.0014,2970660123,2970660123,S106                          ,8.337083333333334,-44.38782777777778,0.3141,-9.999,-2.0,ATLAS               ,-                             ,-9,-9,2
EI0673  ,ATLAS3_J003320.7-434030C,00:33:20.74,-43:40:30.0,8.336397,-43.675009,0.34,0.52,0.016,1.04,1.473,0.315,0.023,0.315,0.023,0.315,0.023,0.326,0.024,0.326,0.024,0.326,0.024,-999.0,-999.0,P,-1.326,0.679,ELAIS-S1,EI0673*SWIRE3_J003320.74-434030.1*m1*C0  ,-----------------------------------------------------,1,1,1,EI0673  ,SWIRE3_J003320.74-434030.1,253860,SWIRE3_J003320.74-434030.1,8.33644,-43.67503,0.00734,0.00724,23,243.81,1.52,286.25,1.55,0.2,CA2,1,276.69,2.11,284.75,2.05,0.61,CA0,1,265.02,4.84,304.75,7.17,0.02,CA0,0,575.3,5.74,582.47,8.53,0.78,CA0,1,2821.66,26.57,2462.41,35.39,0.95,CA0,0,21.995,0.007,20.822,0.006,19.93,0.003,21.161,19.95,19.08,0.02,0.02,0.03,-999.0,-999.0,-999.0,-999.0,-999.0,-999.0,-999.0,-999.0,SVA1_COADD-2971124501,8.336331,-43.67504,21.526623,20.137476,19.698143,19.32262,0.0051,0.0015,0.0015,0.0013,2971124501,2971124501,S693*                         ,8.336458333333335,-43.675041666666665,0.3952,-9.999,-2.0,ATLAS               ,-                             ,-9,-9,2
EI0675  ,ATLAS3_J003320.9-433719C,00:33:20.92,-43:37:19.4,8.337179,-43.622055,0.78,1.21,0.016,1.04,1.474,0.12,0.018,0.216,0.019,0.216,0.019,0.125,0.019,0.224,0.02,0.224,0.02,8.6,1.7,E,-999.0,-999.0,ELAIS-S1,EI0675*SWIRE3_J003320.68-433716.6*m1*C0  ,-----------------------------------------------------,4,1,1,EI0675  ,SWIRE3_J003320.68-433716.6,252597,SWIRE3_J003320.68-433716.6,8.33617,-43.62129,0.0117,0.0104,23,90.63,1.4,128.07,1.97,0.15,CA2,1,88.92,1.64,104.36,2.15,0.78,CA0,0,78.8,5.77,83.0,7.28,0.01,CA0,0,127.84,5.55,109.28,6.45,0.62,CA0,0,-99.0,-99.0,-99.0,-99.0,-9.0,---,-99,22.656,0.012,21.343,0.009,20.44,0.004,21.832,20.436,19.475,0.63,0.34,0.87,-999.0,-999.0,-999.0,-999.0,-999.0,-999.0,-999.0,-999.0,SVA1_COADD-2971130892,8.336067,-43.62131,21.960646,20.559269,20.092434,19.803988,0.0057,0.0017,0.0017,0.0017,2971130892,2971130892,S729                          ,8.336166666666667,-43.62131111111111,0.2874,-9.999,-2.0,ATLAS               ,-                             ,-9,-9,2
EI0681  ,ATLAS3_J003322.1-440810C,00:33:22.17,-44:08:10.8,8.342361,-44.136327,0.96,1.48,0.017,1.04,1.467,0.101,0.018,0.101,0.018,0.101,0.018,0.104,0.019,0.104,0.019,0.104,0.019,-999.0,-999.0,P,-999.0,-999.0,ELAIS-S1,EI0681*SWIRE3_J003322.21-440812.4*m1*C0  ,-----------------------------------------------------,1,1,1,EI0681  ,SWIRE3_J003322.21-440812.4,224865,SWIRE3_J003322.21-440812.4,8.34255,-44.13678,0.0112,0.0111,22,110.36,1.24,118.04,1.26,0.18,CA2,0,83.96,1.31,96.38,1.75,0.07,CA0,0,102.54,4.85,121.01,7.58,0.0,CA0,0,93.29,4.63,114.84,7.08,0.42,CA0,0,560.56,25.3,539.84,30.48,0.31,CA0,0,-999.0,-999.0,-999.0,-999.0,-999.0,-999.0,-999.0,-999.0,-999.0,-999.0,-999.0,-999.0,-999.0,-999.0,-999.0,-999.0,-999.0,-999.0,-999.0,-999.0,SVA1_COADD-2970680996,8.342484,-44.13674,22.380056,21.191973,20.730228,20.403513,0.0117,0.0049,0.0044,0.0043,2970680996,2970680996,SVA1_COADD-2970680996         ,8.3425,-44.13675,0.57954,-9.999,4.0,DES_AAOmega         ,                              ,9,18700,4
EI0684  ,ATLAS3_J003322.3-432634C,00:33:22.39,-43:26:34.1,8.343286,-43.442795,0.32,0.5,0.017,1.04,1.476,0.355,0.025,0.355,0.025,0.355,0.025,0.369,0.026,0.369,0.026,0.369,0.026,-999.0,-999.0,P,-0.924,0.594,ELAIS-S1,EI0684*SWIRE3_J003322.35-432633.1*m1*C0  ,-----------------------------------------------------,1,1,1,EI0684  ,SWIRE3_J003322.35-432633.1,247906,SWIRE3_J003322.35-432633.1,8.34316,-43.44254,0.00752,0.00673,23,189.11,1.59,201.54,1.57,0.78,CA0,1,191.66,1.96,198.64,1.99,0.83,CA0,0,278.71,5.77,269.53,6.48,0.81,CA0,0,899.08,6.69,881.4,8.29,0.91,CA0,-1,14145.21,34.57,12659.44,48.28,0.86,CA0,-1,21.489,0.003,20.078,0.002,19.479,0.001,20.629,19.307,18.724,0.03,0.03,0.03,-999.0,-999.0,-999.0,-999.0,-999.0,-999.0,-999.0,-999.0,SVA1_COADD-2971150788,8.343112,-43.442528,20.870203,19.84078,19.520063,19.269125,0.0033,0.0012,0.0014,0.0014,2971150788,2971150788,S890                          ,8.343166666666667,-43.44253888888888,0.3158,-9.999,-2.0,ATLAS               ,-                             ,-9,-9,2
EI0690  ,ATLAS3_J003323.4-425658C,00:33:23.41,-42:56:58.5,8.347555,-42.949573,0.81,1.25,0.03,1.05,1.457,0.214,0.033,0.214,0.033,0.214,0.033,0.22,0.034,0.22,0.034,0.22,0.034,-999.0,-999.0,P,-999.0,-999.0,ELAIS-S1,EI0690*SWIRE3_J003323.43-425657.1*m1*C0  ,-----------------------------------------------------,2,1,1,EI0690  ,SWIRE3_J003323.43-425657.1,236122,SWIRE3_J003323.43-425657.1,8.34766,-42.94921,0.00986,0.0105,23,98.25,1.47,105.75,1.47,0.53,CA3,0,105.94,1.55,111.42,1.71,0.24,CA3,0,93.75,5.92,143.25,9.28,0.0,CA1,0,290.69,5.06,313.61,8.0,0.15,CA3,0,1504.06,32.38,1631.42,49.0,0.03,CA0,0,-999.0,-999.0,-999.0,-999.0,-999.0,-999.0,-999.0,-999.0,-999.0,-999.0,-999.0,-999.0,-999.0,-999.0,-999.0,-999.0,-999.0,-999.0,-999.0,-999.0,SVA1_COADD-2971208570,8.34755,-42.949158,23.323353,21.878176,21.36359,20.951649,0.0259,0.0067,0.0067,0.0066,2971208570,2971208570,SVA1_COADD-2971208570         ,8.34754166666667,-42.9491666666667,0.44159,-9.999,4.0,DES_AAOmega         ,//                            ,7,15000,4
EI0698  ,ATLAS3_J003324.0-434504C,00:33:24.04,-43:45:04.6,8.350179,-43.751291,0.41,0.63,0.017,1.04,1.473,0.251,0.022,0.251,0.022,0.251,0.022,0.26,0.022,0.26,0.022,0.26,0.022,-999.0,-999.0,P,-0.644,0.761,ELAIS-S1,EI0698*SWIRE3_J003324.06-434504.7*m1*C0  ,-----------------------------------------------------,1,1,1,EI0698  ,SWIRE3_J003324.06-434504.7,255151,SWIRE3_J003324.06-434504.7,8.35028,-43.75132,0.0122,0.0119,23,123.73,1.61,151.4,1.79,0.34,CA2,1,80.74,1.28,94.68,1.67,0.27,CA0,0,54.84,5.51,47.61,6.0,0.58,CA0,0,46.92,4.47,29.83,3.52,0.08,CA0,0,-999.0,-999.0,-999.0,-999.0,-999.0,---,-999,24.056,0.036,22.796,0.029,21.536,0.01,23.45,22.108,20.841,0.29,0.21,0.66,-999.0,-999.0,-999.0,-999.0,-999.0,-999.0,-999.0,-999.0,SVA1_COADD-2971115777,8.350109,-43.751301,23.483429,21.724136,20.788965,20.426495,0.0214,0.0046,0.0031,0.003,2971115777,2971115777,0092-01697                    ,8.35027,-43.75134,0.6521888,-9.999,4.0,PRIMUS              ,-                             ,-9,-9,4
EI0701  ,ATLAS3_J003324.4-433211C,00:33:24.41,-43:32:11.4,8.351691,-43.536489,0.25,0.39,0.017,1.04,1.476,0.503,0.031,0.503,0.031,0.503,0.031,0.522,0.033,0.522,0.033,0.522,0.033,-999.0,-999.0,P,-0.615,0.438,ELAIS-S1,EI0701*SWIRE3_J003324.38-433211.5*m1*C0  ,-----------------------------------------------------,1,1,1,EI0701  ,SWIRE3_J003324.38-433211.5,250060,SWIRE3_J003324.38-433211.5,8.35162,-43.53654,0.00994,0.0111,23,150.62,1.34,176.0,1.39,0.03,CA0,2,107.7,1.35,120.38,1.55,0.03,CA0,0,70.89,4.59,60.44,5.76,0.0,CA0,0,57.57,4.43,28.67,3.65,0.34,CA0,0,-999.0,-999.0,-999.0,-999.0,-999.0,---,-999,23.573,0.023,22.211,0.018,20.945,0.006,22.923,21.527,20.282,0.15,0.17,0.3,-999.0,-999.0,-999.0,-999.0,-999.0,-999.0,-999.0,-999.0,SVA1_COADD-2971140412,8.351668,-43.536595,22.92768,21.185085,20.45337,20.059496,0.0133,0.0029,0.0023,0.0022,2971140412,2971140412,S810                          ,8.351625,-43.53653055555555,0.5287,-9.999,-2.0,ATLAS               ,-                             ,-9,-9,2
EI0707  ,ATLAS3_J003325.8-434827C,00:33:25.80,-43:48:27.4,8.35749,-43.807608,0.61,0.94,0.017,1.04,1.472,0.165,0.02,0.165,0.02,0.165,0.02,0.171,0.02,0.171,0.02,0.171,0.02,-999.0,-999.0,P,0.152,1.193,ELAIS-S1,EI0707*SWIRE3_J003325.72-434826.0*m1*C0  ,-----------------------------------------------------,1,1,1,EI0707  ,SWIRE3_J003325.72-434826.0,216545,SWIRE3_J003325.72-434826.0,8.35717,-43.80724,0.00925,0.00774,22,91.96,1.12,85.61,1.07,0.97,CA0,0,175.57,1.73,165.31,1.65,0.95,CA0,0,319.47,6.58,339.25,8.76,0.64,CA0,0,530.56,5.59,506.6,7.51,0.96,CA0,0,2069.34,33.1,2059.95,47.02,0.93,CA0,0,20.76,0.003,20.532,0.004,20.383,0.004,20.543,20.366,20.196,0.98,0.98,0.98,-999.0,-999.0,-999.0,-999.0,-999.0,-999.0,-999.0,-999.0,SVA1_COADD-2971108787,8.357033,-43.807258,20.204502,20.198092,20.088451,20.07926,0.0015,0.0013,0.0017,0.0022,2971108787,2971108787,S576                          ,8.357125000000002,-43.80723055555556,1.6907,-9.999,-2.0,ATLAS               ,-                             ,-9,-9,2
EI0711  ,ATLAS3_J003326.1-434050C,00:33:26.18,-43:40:50.9,8.359071,-43.680812,0.5,0.78,0.017,1.04,1.474,0.204,0.02,0.204,0.02,0.204,0.02,0.212,0.021,0.212,0.021,0.212,0.021,-999.0,-999.0,P,0.493,0.963,ELAIS-S1,EI0711*SWIRE3_J003326.19-434051.0*m1*C0  ,-----------------------------------------------------,1,1,1,EI0711  ,SWIRE3_J003326.19-434051.0,253301,SWIRE3_J003326.19-434051.0,8.35914,-43.68084,0.0067,0.0099,23,179.15,1.93,247.79,2.1,0.03,CA0,2,179.41,2.19,237.89,2.53,0.03,CA0,2,120.25,6.07,161.73,9.64,0.02,CA0,0,794.81,7.83,1030.72,10.69,0.03,CA0,2,1350.22,25.66,1084.87,28.83,0.25,CA0,0,21.397,0.004,20.503,0.004,19.976,0.003,20.118,19.284,18.756,0.03,0.03,0.03,-999.0,-999.0,-999.0,-999.0,-999.0,-999.0,-999.0,-999.0,SVA1_COADD-2971124154,8.359166,-43.680914,21.10313,20.247995,19.822023,19.581114,0.0029,0.0014,0.0013,0.0014,2971124154,2971124154,SWIRE4 J003326.18-434051.0    ,8.359083333333333,-43.680833333333325,0.2232,-9.999,-2.0,ATLAS               ,5                             ,-9,-9,2
EI0713  ,ATLAS3_J003327.3-441330C,00:33:27.32,-44:13:30.5,8.363825,-44.225131,0.22,0.34,0.018,1.04,1.471,0.679,0.039,0.679,0.039,0.679,0.039,0.703,0.041,0.703,0.041,0.703,0.041,-999.0,-999.0,P,-1.181,0.353,ELAIS-S1,EI0713*SWIRE3_J003327.31-441331.5*m1*C0  ,-----------------------------------------------------,1,1,1,EI0713  ,SWIRE3_J003327.31-441331.5,329514,SWIRE3_J003327.31-441331.5,8.36382,-44.22542,0.00551,0.00497,32,475.53,2.85,655.76,3.1,0.14,EK0,1,523.4,3.48,603.97,3.45,0.06,CA2,2,414.75,8.21,487.9,10.68,0.03,CA0,0,2399.8,10.94,2572.27,12.37,0.18,CA0,1,4058.98,32.24,3680.88,46.4,0.93,CA0,-1,-999.0,-999.0,-999.0,-999.0,-999.0,-999.0,-999.0,-999.0,-999.0,-999.0,-999.0,-999.0,-999.0,-999.0,-999.0,-999.0,-999.0,-999.0,-999.0,-999.0,SVA1_COADD-2970674891,8.363695,-44.225402,20.677618,19.48955,18.933565,18.60254,0.0031,0.0012,0.001,0.0009,2970674891,2970674891,S231                          ,8.363750000000001,-44.22539166666667,0.2318,-9.999,-2.0,ATLAS               ,-                             ,-9,-9,2
EI0714  ,ATLAS3_J003327.4-441658C,00:33:27.43,-44:16:58.5,8.364303,-44.282926,0.76,1.17,0.019,1.04,1.474,0.147,0.021,0.147,0.021,0.147,0.021,0.152,0.022,0.152,0.022,0.152,0.022,-999.0,-999.0,P,-999.0,-999.0,ELAIS-S1,EI0714*SWIRE3_J003327.46-441700.2*m1*C0  ,-----------------------------------------------------,1,1,1,EI0714  ,SWIRE3_J003327.46-441700.2,330809,SWIRE3_J003327.46-441700.2,8.36442,-44.28341,0.00731,0.00684,32,207.78,2.02,223.19,1.96,0.23,CA0,1,222.67,2.34,221.83,2.29,0.9,CA0,0,326.97,7.57,328.99,8.66,0.79,CA0,0,542.36,6.97,480.12,8.27,0.96,CA0,0,2706.3,31.37,2185.9,41.25,0.96,CA0,0,-999.0,-999.0,-999.0,-999.0,-999.0,-999.0,-999.0,-999.0,-999.0,-999.0,-999.0,-999.0,-999.0,-999.0,-999.0,-999.0,-999.0,-999.0,-999.0,-999.0,SVA1_COADD-2970668967,8.364349,-44.283394,22.566965,21.154373,20.43034,20.095697,0.0142,0.0048,0.0035,0.0033,2970668967,2970668967,S180                          ,8.364416666666667,-44.28340833333333,0.5592,-9.999,-2.0,ATLAS               ,-                             ,-9,-9,2
EI0727  ,ATLAS3_J003329.6-434610C,00:33:29.69,-43:46:10.9,8.373696,-43.769683,0.62,0.95,0.017,1.04,1.473,0.164,0.02,0.164,0.02,0.164,0.02,0.169,0.02,0.169,0.02,0.169,0.02,-999.0,-999.0,P,-999.0,-999.0,ELAIS-S1,EI0727*SWIRE3_J003329.76-434610.2*m1*C0  ,-----------------------------------------------------,1,1,1,EI0727  ,SWIRE3_J003329.76-434610.2,215137,SWIRE3_J003329.76-434610.2,8.37402,-43.76951,0.00983,0.00914,22,231.85,2.23,444.71,2.83,0.03,EK2,2,158.97,1.74,297.66,2.62,0.03,CA0,2,133.49,6.05,176.43,9.7,0.09,CA2,0,82.67,4.56,90.94,6.06,0.08,CA0,0,-999.0,-999.0,-999.0,-999.0,-999.0,---,-999,23.502,0.021,21.944,0.014,20.593,0.005,22.709,21.062,19.767,0.16,0.15,0.09,-999.0,-999.0,-999.0,-999.0,-999.0,-999.0,-999.0,-999.0,SVA1_COADD-2971113758,8.374072,-43.769672,22.748623,20.836885,19.96247,19.554153,0.0111,0.0022,0.0015,0.0014,2971113758,2971113758,SVA1_COADD-2971113758         ,8.37408333333333,-43.7696666666667,0.55322,-9.999,4.0,DES_AAOmega         ,//                            ,4,9600,4
EI0731  ,ATLAS3_J003330.7-440548C,00:33:30.71,-44:05:48.1,8.377972,-44.0967,0.47,0.73,0.018,1.04,1.466,0.226,0.022,0.226,0.022,0.226,0.022,0.234,0.022,0.234,0.022,0.234,0.022,-999.0,-999.0,P,-0.796,0.964,ELAIS-S1,EI0731*SWIRE3_J003330.64-440548.2*m1*C0  ,-----------------------------------------------------,1,1,1,EI0731  ,SWIRE3_J003330.64-440548.2,222795,SWIRE3_J003330.64-440548.2,8.3777,-44.09674,0.0107,0.0117,22,78.42,1.27,74.24,1.26,0.98,CA0,0,56.54,1.38,52.92,1.57,0.91,CA0,0,56.3,5.29,42.67,5.38,0.14,CA0,0,66.5,5.43,55.36,5.14,0.48,CA0,0,680.12,24.65,796.64,34.02,0.54,CA0,0,-999.0,-999.0,-999.0,-999.0,-999.0,-999.0,-999.0,-999.0,-999.0,-999.0,-999.0,-999.0,-999.0,-999.0,-999.0,-999.0,-999.0,-999.0,-999.0,-999.0,SVA1_COADD-2970684775,8.377633,-44.096698,25.23533,23.447758,22.569221,22.034483,0.153,0.0371,0.0233,0.019,2970684775,2970684775,SVA1_COADD-2970684775         ,8.377625,-44.0966944444444,0.72934,-9.999,3.0,DES_AAOmega         ,NES 9 0.72934 2 {} | CLi 9 0.7,17,41400,2
EI0733  ,ATLAS3_J003331.4-441036C,00:33:31.40,-44:10:36.7,8.380831,-44.176858,0.9,1.39,0.017,1.04,1.468,0.111,0.019,0.111,0.019,0.111,0.019,0.115,0.019,0.115,0.019,0.115,0.019,-999.0,-999.0,P,-999.0,-999.0,ELAIS-S1,EI0733*SWIRE3_J003331.35-441039.3*m1*C0  ,-----------------------------------------------------,1,1,1,EI0733  ,SWIRE3_J003331.35-441039.3,224701,SWIRE3_J003331.35-441039.3,8.38066,-44.17759,0.00598,0.00562,22,279.43,2.27,273.15,2.07,0.97,CA3,-1,324.78,2.77,305.54,2.45,0.97,CA2,0,403.65,8.16,407.84,9.87,0.18,CA0,0,606.25,7.01,579.64,8.8,0.88,CA0,-1,2129.6,29.84,1757.27,35.78,0.94,CA0,0,-999.0,-999.0,-999.0,-999.0,-999.0,-999.0,-999.0,-999.0,-999.0,-999.0,-999.0,-999.0,-999.0,-999.0,-999.0,-999.0,-999.0,-999.0,-999.0,-999.0,SVA1_COADD-2970678251,8.380584,-44.177579,19.576618,19.591484,19.68197,19.52958,0.0014,0.0013,0.0019,0.002,2970678251,2970678251,SVA1_COADD-2970678251         ,8.38058333333333,-44.1775833333333,0.87634,-9.999,4.0,DES_AAOmega         ,                              ,75,173500,4
EI0736  ,ATLAS3_J003332.2-430526C,00:33:32.26,-43:05:26.0,8.384413,-43.090546,0.6,0.92,0.02,1.03,1.479,0.196,0.023,0.196,0.023,0.196,0.023,0.204,0.024,0.204,0.024,0.204,0.024,-999.0,-999.0,P,-999.0,-999.0,ELAIS-S1,EI0736*SWIRE3_J003332.27-430526.3*m1*C0  ,-----------------------------------------------------,1,1,1,EI0736  ,SWIRE3_J003332.27-430526.3,238314,SWIRE3_J003332.27-430526.3,8.38449,-43.09064,0.00396,0.00396,23,590.6,2.72,586.68,2.4,0.98,CA0,-1,844.16,3.48,803.52,2.98,0.98,CA0,-1,1212.87,9.9,1123.81,9.07,0.58,CA0,1,1770.13,7.83,1684.83,8.89,0.9,CA0,-1,3527.36,31.52,3100.81,42.67,0.96,CA0,0,19.034,0.001,18.572,0.001,18.12,0.001,18.882,18.451,17.998,0.98,0.98,0.98,-999.0,-999.0,-999.0,-999.0,-999.0,-999.0,-999.0,-999.0,SVA1_COADD-2971194281,8.384498,-43.090601,18.979412,18.512989,18.37841,18.321785,0.0009,0.0005,0.0006,0.0007,2971194281,2971194281,SVA1_COADD-2971194281         ,8.3845,-43.0906111111111,1.1582,-9.999,4.0,DES_AAOmega         ,                              ,85,193450,4
EI0737  ,ATLAS3_J003332.2-442132C,00:33:32.29,-44:21:32.9,8.384558,-44.359152,0.95,1.46,0.021,1.03,1.476,0.127,0.023,0.127,0.023,0.127,0.023,0.132,0.023,0.132,0.023,0.132,0.023,-999.0,-999.0,P,-999.0,-999.0,ELAIS-S1,EI0737*SWIRE3_J003332.30-442133.3*m1*C0  ,-----------------------------------------------------,1,1,1,EI0737  ,SWIRE3_J003332.30-442133.3,331926,SWIRE3_J003332.30-442133.3,8.3846,-44.35927,0.00864,0.00886,32,154.11,1.41,153.01,1.34,0.93,CA0,0,106.41,1.75,102.87,1.97,0.13,CA0,0,102.93,5.15,87.35,5.15,0.16,CA0,0,75.81,5.72,61.09,5.65,0.49,CA0,0,1363.29,29.61,1116.35,34.67,0.88,CA0,0,-999.0,-999.0,-999.0,-999.0,-999.0,-999.0,-999.0,-999.0,-999.0,-999.0,-999.0,-999.0,-999.0,-999.0,-999.0,-999.0,-999.0,-999.0,-999.0,-999.0,SVA1_COADD-2970662682,8.38445,-44.359318,22.726515,21.790607,20.996698,20.631031,0.0157,0.0081,0.0058,0.0053,2970662682,2970662682,SVA1_COADD-2970662682         ,8.38445833333333,-44.3593055555556,0.83657,-9.999,4.0,DES_AAOmega         ,                              ,3,7200,4
EI0754  ,ATLAS3_J003335.9-431654C,00:33:35.91,-43:16:54.8,8.399614,-43.28188,0.52,0.79,0.017,1.04,1.479,0.2,0.021,0.2,0.021,0.2,0.021,0.208,0.021,0.208,0.021,0.208,0.021,-999.0,-999.0,P,-999.0,-999.0,ELAIS-S1,EI0754*SWIRE3_J003335.88-431654.8*m1*C0  ,-----------------------------------------------------,1,1,1,EI0754  ,SWIRE3_J003335.88-431654.8,242264,SWIRE3_J003335.88-431654.8,8.39952,-43.28191,0.00554,0.00634,23,361.31,2.45,407.68,2.4,0.72,CA0,1,310.04,2.79,340.11,2.72,0.5,CA0,1,318.7,6.61,311.65,7.8,0.06,CA0,0,1316.08,8.18,1506.32,11.19,0.12,CA0,1,1477.84,27.62,1360.14,36.4,0.82,CA0,0,21.455,0.003,20.183,0.002,19.386,0.001,20.052,19.147,18.509,0.03,0.03,0.03,-999.0,-999.0,-999.0,-999.0,-999.0,-999.0,-999.0,-999.0,SVA1_COADD-2971170050,8.3994,-43.281859,20.901455,19.709581,19.163355,18.817312,0.0035,0.0011,0.001,0.001,2971170050,2971170050,S1017                         ,8.399500000000002,-43.28191111111111,0.1481,-9.999,-2.0,ATLAS               ,-                             ,-9,-9,2
EI0769  ,ATLAS3_J003339.3-435649C,00:33:39.37,-43:56:49.2,8.414025,-43.946997,0.81,1.26,0.018,1.05,1.468,0.129,0.02,0.129,0.02,0.129,0.02,0.134,0.021,0.134,0.021,0.134,0.021,-999.0,-999.0,P,-999.0,-999.0,ELAIS-S1,EI0769*SWIRE3_J003339.35-435649.6*m1*C0  ,-----------------------------------------------------,1,1,1,EI0769  ,SWIRE3_J003339.35-435649.6,218118,SWIRE3_J003339.35-435649.6,8.41397,-43.94712,0.00702,0.00702,22,286.72,2.36,334.39,2.35,0.6,CA3,1,253.47,2.52,290.39,2.65,0.28,CA3,1,160.77,6.28,175.4,8.33,0.29,CA0,0,308.82,6.24,316.86,8.57,0.24,CA3,0,-999.0,-999.0,-999.0,-999.0,-999.0,---,-999,21.18,0.004,19.826,0.003,19.067,0.002,20.314,19.082,18.318,0.04,0.04,0.04,-999.0,-999.0,-999.0,-999.0,-999.0,-999.0,-999.0,-999.0,SVA1_COADD-2970698515,8.413906,-43.947128,20.648123,19.370214,18.893406,18.614758,0.0022,0.0007,0.0007,0.0006,2970698515,2970698515,S457                          ,8.413958333333333,-43.94713888888889,0.2971,-9.999,-2.0,ATLAS               ,-                             ,-9,-9,2
EI0771  ,ATLAS3_J003339.6-435535C,00:33:39.63,-43:55:35.9,8.41514,-43.926631,0.48,0.75,0.018,1.04,1.469,0.224,0.022,0.224,0.022,0.224,0.022,0.232,0.023,0.232,0.023,0.232,0.023,-999.0,-999.0,P,-0.586,0.97,ELAIS-S1,EI0771*SWIRE3_J003339.62-435536.6*m1*C0  ,-----------------------------------------------------,1,1,1,EI0771  ,SWIRE3_J003339.62-435536.6,217627,SWIRE3_J003339.62-435536.6,8.41511,-43.92685,0.0122,0.0116,22,163.72,1.37,205.96,1.5,0.19,CA0,1,100.45,1.32,124.5,1.64,0.07,CA2,0,87.16,4.32,90.21,6.04,0.0,CA0,0,48.71,4.08,38.74,3.71,0.39,CA0,0,-999.0,-999.0,-999.0,-999.0,-999.0,---,-999,24.831,0.066,23.016,0.036,21.861,0.013,24.618,22.225,21.127,0.39,0.12,0.2,-999.0,-999.0,-999.0,-999.0,-999.0,-999.0,-999.0,-999.0,SVA1_COADD-2970700377,8.415022,-43.926881,24.168636,22.194395,20.900902,20.35939,0.0447,0.0072,0.0037,0.003,2970700377,2970700377,S475                          ,8.415125,-43.92688055555556,0.8093,-9.999,-2.0,ATLAS               ,-                             ,-9,-9,2
EI0773  ,ATLAS3_J003340.2-432541C,00:33:40.26,-43:25:41.9,8.417742,-43.428302,0.54,0.83,0.017,1.04,1.475,0.186,0.02,0.186,0.02,0.186,0.02,0.193,0.021,0.193,0.021,0.193,0.021,-999.0,-999.0,P,0.638,1.035,ELAIS-S1,EI0773*SWIRE3_J003340.23-432542.2*m1*C0  ,-----------------------------------------------------,1,1,1,EI0773  ,SWIRE3_J003340.23-432542.2,245156,SWIRE3_J003340.23-432542.2,8.41764,-43.42841,0.00925,0.00814,23,171.35,1.77,319.37,2.25,0.03,CA2,2,157.81,2.13,279.03,2.92,0.03,CA2,2,100.73,5.62,140.61,10.3,0.0,CA0,0,696.05,7.59,1103.07,13.39,0.02,CA0,2,2569.18,32.93,2730.65,49.96,0.41,CA0,0,20.824,0.002,19.909,0.002,19.384,0.001,19.496,18.68,18.241,0.03,0.03,0.03,-999.0,-999.0,-999.0,-999.0,-999.0,-999.0,-999.0,-999.0,SVA1_COADD-2971152672,8.417774,-43.428234,20.588375,19.823586,19.471336,19.30307,0.0028,0.0012,0.0013,0.0015,2971152672,2971152672,SWIRE4 J003340.23-432542.2    ,8.417625,-43.42838888888888,0.2258,-9.999,-2.0,ATLAS               ,5                             ,-9,-9,2
EI0775  ,ATLAS3_J003340.8-442118C,00:33:40.82,-44:21:18.0,8.420069,-44.355003,0.37,0.58,0.02,1.03,1.476,0.336,0.027,0.336,0.027,0.336,0.027,0.348,0.028,0.348,0.028,0.348,0.028,-999.0,-999.0,P,-0.14,0.712,ELAIS-S1,EI0775*SWIRE3_J003340.77-442116.2*m1*C0  ,-----------------------------------------------------,1,1,1,EI0775  ,SWIRE3_J003340.77-442116.2,330849,SWIRE3_J003340.77-442116.2,8.41991,-44.35452,0.011,0.0116,32,166.69,1.85,266.81,2.36,0.04,CA3,2,125.89,1.9,197.4,2.91,0.05,CA3,2,84.24,5.72,119.3,7.91,0.57,CA0,0,115.29,5.75,123.62,7.79,0.53,CA0,0,636.73,31.18,938.75,40.82,0.43,CA2,0,-999.0,-999.0,-999.0,-999.0,-999.0,-999.0,-999.0,-999.0,-999.0,-999.0,-999.0,-999.0,-999.0,-999.0,-999.0,-999.0,-999.0,-999.0,-999.0,-999.0,SVA1_COADD-2970663603,8.419836,-44.354509,22.199848,20.911049,20.369392,19.971155,0.0099,0.0038,0.0032,0.003,2970663603,2970663603,S134                          ,8.419916666666667,-44.35453055555556,0.5177,-9.999,-2.0,ATLAS               ,-                             ,-9,-9,2
EI0782  ,ATLAS3_J003343.0-433309C,00:33:43.05,-43:33:09.3,8.429389,-43.552581,0.88,1.35,0.016,1.04,1.475,0.108,0.018,0.108,0.018,0.108,0.018,0.112,0.018,0.112,0.018,0.112,0.018,-999.0,-999.0,P,-999.0,-999.0,ELAIS-S1,EI0782*SWIRE3_J003343.08-433309.2*m1*C0  ,-----------------------------------------------------,1,1,1,EI0782  ,SWIRE3_J003343.08-433309.2,247930,SWIRE3_J003343.08-433309.2,8.42954,-43.55257,0.0116,0.0182,23,60.82,1.06,78.45,1.35,0.04,CA3,0,55.89,1.16,73.31,1.72,0.01,CA3,0,61.85,5.58,54.89,6.29,0.05,CA0,0,102.37,4.59,89.56,5.64,0.62,CA0,0,681.66,24.78,674.2,35.41,0.4,CA0,0,22.763,0.014,22.474,0.02,22.167,0.017,22.421,22.156,21.888,0.94,0.9,0.95,-999.0,-999.0,-999.0,-999.0,-999.0,-999.0,-999.0,-999.0,SVA1_COADD-2971138154,8.429773,-43.552548,22.711525,22.409073,22.256012,22.000978,0.011,0.0085,0.0116,0.0125,2971138154,2971138154,0093-00527                    ,8.42959,-43.55256,0.35590246,-9.999,4.0,PRIMUS              ,-                             ,-9,-9,4
EI0784  ,ATLAS3_J003343.1-425829C,00:33:43.14,-42:58:29.4,8.429756,-42.974839,0.66,1.02,0.026,1.04,1.464,0.234,0.03,0.234,0.03,0.234,0.03,0.242,0.031,0.242,0.031,0.242,0.031,-999.0,-999.0,P,-999.0,-999.0,ELAIS-S1,EI0784*SWIRE3_J003343.18-425829.8*m1*C0  ,-----------------------------------------------------,1,1,1,EI0784  ,SWIRE3_J003343.18-425829.8,234406,SWIRE3_J003343.18-425829.8,8.42995,-42.97497,0.0144,0.014,23,48.06,0.86,49.05,0.93,0.49,CA0,0,33.4,1.19,34.47,1.5,0.36,CA0,0,67.59,4.37,54.05,4.5,0.55,CA0,0,112.68,5.58,105.24,7.12,0.65,CA0,0,-999.0,-999.0,-999.0,-999.0,-999.0,---,-999,-999.0,-999.0,-999.0,-999.0,-999.0,-999.0,-999.0,-999.0,-999.0,-999.0,-999.0,-999.0,-999.0,-999.0,-999.0,-999.0,-999.0,-999.0,-999.0,-999.0,SVA1_COADD-2971205984,8.429854,-42.97494,23.787428,22.136122,21.476627,21.127216,0.0397,0.0085,0.0075,0.0077,2971205984,2971205984,SVA1_COADD-2971205984         ,8.42983333333333,-42.9749444444444,0.46331,-9.999,3.0,DES_AAOmega         ,//                            ,3,7200,2
EI0785  ,ATLAS3_J003343.1-432849C,00:33:43.16,-43:28:49.2,8.429816,-43.48034,0.16,0.25,0.017,1.04,1.476,4.767,0.244,4.767,0.244,4.767,0.244,4.907,0.253,4.907,0.253,4.907,0.253,-999.0,-999.0,P,-0.548,0.109,ELAIS-S1,EI0785*SWIRE3_J003343.17-432849.2*m1*C0  ,-----------------------------------------------------,1,1,1,EI0785  ,SWIRE3_J003343.17-432849.2,246019,SWIRE3_J003343.17-432849.2,8.42989,-43.48036,0.0104,0.0141,23,125.64,1.3,154.77,1.58,0.26,CA3,1,90.68,1.6,100.53,2.03,0.26,CA0,0,73.29,5.03,79.18,7.12,0.01,CA0,0,56.7,5.2,30.66,4.16,0.35,CA0,0,-999.0,-999.0,-999.0,-999.0,-999.0,---,-999,-99.0,-99.0,-99.0,-99.0,22.94,0.037,-99.0,-99.0,22.36,99.99,99.99,0.0,-999.0,-999.0,-999.0,-999.0,-999.0,-999.0,-999.0,-999.0,SVA1_COADD-2971145765,8.429799,-43.480356,25.402933,23.325953,22.057798,21.233896,0.1705,0.0247,0.0125,0.0081,2971145765,2971145765,SVA1_COADD-2971145765         ,8.42979166666667,-43.4803611111111,0.90628,-9.999,4.0,DES_AAOmega         ,                              ,3,7200,4
EI0788  ,ATLAS3_J003343.6-432113C,00:33:43.62,-43:21:13.9,8.431758,-43.353861,0.88,1.36,0.017,1.04,1.476,0.11,0.018,0.11,0.018,0.11,0.018,0.114,0.019,0.114,0.019,0.114,0.019,-999.0,-999.0,P,-999.0,-999.0,ELAIS-S1,EI0788*SWIRE3_J003343.65-432113.2*m1*C0  ,-----------------------------------------------------,1,1,1,EI0788  ,SWIRE3_J003343.65-432113.2,243054,SWIRE3_J003343.65-432113.2,8.43189,-43.35368,0.0104,0.011,23,71.13,1.23,63.19,1.16,0.94,CA0,0,75.31,1.51,65.55,1.56,0.9,CA0,0,52.58,4.47,59.29,6.05,0.06,CA0,0,88.56,5.62,67.98,6.08,0.45,CA0,0,717.54,29.84,570.59,32.88,0.52,CA0,0,22.269,0.007,22.021,0.01,21.563,0.008,21.976,21.782,21.305,0.53,0.61,0.81,-999.0,-999.0,-999.0,-999.0,-999.0,-999.0,-999.0,-999.0,SVA1_COADD-2971160900,8.431923,-43.353716,22.201923,21.835764,21.539854,21.15373,0.0097,0.0063,0.0079,0.0077,2971160900,2971160900,0095-00079                    ,8.43191,-43.35366,1.1533811,-9.999,4.0,PRIMUS              ,-                             ,-9,-9,4
EI0793  ,ATLAS3_J003344.5-440207C,00:33:44.58,-44:02:07.2,8.435769,-44.035347,1.07,1.65,0.018,1.05,1.467,0.098,0.019,0.098,0.019,0.098,0.019,0.101,0.02,0.101,0.02,0.101,0.02,-999.0,-999.0,P,-999.0,-999.0,ELAIS-S1,EI0793*SWIRE3_J003344.65-440207.4*m1*C0  ,-----------------------------------------------------,1,1,1,EI0793  ,SWIRE3_J003344.65-440207.4,219545,SWIRE3_J003344.65-440207.4,8.43607,-44.0354,0.00904,0.0104,22,490.62,2.59,1048.63,3.61,0.03,EK3,2,384.5,2.52,782.56,3.96,0.03,EK2,2,243.89,5.84,602.01,13.29,0.0,CA0,0,470.87,5.56,744.62,11.42,0.02,CA0,2,498.61,26.02,516.8,32.0,0.04,CA0,0,-999.0,-999.0,-999.0,-999.0,-999.0,-999.0,-999.0,-999.0,-999.0,-999.0,-999.0,-999.0,-999.0,-999.0,-999.0,-999.0,-999.0,-999.0,-999.0,-999.0,SVA1_COADD-2970691873,8.436006,-44.035399,20.367245,19.17363,18.726118,18.347439,0.0027,0.0011,0.001,0.0009,2970691873,2970691873,SVA1_COADD-2970691873         ,8.436,-44.0353888888889,0.18579,-9.999,4.0,DES_AAOmega         ,CLi 6 0.18579 4 {} | JAB 4 0.1,3,7200,4
EI0794  ,ATLAS3_J003345.0-431625C,00:33:45.08,-43:16:25.7,8.437827,-43.273818,0.3,0.46,0.017,1.03,1.479,0.381,0.026,0.757,0.041,0.757,0.041,0.396,0.027,0.786,0.043,0.786,0.043,9.6,0.8,E,-0.082,0.82,ELAIS-S1,EI0794*SWIRE3_J003344.79-431627.8*m1*C0  ,-----------------------------------------------------,4,1,1,EI0794  ,SWIRE3_J003344.79-431627.8,240886,SWIRE3_J003344.79-431627.8,8.43666,-43.2744,0.00965,0.00922,23,322.9,2.08,485.37,2.4,0.04,EK3,2,257.03,2.07,360.28,2.62,0.04,CA0,2,143.91,5.55,174.92,8.41,0.01,CA0,0,123.78,4.66,138.96,6.64,0.03,CA0,0,-999.0,-999.0,-999.0,-999.0,-999.0,---,-999,21.105,0.002,19.563,0.002,18.778,0.001,20.059,18.621,17.869,0.03,0.03,0.03,-999.0,-999.0,-999.0,-999.0,-999.0,-999.0,-999.0,-999.0,SVA1_COADD-2971171063,8.436579,-43.274425,20.454676,19.106123,18.65946,18.376934,0.0025,0.0008,0.0007,0.0007,2971171063,2971171063,SWIRE4 J003344.79-431627.8    ,8.436625,-43.274388888888886,0.2228,-9.999,-2.0,ATLAS               ,5                             ,-9,-9,2
EI0796  ,ATLAS3_J003345.3-431817C,00:33:45.34,-43:18:17.0,8.438923,-43.30471,0.57,0.89,0.017,1.04,1.478,0.177,0.02,0.177,0.02,0.177,0.02,0.184,0.021,0.184,0.021,0.184,0.021,-999.0,-999.0,P,-0.82,1.176,ELAIS-S1,EI0796*SWIRE3_J003345.37-431816.6*m1*C0  ,-----------------------------------------------------,1,1,1,EI0796  ,SWIRE3_J003345.37-431816.6,241541,SWIRE3_J003345.37-431816.6,8.43905,-43.30462,0.00972,0.00936,23,110.99,1.24,129.37,1.32,0.07,CA3,2,131.47,1.87,152.58,2.23,0.06,CA0,0,82.06,4.59,95.57,6.99,0.01,CA0,0,461.0,6.69,489.05,9.31,0.19,CA0,0,1231.17,26.89,890.88,28.74,0.77,CA0,0,22.476,0.007,21.393,0.006,20.752,0.004,21.507,20.488,19.889,0.02,0.02,0.03,-999.0,-999.0,-999.0,-999.0,-999.0,-999.0,-999.0,-999.0,SVA1_COADD-2971166420,8.438959,-43.30461,22.094395,21.138344,20.735207,20.37335,0.009,0.0035,0.0039,0.0038,2971166420,2971166420,S1004                         ,8.439041666666666,-43.30461944444444,0.3236,-9.999,-2.0,ATLAS               ,-                             ,-9,-9,2
EI0797  ,ATLAS3_J003345.9-432929C,00:33:45.98,-43:29:29.3,8.441591,-43.491478,0.62,0.95,0.017,1.04,1.475,0.166,0.02,0.166,0.02,0.166,0.02,0.172,0.021,0.172,0.021,0.172,0.021,-999.0,-999.0,P,-999.0,-999.0,ELAIS-S1,EI0797*SWIRE3_J003345.93-432928.1*m1*C0  ,-----------------------------------------------------,4,1,1,EI0797  ,SWIRE3_J003345.93-432928.1,245936,SWIRE3_J003345.93-432928.1,8.4414,-43.49114,0.00691,0.00752,23,187.25,1.56,207.95,1.42,0.44,CA3,0,175.55,2.09,189.33,2.07,0.2,CA3,0,138.78,4.97,200.94,7.95,0.0,CA3,0,596.8,6.4,702.67,10.71,0.39,CA3,1,1685.42,31.75,1471.94,39.77,0.01,CA0,0,22.374,0.009,21.017,0.007,20.276,0.004,21.063,19.936,19.377,0.02,0.02,0.03,-999.0,-999.0,-999.0,-999.0,-999.0,-999.0,-999.0,-999.0,SVA1_COADD-2971144812,8.441369,-43.491147,21.914602,20.695734,20.125702,19.774792,0.0089,0.0032,0.0033,0.003,2971144812,2971144812,SVA1_COADD-2971144812         ,8.441375,-43.4911388888889,0.22535,-9.999,4.0,DES_AAOmega         ,//                            ,4,9600,4
EI0807  ,ATLAS3_J003347.5-441823C,00:33:47.53,-44:18:23.6,8.448054,-44.306564,0.54,0.83,0.019,1.03,1.476,0.212,0.022,0.212,0.022,0.212,0.022,0.22,0.023,0.22,0.023,0.22,0.023,-999.0,-999.0,P,0.397,1.079,ELAIS-S1,EI0807*SWIRE3_J003347.65-441823.9*m1*C0  ,-----------------------------------------------------,1,1,1,EI0807  ,SWIRE3_J003347.65-441823.9,328968,SWIRE3_J003347.65-441823.9,8.44858,-44.30664,0.00994,0.0109,32,160.1,1.62,203.97,1.78,0.03,CA0,2,118.66,1.85,144.19,2.2,0.02,CA0,0,153.17,5.78,160.3,8.07,0.0,CA0,0,120.96,6.38,139.2,8.81,0.33,CA0,0,1079.5,30.39,874.26,33.12,0.43,CA0,0,-999.0,-999.0,-999.0,-999.0,-999.0,-999.0,-999.0,-999.0,-999.0,-999.0,-999.0,-999.0,-999.0,-999.0,-999.0,-999.0,-999.0,-999.0,-999.0,-999.0,SVA1_COADD-2970666717,8.448461,-44.306635,22.658485,21.72183,21.191813,20.893898,0.0155,0.008,0.0069,0.0069,2970666717,2970666717,SVA1_COADD-2970666717         ,8.44845833333333,-44.3066388888889,0.63879,-9.999,4.0,DES_AAOmega         ,                              ,5,12000,4
EI0812  ,ATLAS3_J003348.4-435833C,00:33:48.47,-43:58:33.9,8.451957,-43.976079,0.77,1.18,0.018,1.05,1.468,0.14,0.02,0.14,0.02,0.14,0.02,0.145,0.021,0.145,0.021,0.145,0.021,-999.0,-999.0,P,-999.0,-999.0,ELAIS-S1,EI0812*SWIRE3_J003348.38-435832.1*m1*C0  ,-----------------------------------------------------,2,1,1,EI0812  ,SWIRE3_J003348.38-435832.1,217715,SWIRE3_J003348.38-435832.1,8.45161,-43.97559,0.00896,0.0106,22,97.33,1.17,101.27,1.15,0.17,CA3,0,109.64,1.8,114.09,1.82,0.05,CA3,0,78.96,4.58,96.34,7.04,0.02,CA2,0,356.15,6.37,396.6,9.74,0.06,CA0,0,962.13,25.8,697.46,28.92,0.1,CA0,0,-999.0,-999.0,-999.0,-999.0,-999.0,-999.0,-999.0,-999.0,-999.0,-999.0,-999.0,-999.0,-999.0,-999.0,-999.0,-999.0,-999.0,-999.0,-999.0,-999.0,SVA1_COADD-2970694938,8.451558,-43.975538,22.062756,21.16955,20.809748,20.455814,0.006,0.0027,0.003,0.0029,2970694938,2970694938,SVA1_COADD-2970694938         ,8.45154166666667,-43.9755277777778,0.34378,-9.999,4.0,DES_AAOmega         ,CLi 8 0.34378 4 {} | JAB 8 0.3,3,7200,4
EI0817  ,ATLAS3_J003348.7-430904C,00:33:48.79,-43:09:04.1,8.45329,-43.151153,0.8,1.24,0.018,1.03,1.482,0.126,0.019,0.126,0.019,0.126,0.019,0.131,0.02,0.131,0.02,0.131,0.02,-999.0,-999.0,P,-999.0,-999.0,ELAIS-S1,EI0817*SWIRE3_J003348.84-430904.4*m1*C0  ,-----------------------------------------------------,1,1,1,EI0817  ,SWIRE3_J003348.84-430904.4,237719,SWIRE3_J003348.84-430904.4,8.45354,-43.15124,0.00882,0.0077,23,121.27,1.58,116.51,1.5,0.94,CA0,0,109.54,1.73,100.19,1.74,0.93,CA0,0,74.76,5.46,61.88,5.23,0.01,CA0,0,702.93,7.29,690.11,9.0,0.83,CA0,-1,967.45,30.54,917.64,37.98,0.63,CA0,0,21.927,0.005,20.951,0.004,20.34,0.003,21.414,20.471,19.897,0.03,0.03,0.03,-999.0,-999.0,-999.0,-999.0,-999.0,-999.0,-999.0,-999.0,SVA1_COADD-2971187326,8.453479,-43.151266,21.597542,20.704254,20.200249,19.982132,0.0061,0.0025,0.0025,0.0027,2971187326,2971187326,SWIRE3 J003348.84-430904.4    ,8.453499999999998,-43.151222222222216,0.20033,-9.999,-2.0,ATLAS               ,-                             ,-9,-9,2
EI0820  ,ATLAS3_J003349.2-433029C,00:33:49.24,-43:30:29.3,8.45517,-43.508126,0.89,1.37,0.017,1.04,1.475,0.113,0.019,0.113,0.019,0.113,0.019,0.117,0.02,0.117,0.02,0.117,0.02,-999.0,-999.0,P,-999.0,-999.0,ELAIS-S1,EI0820*SWIRE3_J003349.32-433030.9*m1*C0  ,-----------------------------------------------------,1,1,1,EI0820  ,SWIRE3_J003349.32-433030.9,245926,SWIRE3_J003349.32-433030.9,8.45552,-43.50861,0.00979,0.0095,23,78.06,1.18,68.15,1.1,0.98,CA0,0,61.28,1.41,53.28,1.3,0.97,CA0,0,94.33,5.93,72.59,5.51,0.56,CA0,0,164.44,5.75,142.72,7.17,0.71,CA0,0,1523.39,32.41,1434.14,42.09,0.6,CA0,0,22.895,0.015,22.255,0.017,21.39,0.009,22.686,22.034,21.126,0.96,0.96,0.96,-999.0,-999.0,-999.0,-999.0,-999.0,-999.0,-999.0,-999.0,SVA1_COADD-2971143396,8.455447,-43.508592,22.608917,21.5837,21.205807,20.906733,0.0264,0.008,0.0074,0.0081,2971143396,2971143396,SVA1_COADD-2971143396         ,8.45545833333333,-43.5085833333333,0.55358,-9.999,4.0,DES_AAOmega         ,//slight adjustment of z/     ,11,26400,4
EI0824  ,ATLAS3_J003350.7-441738C,00:33:50.71,-44:17:38.4,8.461292,-44.294006,1.1,1.7,0.019,1.03,1.475,0.099,0.02,0.099,0.02,0.099,0.02,0.102,0.021,0.102,0.021,0.102,0.021,-999.0,-999.0,P,-999.0,-999.0,ELAIS-S1,EI0824*SWIRE3_J003350.69-441737.4*m1*C0  ,-----------------------------------------------------,1,1,1,EI0824  ,SWIRE3_J003350.69-441737.4,225074,SWIRE3_J003350.69-441737.4,8.46124,-44.29374,0.0099,0.0109,22,85.51,1.33,82.31,1.31,0.93,CA3,0,72.61,1.5,72.21,1.7,0.75,CA3,0,49.71,5.44,34.41,4.86,0.46,CA0,0,133.84,5.66,99.66,6.38,0.57,CA0,0,546.34,26.06,429.52,28.0,0.33,CA0,0,-999.0,-999.0,-999.0,-999.0,-999.0,-999.0,-999.0,-999.0,-999.0,-999.0,-999.0,-999.0,-999.0,-999.0,-999.0,-999.0,-999.0,-999.0,-999.0,-999.0,SVA1_COADD-2970667660,8.46114,-44.293667,24.287785,22.508648,21.842802,21.25714,0.0671,0.0163,0.0124,0.0096,2970667660,2970667660,SVA1_COADD-2970667660         ,8.461125,-44.2936666666667,0.48083,-9.999,3.0,DES_AAOmega         ,                              ,11,26500,2
EI0836C2,ATLAS3_J003355.5-441648C,00:33:55.57,-44:16:48.2,8.481545,-44.280045,0.24,0.38,0.019,1.03,1.475,0.258,0.018,0.902,0.062,1.906,0.0756703376495704,0.278,0.02,0.972,0.067,2.054,0.0823346828499387,15.2,1.0,E,-1.425,0.178,ELAIS-S1,EI0836C2*SWIRE3_J003355.28-441648.9*m3*C0,-----------------------------------------------------,4,3,1,EI0836C2,SWIRE3_J003355.28-441648.9,224196,SWIRE3_J003355.28-441648.9,8.48034,-44.28027,0.0109,0.00727,22,323.13,2.54,514.43,3.02,0.03,EK3,2,255.65,2.52,361.53,3.15,0.05,CA3,2,143.26,6.21,196.89,10.3,0.0,CA0,0,134.34,5.72,156.02,8.36,0.17,CA0,0,-999.0,-999.0,-999.0,-999.0,-999.0,---,-999,-999.0,-999.0,-999.0,-999.0,-999.0,-999.0,-999.0,-999.0,-999.0,-999.0,-999.0,-999.0,-999.0,-999.0,-999.0,-999.0,-999.0,-999.0,-999.0,-999.0,SVA1_COADD-2970669451,8.480285,-44.280248,20.861052,19.308552,18.83104,18.49904,0.0035,0.0011,0.0009,0.0008,2970669451,2970669451,S179                          ,8.480333333333334,-44.28025833333333,0.2755,-9.999,-2.0,ATLAS               ,-                             ,-9,-9,2
EI0845  ,ATLAS3_J003357.0-433839C,00:33:57.09,-43:38:39.1,8.487883,-43.644198,0.48,0.75,0.016,1.04,1.477,0.205,0.02,0.353,0.024,0.353,0.024,0.213,0.021,0.367,0.025,0.367,0.025,8.2,1.2,E,-0.038,1.364,ELAIS-S1,EI0845*SWIRE3_J003357.17-433838.5*m1*C0  ,-----------------------------------------------------,4,1,1,EI0845  ,SWIRE3_J003357.17-433838.5,248374,SWIRE3_J003357.17-433838.5,8.48822,-43.64403,0.0099,0.0131,23,153.27,1.46,222.5,1.72,0.1,CA3,2,108.08,1.45,154.1,2.0,0.16,CA3,1,127.3,4.88,193.66,8.23,0.09,CA0,0,119.48,4.58,127.54,6.6,0.43,CA0,0,1324.42,31.26,1279.3,43.48,0.18,CA2,0,-99.0,-99.0,23.844,0.074,22.718,0.028,-99.0,23.571,21.748,99.99,0.36,0.0,-999.0,-999.0,-999.0,-999.0,-999.0,-999.0,-999.0,-999.0,SVA1_COADD-2971126841,8.48797,-43.644017,24.351915,23.075802,22.076134,21.567892,0.0478,0.0154,0.0098,0.0085,2971126841,2971126841,0092-01279                    ,8.48818,-43.64404,0.72947985,-9.999,4.0,PRIMUS              ,-                             ,-9,-9,4
EI0846  ,ATLAS3_J003357.3-433601C,00:33:57.34,-43:36:01.5,8.488902,-43.600408,0.29,0.45,0.016,1.04,1.476,0.389,0.026,0.389,0.026,0.389,0.026,0.404,0.027,0.404,0.027,0.404,0.027,-999.0,-999.0,P,-0.968,0.539,ELAIS-S1,EI0846*SWIRE3_J003357.32-433601.7*m1*C0  ,-----------------------------------------------------,1,1,1,EI0846  ,SWIRE3_J003357.32-433601.7,247214,SWIRE3_J003357.32-433601.7,8.48885,-43.60048,0.0102,0.01,23,71.05,1.02,72.74,1.08,0.88,CA2,0,107.15,1.4,99.92,1.48,0.98,CA2,0,162.03,4.39,152.51,5.27,0.62,CA0,0,252.33,4.92,226.46,6.6,0.92,CA0,0,1062.67,31.72,1012.3,41.51,0.72,CA0,0,22.184,0.008,21.702,0.01,21.273,0.008,22.028,21.561,21.074,0.97,0.97,0.97,-999.0,-999.0,-999.0,-999.0,-999.0,-999.0,-999.0,-999.0,SVA1_COADD-2971132211,8.488756,-43.600496,21.976236,21.529327,21.088688,20.958614,0.006,0.0039,0.004,0.0048,2971132211,2971132211,SVA1_COADD-2971132211         ,8.48875,-43.6005,1.9437,-9.999,4.0,DES_AAOmega         ,//                            ,9,21600,4
EI0848  ,ATLAS3_J003357.5-433031C,00:33:57.53,-43:30:31.9,8.489709,-43.508867,1.09,1.68,0.018,1.04,1.475,0.093,0.019,0.093,0.019,0.093,0.019,0.097,0.02,0.097,0.02,0.097,0.02,-999.0,-999.0,P,-999.0,-999.0,ELAIS-S1,EI0848*SWIRE3_J003357.60-433032.6*m1*C0  ,-----------------------------------------------------,1,1,1,EI0848  ,SWIRE3_J003357.60-433032.6,244927,SWIRE3_J003357.60-433032.6,8.49002,-43.50908,0.00907,0.0113,23,128.98,1.64,155.92,1.71,0.03,CA3,2,116.54,1.83,158.89,2.56,0.04,CA3,0,82.03,5.05,138.56,8.41,0.0,CA0,0,252.72,6.09,348.57,11.39,0.14,CA0,0,-99.0,-99.0,-99.0,-99.0,-9.0,---,-99,21.538,0.005,20.499,0.004,19.847,0.003,20.472,19.487,18.944,0.03,0.03,0.03,-999.0,-999.0,-999.0,-999.0,-999.0,-999.0,-999.0,-999.0,SVA1_COADD-2971143668,8.489992,-43.509062,21.221376,20.211863,19.823343,19.534208,0.0078,0.0023,0.002,0.0021,2971143668,2971143668,SVA1_COADD-2971143668         ,8.49,-43.5090555555556,0.29801,-9.999,4.0,DES_AAOmega         ,CLi 8 0.29801 4 {} | AKi 8 0.2,7,14400,4
EI0858  ,ATLAS3_J003359.7-425750C,00:33:59.75,-42:57:50.4,8.498968,-42.964009,0.18,0.28,0.028,1.05,1.463,2.228,0.117,2.228,0.117,2.228,0.117,2.297,0.121,2.297,0.121,2.297,0.121,-999.0,-999.0,P,-1.38,0.205,ELAIS-S1,EI0858*SWIRE3_J003359.75-425750.6*m1*C0  ,-----------------------------------------------------,1,1,1,EI0858  ,SWIRE3_J003359.75-425750.6,232236,SWIRE3_J003359.75-425750.6,8.49896,-42.96407,0.00853,0.00958,23,75.91,1.25,67.9,1.14,0.98,CA0,0,80.28,1.54,72.35,1.51,0.97,CA0,0,127.89,5.28,107.04,5.24,0.82,CA0,0,337.41,6.26,278.74,7.1,0.95,CA0,0,2107.46,32.88,1577.66,35.59,0.94,CA0,0,-999.0,-999.0,-999.0,-999.0,-999.0,-999.0,-999.0,-999.0,-999.0,-999.0,-999.0,-999.0,-999.0,-999.0,-999.0,-999.0,-999.0,-999.0,-999.0,-999.0,SVA1_COADD-2971207090,8.498884,-42.964006,23.768887,22.904764,22.07132,21.227066,0.0525,0.0194,0.0144,0.0096,2971207090,2971207090,SVA1_COADD-2971207090         ,8.498875,-42.964,0.97004,-9.999,3.0,DES_AAOmega         ,                              ,16,38400,2
EI0859  ,ATLAS3_J003400.0-432424C,00:34:00.03,-43:24:24.8,8.500139,-43.40688,0.99,1.53,0.017,1.04,1.475,0.098,0.018,0.098,0.018,0.098,0.018,0.101,0.019,0.101,0.019,0.101,0.019,-999.0,-999.0,P,-999.0,-999.0,ELAIS-S1,EI0859*SWIRE3_J003400.09-432425.9*m1*C0  ,-----------------------------------------------------,1,1,1,EI0859  ,SWIRE3_J003400.09-432425.9,242203,SWIRE3_J003400.09-432425.9,8.50041,-43.4072,0.0102,0.00979,23,127.47,1.62,136.97,1.61,0.06,CA0,2,103.97,1.67,110.64,1.82,0.08,CA0,0,105.59,6.07,100.59,7.69,0.11,CA0,0,160.84,5.64,123.16,6.87,0.14,CA0,0,515.11,24.93,263.12,19.03,0.27,CA0,0,22.279,0.006,21.417,0.006,20.433,0.003,21.602,20.703,19.791,0.02,0.02,0.03,-999.0,-999.0,-999.0,-999.0,-999.0,-999.0,-999.0,-999.0,SVA1_COADD-2971154542,8.500352,-43.407173,22.008226,20.803442,20.370676,20.014967,0.0062,0.0022,0.0022,0.0021,2971154542,2971154542,0095-00707                    ,8.50042,-43.4072,0.47506753,-9.999,4.0,PRIMUS              ,-                             ,-9,-9,4
EI0860  ,ATLAS3_J003400.0-441105C,00:34:00.05,-44:11:05.5,8.50021,-44.184868,0.31,0.48,0.018,1.04,1.47,0.379,0.027,0.379,0.027,0.379,0.027,0.392,0.028,0.392,0.028,0.392,0.028,-999.0,-999.0,P,-0.635,0.596,ELAIS-S1,EI0860*SWIRE3_J003400.05-441105.6*m1*C0  ,-----------------------------------------------------,1,1,1,EI0860  ,SWIRE3_J003400.05-441105.6,221217,SWIRE3_J003400.05-441105.6,8.50021,-44.1849,0.00634,0.0063,22,212.23,1.96,249.06,1.98,0.51,CA0,1,288.23,2.65,304.51,2.61,0.31,CA0,1,325.89,7.52,316.46,8.13,0.21,CA0,0,1167.62,8.39,1141.8,9.71,0.87,CA0,-1,6161.25,27.28,5872.56,46.1,0.72,CA0,1,-999.0,-999.0,-999.0,-999.0,-999.0,-999.0,-999.0,-999.0,-999.0,-999.0,-999.0,-999.0,-999.0,-999.0,-999.0,-999.0,-999.0,-999.0,-999.0,-999.0,SVA1_COADD-2970677658,8.500207,-44.184875,20.39597,19.923632,19.732033,19.31167,0.0025,0.0017,0.0019,0.0017,2970677658,2970677658,S276                          ,8.500208333333333,-44.18488055555555,0.305,-9.999,-2.0,ATLAS               ,-                             ,-9,-9,2
EI0862  ,ATLAS3_J003400.5-441205C,00:34:00.54,-44:12:05.0,8.502245,-44.201401,0.67,1.04,0.017,1.04,1.471,0.151,0.02,0.151,0.02,0.151,0.02,0.157,0.02,0.157,0.02,0.157,0.02,-999.0,-999.0,P,-999.0,-999.0,ELAIS-S1,EI0862*SWIRE3_J003400.59-441205.3*m1*C0  ,-----------------------------------------------------,1,1,1,EI0862  ,SWIRE3_J003400.59-441205.3,221585,SWIRE3_J003400.59-441205.3,8.50246,-44.20149,0.014,0.0152,22,50.63,0.7,53.21,0.78,0.09,CA3,0,59.59,1.16,57.63,1.37,0.75,CA2,0,44.33,3.49,37.17,4.34,0.44,CA0,0,47.84,4.42,34.32,3.78,0.35,CA0,0,-999.0,-999.0,-999.0,-999.0,-999.0,---,-999,-999.0,-999.0,-999.0,-999.0,-999.0,-999.0,-999.0,-999.0,-999.0,-999.0,-999.0,-999.0,-999.0,-999.0,-999.0,-999.0,-999.0,-999.0,-999.0,-999.0,SVA1_COADD-2970675818,8.502648,-44.201595,23.206196,22.166986,21.75988,21.447348,0.0256,0.0121,0.0117,0.0116,2970675818,2970675818,SVA1_COADD-2970675818         ,8.50266666666667,-44.2015833333333,0.27428,-9.999,4.0,DES_AAOmega         ,                              ,12,28800,4
EI0864  ,ATLAS3_J003401.4-430847C,00:34:01.45,-43:08:47.8,8.506023,-43.146604,1.11,1.71,0.018,1.03,1.482,0.095,0.019,0.095,0.019,0.095,0.019,0.098,0.02,0.098,0.02,0.098,0.02,-999.0,-999.0,P,-999.0,-999.0,ELAIS-S1,EI0864*SWIRE3_J003401.48-430848.3*m1*C0  ,-----------------------------------------------------,1,1,1,EI0864  ,SWIRE3_J003401.48-430848.3,236031,SWIRE3_J003401.48-430848.3,8.50618,-43.14676,0.0045,0.00522,23,1823.2,5.13,4793.47,6.89,0.03,EK2,2,1154.28,4.7,2968.19,6.83,0.03,EK0,2,905.67,9.01,2276.87,15.83,0.02,EK0,2,1118.84,7.72,4512.94,19.79,0.02,EK0,2,2002.41,31.93,2351.89,46.11,0.0,CA0,2,18.265,0.001,17.288,0.0,16.648,0.0,16.242,15.426,14.837,0.03,0.03,0.03,-999.0,-999.0,-999.0,-999.0,-999.0,-999.0,-999.0,-999.0,SVA1_COADD-2971191815,8.506158,-43.146805,17.988075,17.09631,16.71653,16.463118,0.0014,0.0004,0.0004,0.0003,2971191815,2971191815,g0034015-430849               ,8.50625,-43.14680555555555,0.052858,-9.999,4.0,6dF                 ,-                             ,-9,-9,4
EI0865  ,ATLAS3_J003401.7-441348C,00:34:01.70,-44:13:48.9,8.507065,-44.23024,0.25,0.39,0.018,1.04,1.472,0.52,0.032,0.52,0.032,0.52,0.032,0.538,0.034,0.538,0.034,0.538,0.034,-999.0,-999.0,P,-0.546,0.443,ELAIS-S1,EI0865*SWIRE3_J003401.72-441349.0*m1*C0  ,-----------------------------------------------------,1,1,1,EI0865  ,SWIRE3_J003401.72-441349.0,222142,SWIRE3_J003401.72-441349.0,8.50718,-44.23028,0.00911,0.00828,22,236.71,2.18,301.17,2.32,0.14,CA3,1,192.58,2.23,234.05,2.64,0.24,CA3,1,133.99,6.02,116.2,7.08,0.12,CA0,0,73.71,5.47,57.74,5.94,0.4,CA0,0,-999.0,-999.0,-999.0,-999.0,-999.0,---,-999,-999.0,-999.0,-999.0,-999.0,-999.0,-999.0,-999.0,-999.0,-999.0,-999.0,-999.0,-999.0,-999.0,-999.0,-999.0,-999.0,-999.0,-999.0,-999.0,-999.0,SVA1_COADD-2970673837,8.50711,-44.230244,21.20381,19.612946,19.10526,18.77067,0.0046,0.0014,0.0012,0.0011,2970673837,2970673837,S228                          ,8.507166666666667,-44.230269444444446,0.288,-9.999,-2.0,ATLAS               ,-                             ,-9,-9,2
EI0887  ,ATLAS3_J003404.7-441719C,00:34:04.78,-44:17:19.6,8.519898,-44.288791,0.49,0.76,0.019,1.03,1.475,0.23,0.023,0.298,0.024,0.298,0.024,0.238,0.023,0.309,0.025,0.309,0.025,5.2,1.5,E,-1.974,0.907,ELAIS-S1,EI0887*SWIRE3_J003404.61-441722.7*m1*C0  ,-----------------------------------------------------,2,1,1,EI0887  ,SWIRE3_J003404.61-441722.7,223226,SWIRE3_J003404.61-441722.7,8.51922,-44.28964,0.0126,0.0128,22,92.74,1.05,102.37,1.14,0.28,CA3,0,68.03,0.99,72.56,1.28,0.28,CA3,0,64.5,4.71,61.72,5.62,0.08,CA0,0,59.18,3.59,44.91,3.67,0.4,CA0,0,953.54,26.21,873.06,34.65,0.01,CA0,0,-999.0,-999.0,-999.0,-999.0,-999.0,-999.0,-999.0,-999.0,-999.0,-999.0,-999.0,-999.0,-999.0,-999.0,-999.0,-999.0,-999.0,-999.0,-999.0,-999.0,SVA1_COADD-2970668017,8.519154,-44.289661,24.150421,23.077993,22.083344,21.518873,0.0594,0.0274,0.0154,0.0122,2970668017,2970668017,SVA1_COADD-2970668017         ,8.51916666666667,-44.2896666666667,0.87666,-9.999,3.0,DES_AAOmega         ,//                            ,3,7200,2
EI0893  ,ATLAS3_J003405.8-435732C,00:34:05.86,-43:57:32.3,8.524407,-43.958963,0.33,0.51,0.018,1.04,1.47,0.348,0.026,0.348,0.026,0.348,0.026,0.36,0.026,0.36,0.026,0.36,0.026,-999.0,-999.0,P,-0.981,0.659,ELAIS-S1,EI0893*SWIRE3_J003405.86-435731.8*m1*C0  ,-----------------------------------------------------,1,1,1,EI0893  ,SWIRE3_J003405.86-435731.8,215157,SWIRE3_J003405.86-435731.8,8.52442,-43.95885,0.00619,0.0086,22,203.01,2.03,271.29,2.19,0.03,CA3,2,219.79,2.38,293.1,2.68,0.03,CA3,2,157.85,6.28,263.2,10.7,0.0,CA2,0,773.43,7.6,938.35,10.83,0.03,CA3,2,1972.25,33.79,1690.79,44.26,0.07,CA0,0,22.6,0.011,21.464,0.009,20.775,0.005,20.903,19.916,19.28,0.0,0.0,0.02,-999.0,-999.0,-999.0,-999.0,-999.0,-999.0,-999.0,-999.0,SVA1_COADD-2970696962,8.52429,-43.95878,22.241583,21.19807,20.662695,20.282959,0.0097,0.0041,0.0041,0.0039,2970696962,2970696962,S438                          ,8.524375,-43.95881944444445,0.2958,-9.999,-2.0,ATLAS               ,-                             ,-9,-9,2
EI0895  ,ATLAS3_J003406.2-440956C,00:34:06.22,-44:09:56.4,8.525915,-44.165673,0.65,1.01,0.018,1.04,1.469,0.16,0.02,0.16,0.02,0.16,0.02,0.166,0.021,0.166,0.021,0.166,0.021,-999.0,-999.0,P,-999.0,-999.0,ELAIS-S1,EI0895*SWIRE3_J003406.26-440957.7*m1*C0  ,-----------------------------------------------------,1,1,1,EI0895  ,SWIRE3_J003406.26-440957.7,220006,SWIRE3_J003406.26-440957.7,8.52612,-44.16605,0.0107,0.0128,22,71.42,1.26,72.64,1.32,0.95,CA0,0,78.3,1.56,81.29,1.94,0.75,CA0,0,71.54,5.71,54.22,5.75,0.61,CA0,0,129.53,5.83,103.84,6.53,0.34,CA0,0,-999.0,-999.0,-999.0,-999.0,-999.0,---,-999,-999.0,-999.0,-999.0,-999.0,-999.0,-999.0,-999.0,-999.0,-999.0,-999.0,-999.0,-999.0,-999.0,-999.0,-999.0,-999.0,-999.0,-999.0,-999.0,-999.0,SVA1_COADD-2970679198,8.526014,-44.166104,25.030704,24.14586,23.279646,22.273357,0.2532,0.1666,0.0991,0.0505,2970679198,2970679198,SVA1_COADD-2970679198         ,8.526,-44.1661111111111,1.36576,-9.999,3.0,DES_AAOmega         ,NES 11 0.34344 1 {} | CLi 8 1.,9,21600,2
EI0896  ,ATLAS3_J003406.3-432503C,00:34:06.30,-43:25:03.4,8.526232,-43.417609,0.81,1.25,0.017,1.04,1.475,0.121,0.018,0.121,0.018,0.121,0.018,0.126,0.019,0.126,0.019,0.126,0.019,-999.0,-999.0,P,-999.0,-999.0,ELAIS-S1,EI0896*SWIRE3_J003406.25-432502.8*m1*C0  ,-----------------------------------------------------,1,1,1,EI0896  ,SWIRE3_J003406.25-432502.8,241613,SWIRE3_J003406.25-432502.8,8.52606,-43.41745,0.0139,0.0161,23,65.32,0.98,74.07,1.14,0.77,CA2,0,55.53,0.94,65.63,1.25,0.09,CA0,0,58.05,4.3,55.15,4.91,0.52,CA0,0,122.41,3.87,117.71,4.83,0.6,CA2,0,967.47,26.05,713.35,29.21,0.46,CA0,0,22.625,0.009,21.848,0.01,20.966,0.005,22.339,21.522,20.677,0.04,0.04,0.06,-999.0,-999.0,-999.0,-999.0,-999.0,-999.0,-999.0,-999.0,SVA1_COADD-2971153099,8.525999,-43.417487,22.379055,21.300617,20.895119,20.628212,0.0083,0.0033,0.0034,0.0036,2971153099,2971153099,S917                          ,8.526041666666668,-43.41746111111111,0.529,-9.999,-2.0,ATLAS               ,-                             ,-9,-9,2
EI0897  ,ATLAS3_J003406.3-441533C,00:34:06.37,-44:15:33.2,8.526532,-44.259217,0.55,0.85,0.018,1.04,1.474,0.198,0.021,0.198,0.021,0.198,0.021,0.206,0.022,0.206,0.022,0.206,0.022,-999.0,-999.0,P,0.079,1.125,ELAIS-S1,EI0897*SWIRE3_J003406.32-441533.1*m1*C0  ,-----------------------------------------------------,1,1,1,EI0897  ,SWIRE3_J003406.32-441533.1,222249,SWIRE3_J003406.32-441533.1,8.52636,-44.2592,0.0108,0.0104,22,96.26,1.41,98.68,1.42,0.93,CA0,0,71.58,1.5,68.71,1.63,0.59,CA0,0,65.17,5.47,46.53,4.61,0.5,CA0,0,102.09,5.78,86.02,6.57,0.13,CA0,0,-999.0,-999.0,-999.0,-999.0,-999.0,---,-999,-999.0,-999.0,-999.0,-999.0,-999.0,-999.0,-999.0,-999.0,-999.0,-999.0,-999.0,-999.0,-999.0,-999.0,-999.0,-999.0,-999.0,-999.0,-999.0,-999.0,SVA1_COADD-2970670882,8.526254,-44.259227,23.744461,21.892923,21.279688,20.83638,0.0411,0.0094,0.0075,0.0065,2970670882,2970670882,SVA1_COADD-2970670882         ,8.52625,-44.2592222222222,0.51809,-9.999,3.0,DES_AAOmega         ,AMo 7 0.51809 1 {} | CLi 7 0.5,6,14400,2
EI0903  ,ATLAS3_J003408.0-431737C,00:34:08.05,-43:17:37.6,8.533543,-43.293785,0.43,0.67,0.017,1.04,1.478,0.236,0.021,0.476,0.029,0.476,0.029,0.245,0.022,0.495,0.03,0.495,0.03,9.7,1.0,E,-0.281,1.075,ELAIS-S1,EI0903*SWIRE3_J003408.19-431736.3*m1*C0  ,-----------------------------------------------------,1,1,1,EI0903  ,SWIRE3_J003408.19-431736.3,238634,SWIRE3_J003408.19-431736.3,8.53416,-43.29344,0.00698,0.00648,23,242.09,2.23,305.11,2.33,0.03,CA3,2,178.92,1.95,207.25,2.12,0.03,CA3,2,211.36,6.75,341.88,13.38,0.01,CA0,0,1459.32,8.18,1756.12,11.9,0.04,CA0,2,1957.37,28.75,2159.89,45.2,0.23,CA3,0,20.344,0.002,19.616,0.002,19.132,0.001,19.414,18.714,18.289,0.03,0.03,0.03,-999.0,-999.0,-999.0,-999.0,-999.0,-999.0,-999.0,-999.0,SVA1_COADD-2971168721,8.534171,-43.293412,20.140495,19.516647,19.137253,18.99492,0.002,0.001,0.001,0.0011,2971168721,2971168721,SWIRE3 J003408.19-431736.3    ,8.534125,-43.29341666666666,0.14801,-9.999,-2.0,ATLAS               ,-                             ,-9,-9,2
EI0913  ,ATLAS3_J003411.5-425951C,00:34:11.57,-42:59:51.9,8.548213,-42.997751,0.36,0.55,0.028,1.04,1.468,0.494,0.038,0.494,0.038,0.494,0.038,0.511,0.04,0.511,0.04,0.511,0.04,-999.0,-999.0,P,-0.021,0.699,ELAIS-S1,EI0913*SWIRE3_J003411.57-425952.1*m1*C0  ,-----------------------------------------------------,1,1,1,EI0913  ,SWIRE3_J003411.57-425952.1,231537,SWIRE3_J003411.57-425952.1,8.54823,-42.99781,0.0128,0.0125,23,127.15,1.14,160.87,1.34,0.09,CA0,2,97.18,1.3,107.45,1.41,0.18,CA0,0,55.47,3.78,48.6,4.52,0.06,CA0,0,42.34,3.92,31.5,4.48,0.38,CA0,0,-999.0,-999.0,-999.0,-999.0,-999.0,---,-999,21.666,0.004,20.166,0.002,19.438,0.001,21.065,19.642,18.918,0.07,0.43,0.74,-999.0,-999.0,-999.0,-999.0,-999.0,-999.0,-999.0,-999.0,SVA1_COADD-2971203900,8.548099,-42.997806,21.073303,19.799814,19.39105,19.104376,0.0039,0.0015,0.0015,0.0014,2971203900,2971203900,SWIRE4 J003411.57-425952.0    ,8.548208333333331,-42.99777777777777,0.2171,-9.999,-2.0,ATLAS               ,5                             ,-9,-9,2
EI0916  ,ATLAS3_J003411.7-443207C,00:34:11.79,-44:32:07.1,8.549111,-44.535309,1.01,1.56,0.03,1.05,1.455,0.173,0.033,0.301,0.033,0.301,0.033,0.177,0.034,0.309,0.034,0.309,0.034,8.3,2.1,E,-999.0,-999.0,ELAIS-S1,EI0916*SWIRE3_J003411.63-443211.3*m1*C0  ,-----------------------------------------------------,1,1,1,EI0916  ,SWIRE3_J003411.63-443211.3,331353,SWIRE3_J003411.63-443211.3,8.54849,-44.53649,0.0122,0.0126,32,65.08,1.06,62.16,1.06,0.92,CA2,0,52.53,1.12,48.69,1.29,0.88,CA0,0,72.46,5.0,94.81,5.89,0.42,CA0,0,63.48,4.57,54.34,4.32,0.46,CA0,0,908.34,32.37,866.39,42.77,0.35,CA2,0,-999.0,-999.0,-999.0,-999.0,-999.0,-999.0,-999.0,-999.0,-999.0,-999.0,-999.0,-999.0,-999.0,-999.0,-999.0,-999.0,-999.0,-999.0,-999.0,-999.0,SVA1_COADD-2970648626,8.548467,-44.5365,23.78327,22.837301,22.228937,21.907263,0.0388,0.021,0.0175,0.0167,2970648626,2970648626,SVA1_COADD-2970648626         ,8.54845833333333,-44.5365,0.74433,-9.999,3.0,DES_AAOmega         ,//                            ,3,5400,2
EI0919  ,ATLAS3_J003412.7-441459C,00:34:12.75,-44:14:59.6,8.553128,-44.249892,0.98,1.51,0.018,1.04,1.473,0.106,0.019,0.106,0.019,0.106,0.019,0.11,0.02,0.11,0.02,0.11,0.02,-999.0,-999.0,P,-999.0,-999.0,ELAIS-S1,EI0919*SWIRE3_J003412.77-441502.0*m1*C0  ,-----------------------------------------------------,1,1,1,EI0919  ,SWIRE3_J003412.77-441502.0,221209,SWIRE3_J003412.77-441502.0,8.55324,-44.25058,0.00799,0.00752,22,155.39,1.5,165.26,1.47,0.42,CA0,1,149.69,1.99,148.59,2.01,0.46,CA0,0,121.4,5.5,160.22,8.95,0.02,CA0,0,721.06,7.39,719.69,9.52,0.57,CA0,1,1378.66,24.65,1006.29,28.71,0.83,CA0,0,-999.0,-999.0,-999.0,-999.0,-999.0,-999.0,-999.0,-999.0,-999.0,-999.0,-999.0,-999.0,-999.0,-999.0,-999.0,-999.0,-999.0,-999.0,-999.0,-999.0,SVA1_COADD-2970671776,8.553179,-44.25055,20.25282,19.537956,19.204788,19.03404,0.0022,0.0013,0.0013,0.0013,2970671776,2970671776,SVA1_COADD-2970671776         ,8.55316666666667,-44.2505555555556,0.21796,-9.999,4.0,DES_AAOmega         ,//                            ,3,7200,4
EI0923  ,ATLAS3_J003413.8-435537C,00:34:13.86,-43:55:37.6,8.557733,-43.927123,0.8,1.24,0.018,1.04,1.471,0.129,0.02,0.129,0.02,0.129,0.02,0.133,0.02,0.133,0.02,0.133,0.02,-999.0,-999.0,P,-999.0,-999.0,ELAIS-S1,EI0923*SWIRE3_J003413.83-435536.1*m1*C0  ,-----------------------------------------------------,1,1,1,EI0923  ,SWIRE3_J003413.83-435536.1,213338,SWIRE3_J003413.83-435536.1,8.55765,-43.92672,0.00914,0.0081,22,142.52,1.68,157.71,1.71,0.19,CA2,1,116.78,1.81,127.98,2.0,0.09,CA0,0,102.15,5.71,107.1,7.9,0.03,CA0,0,747.99,7.44,810.51,10.45,0.56,CA0,1,1193.88,33.38,1019.83,41.03,0.76,CA0,0,20.225,0.002,19.64,0.002,19.285,0.002,19.636,18.944,18.52,0.03,0.03,0.03,-999.0,-999.0,-999.0,-999.0,-999.0,-999.0,-999.0,-999.0,SVA1_COADD-2970700630,8.557548,-43.92671,20.053837,19.576834,19.308905,19.214952,0.0017,0.0012,0.0013,0.0015,2970700630,2970700630,SVA1_COADD-2970700630         ,8.55754166666667,-43.9267222222222,0.17668,-9.999,4.0,DES_AAOmega         ,//                            ,2,4800,4
EI0925  ,ATLAS3_J003414.2-441243C,00:34:14.22,-44:12:43.3,8.559255,-44.212038,0.46,0.71,0.018,1.04,1.472,0.233,0.022,0.233,0.022,0.233,0.022,0.241,0.023,0.241,0.023,0.241,0.023,-999.0,-999.0,P,-1.154,0.971,ELAIS-S1,EI0925*SWIRE3_J003414.24-441244.1*m1*C0  ,-----------------------------------------------------,1,1,1,EI0925  ,SWIRE3_J003414.24-441244.1,220122,SWIRE3_J003414.24-441244.1,8.55934,-44.21226,0.00731,0.00979,22,154.37,1.76,175.29,1.79,0.23,CA0,1,154.27,2.07,164.48,2.14,0.45,CA0,0,93.82,5.89,78.41,6.64,0.41,CA0,0,360.46,6.4,336.85,8.2,0.64,CA0,0,625.17,30.48,495.11,30.06,0.41,CA0,0,-999.0,-999.0,-999.0,-999.0,-999.0,-999.0,-999.0,-999.0,-999.0,-999.0,-999.0,-999.0,-999.0,-999.0,-999.0,-999.0,-999.0,-999.0,-999.0,-999.0,SVA1_COADD-2970675259,8.559294,-44.212239,21.773481,20.468744,19.927176,19.585972,0.0073,0.0027,0.0023,0.0022,2970675259,2970675259,S243                          ,8.559333333333333,-44.21225,0.2857,-9.999,-2.0,ATLAS               ,-                             ,-9,-9,2
EI0928  ,ATLAS3_J003414.7-440823C,00:34:14.74,-44:08:23.4,8.561424,-44.139843,0.91,1.41,0.018,1.04,1.469,0.112,0.019,0.112,0.019,0.112,0.019,0.116,0.02,0.116,0.02,0.116,0.02,-999.0,-999.0,P,-999.0,-999.0,ELAIS-S1,EI0928*SWIRE3_J003414.76-440822.7*m1*C0  ,-----------------------------------------------------,1,1,1,EI0928  ,SWIRE3_J003414.76-440822.7,218328,SWIRE3_J003414.76-440822.7,8.5615,-44.13965,0.0121,0.00968,22,101.69,1.23,127.85,1.48,0.03,CA0,2,102.89,1.43,118.58,1.71,0.03,CA0,0,56.47,5.04,55.5,5.35,0.53,CA0,0,240.88,5.13,304.71,8.67,0.01,CA0,0,1150.6,33.79,1130.62,44.12,0.28,CA0,0,-999.0,-999.0,-999.0,-999.0,-999.0,-999.0,-999.0,-999.0,-999.0,-999.0,-999.0,-999.0,-999.0,-999.0,-999.0,-999.0,-999.0,-999.0,-999.0,-999.0,SVA1_COADD-2970680721,8.561358,-44.139812,21.568935,20.697613,20.41514,20.010801,0.006,0.0033,0.0034,0.0032,2970680721,2970680721,S310                          ,8.561499999999999,-44.13964166666667,0.3921,-9.999,-2.0,ATLAS               ,-                             ,-9,-9,2
EI0930  ,ATLAS3_J003415.0-442716C,00:34:15.09,-44:27:16.5,8.562857,-44.454573,0.85,1.32,0.023,1.04,1.469,0.154,0.025,0.154,0.025,0.154,0.025,0.159,0.026,0.159,0.026,0.159,0.026,-999.0,-999.0,P,-999.0,-999.0,ELAIS-S1,EI0930*SWIRE3_J003415.09-442716.3*m1*C0  ,-----------------------------------------------------,1,1,1,EI0930  ,SWIRE3_J003415.09-442716.3,329103,SWIRE3_J003415.09-442716.3,8.5629,-44.45454,0.00983,0.00983,32,111.75,1.5,113.09,1.47,0.87,CA2,0,87.86,1.63,86.05,1.9,0.24,CA0,0,120.63,6.24,83.84,4.8,0.06,CA0,0,131.48,5.89,113.93,7.18,0.27,CA0,0,639.99,31.82,546.9,34.04,0.33,CA0,0,-999.0,-999.0,-999.0,-999.0,-999.0,-999.0,-999.0,-999.0,-999.0,-999.0,-999.0,-999.0,-999.0,-999.0,-999.0,-999.0,-999.0,-999.0,-999.0,-999.0,SVA1_COADD-2970654474,8.562789,-44.454568,22.503582,21.363708,20.926188,20.579075,0.0128,0.0056,0.0053,0.005,2970654474,2970654474,SVA1_COADD-2970654474         ,8.56279166666667,-44.4545555555556,0.55091,-9.999,3.0,DES_AAOmega         ,//                            ,3,7200,2
EI0931  ,ATLAS3_J003415.1-442207C,00:34:15.14,-44:22:07.6,8.563091,-44.368764,0.62,0.95,0.019,1.04,1.476,0.187,0.022,0.263,0.024,0.263,0.024,0.194,0.023,0.273,0.024,0.273,0.024,6.1,1.6,E,-999.0,-999.0,ELAIS-S1,EI0931*SWIRE3_J003415.01-442205.6*m1*C0  ,-----------------------------------------------------,1,1,1,EI0931  ,SWIRE3_J003415.01-442205.6,223851,SWIRE3_J003415.01-442205.6,8.56258,-44.36824,0.00788,0.00871,22,175.57,1.93,233.28,2.09,0.03,CA0,2,146.75,1.66,198.49,2.14,0.03,CA2,2,75.0,5.48,76.83,6.65,0.04,CA0,0,842.75,6.4,1133.83,9.83,0.02,CA0,2,1320.33,26.89,1186.43,35.82,0.62,CA0,0,-999.0,-999.0,-999.0,-999.0,-999.0,-999.0,-999.0,-999.0,-999.0,-999.0,-999.0,-999.0,-999.0,-999.0,-999.0,-999.0,-999.0,-999.0,-999.0,-999.0,SVA1_COADD-2970662170,8.562481,-44.368242,20.204401,19.575893,19.283955,19.127851,0.0021,0.0013,0.0013,0.0014,2970662170,2970662170,TGS890Z225                    ,8.562583333333333,-44.36827777777778,0.196806,-9.999,5.0,2dFGRS              ,-                             ,-9,-9,4
EI0932  ,ATLAS3_J003415.2-430234C,00:34:15.27,-43:02:34.0,8.563622,-43.04279,0.73,1.12,0.025,1.04,1.475,0.199,0.028,0.199,0.028,0.199,0.028,0.206,0.029,0.206,0.029,0.206,0.029,-999.0,-999.0,P,-999.0,-999.0,ELAIS-S1,EI0932*SWIRE3_J003415.22-430234.2*m1*C0  ,-----------------------------------------------------,1,1,1,EI0932  ,SWIRE3_J003415.22-430234.2,232161,SWIRE3_J003415.22-430234.2,8.56343,-43.04284,0.00709,0.00612,23,337.49,2.32,437.66,2.38,0.03,CA0,2,279.6,2.37,367.12,2.59,0.03,CA0,2,230.7,6.9,243.85,8.66,0.02,CA0,0,1376.36,8.06,1795.78,10.64,0.03,CA0,2,1689.04,26.32,1252.27,30.73,0.66,CA0,0,20.82,0.002,19.705,0.002,19.036,0.001,19.366,18.477,17.943,0.03,0.03,0.03,-999.0,-999.0,-999.0,-999.0,-999.0,-999.0,-999.0,-999.0,SVA1_COADD-2971200456,8.563324,-43.042825,20.487837,19.460348,18.977276,18.70338,0.0024,0.001,0.0009,0.0009,2971200456,2971200456,SWIRE3 J003415.22-430234.2    ,8.563416666666665,-43.04283333333333,0.18821,-9.999,-2.0,ATLAS               ,-                             ,-9,-9,2
EI0933  ,ATLAS3_J003415.3-425741C,00:34:15.39,-42:57:41.8,8.564106,-42.961602,1.08,1.68,0.031,1.05,1.461,0.165,0.033,0.165,0.033,0.165,0.033,0.17,0.034,0.17,0.034,0.17,0.034,-999.0,-999.0,P,-999.0,-999.0,ELAIS-S1,EI0933*SWIRE3_J003415.26-425741.6*m1*C0  ,-----------------------------------------------------,1,1,1,EI0933  ,SWIRE3_J003415.26-425741.6,230266,SWIRE3_J003415.26-425741.6,8.5636,-42.96157,0.0112,0.0114,23,115.28,1.27,132.77,1.38,0.05,CA0,2,83.9,1.59,88.25,1.82,0.24,CA0,0,109.27,4.99,114.76,6.6,0.0,CA0,0,102.3,5.58,108.04,7.34,0.58,CA0,0,-99.0,-99.0,-99.0,-99.0,-9.0,---,-99,-999.0,-999.0,-999.0,-999.0,-999.0,-999.0,-999.0,-999.0,-999.0,-999.0,-999.0,-999.0,-999.0,-999.0,-999.0,-999.0,-999.0,-999.0,-999.0,-999.0,SVA1_COADD-2971207358,8.563482,-42.96156,22.72104,21.430227,20.704544,20.399149,0.0155,0.0046,0.0038,0.004,2971207358,2971207358,SVA1_COADD-2971207358         ,8.5635,-42.9615555555555,0.58975,-9.999,4.0,DES_AAOmega         ,CLi 8 0.58975 4 {} | AKi 8 0.5,4,7200,4
EI0935  ,ATLAS3_J003416.0-430941C,00:34:16.09,-43:09:41.1,8.567033,-43.161421,0.18,0.28,0.018,1.03,1.481,1.274,0.067,1.274,0.067,1.274,0.067,1.298,0.07,1.298,0.07,1.298,0.07,-999.0,-999.0,P,-0.344,0.195,ELAIS-S1,EI0935*SWIRE3_J003416.08-430941.2*m1*C0  ,-----------------------------------------------------,1,1,1,EI0935  ,SWIRE3_J003416.08-430941.2,234677,SWIRE3_J003416.08-430941.2,8.567,-43.16145,0.00565,0.0058,23,356.08,2.19,398.87,2.14,0.67,CA0,1,391.79,3.0,409.92,2.84,0.9,CA0,-1,319.49,5.66,315.26,6.02,0.03,CA0,0,1642.33,9.31,1582.18,10.3,0.9,CA0,-1,7828.62,33.06,6649.44,42.27,0.92,CA3,-1,20.483,0.002,19.451,0.001,18.919,0.001,20.0,18.875,18.27,0.82,0.76,0.52,-999.0,-999.0,-999.0,-999.0,-999.0,-999.0,-999.0,-999.0,SVA1_COADD-2971186665,8.566949,-43.161452,20.075386,19.256643,18.960379,18.5741,0.0018,0.001,0.001,0.0008,2971186665,2971186665,S1130                         ,8.566999999999998,-43.16143055555556,0.3126,-9.999,-2.0,ATLAS               ,-                             ,-9,-9,2
EI0936  ,ATLAS3_J003416.5-430658C,00:34:16.53,-43:06:58.1,8.568873,-43.116131,0.38,0.58,0.019,1.04,1.48,0.319,0.026,0.319,0.026,0.319,0.026,0.332,0.027,0.332,0.027,0.332,0.027,-999.0,-999.0,P,-2.234,0.865,ELAIS-S1,EI0936*SWIRE3_J003416.66-430658.5*m1*C0  ,-----------------------------------------------------,1,1,1,EI0936  ,SWIRE3_J003416.66-430658.5,233675,SWIRE3_J003416.66-430658.5,8.56944,-43.11626,0.00778,0.00734,23,162.06,1.62,179.38,1.66,0.09,CA0,2,189.92,2.19,202.76,2.23,0.11,CA0,0,168.9,5.1,151.06,5.17,0.05,CA0,0,749.01,7.48,837.83,11.21,0.79,CA0,1,2037.08,26.68,1748.14,34.02,0.91,CA3,0,21.291,0.003,20.308,0.003,19.735,0.002,20.455,19.532,19.015,0.03,0.03,0.03,-999.0,-999.0,-999.0,-999.0,-999.0,-999.0,-999.0,-999.0,SVA1_COADD-2971191383,8.569348,-43.116312,21.01966,20.133154,19.760347,19.377897,0.0037,0.0016,0.0017,0.0016,2971191383,2971191383,S1152                         ,8.569416666666667,-43.11626944444445,0.3319,-9.999,-2.0,ATLAS               ,-                             ,-9,-9,2
EI0940  ,ATLAS3_J003417.7-431928C,00:34:17.76,-43:19:28.9,8.573997,-43.3247,0.48,0.74,0.017,1.04,1.477,0.217,0.021,0.217,0.021,0.217,0.021,0.225,0.022,0.225,0.022,0.225,0.022,-999.0,-999.0,P,0.213,0.954,ELAIS-S1,EI0940*SWIRE3_J003417.78-431928.4*m1*C0  ,-----------------------------------------------------,1,1,1,EI0940  ,SWIRE3_J003417.78-431928.4,238172,SWIRE3_J003417.78-431928.4,8.57409,-43.32458,0.00976,0.00961,23,126.83,1.31,132.67,1.27,0.46,CA0,0,104.41,1.53,112.5,1.73,0.54,CA0,0,107.94,4.73,113.41,6.43,0.67,CA0,0,170.33,5.28,161.07,7.07,0.67,CA0,0,1051.99,30.95,594.31,27.15,0.76,CA0,0,22.919,0.01,21.414,0.007,20.382,0.003,22.127,20.77,19.761,0.02,0.03,0.03,-999.0,-999.0,-999.0,-999.0,-999.0,-999.0,-999.0,-999.0,SVA1_COADD-2971163777,8.574041,-43.324581,22.322569,20.737024,20.234076,19.875032,0.0109,0.0029,0.0027,0.0024,2971163777,2971163777,S982                          ,8.574083333333334,-43.32456944444445,0.3967,-9.999,-2.0,ATLAS               ,-                             ,-9,-9,2
EI0943  ,ATLAS3_J003418.4-441513C,00:34:18.48,-44:15:13.5,8.577015,-44.253762,1.01,1.56,0.018,1.04,1.474,0.101,0.019,0.101,0.019,0.101,0.019,0.105,0.02,0.105,0.02,0.105,0.02,-999.0,-999.0,P,-999.0,-999.0,ELAIS-S1,EI0943*SWIRE3_J003418.31-441511.6*m1*C0  ,-----------------------------------------------------,1,1,1,EI0943  ,SWIRE3_J003418.31-441511.6,220601,SWIRE3_J003418.31-441511.6,8.57632,-44.25323,0.0122,0.0138,22,73.37,1.24,78.0,1.29,0.05,CA3,0,49.8,1.35,53.07,1.78,0.1,CA0,0,62.84,4.75,53.34,5.37,0.07,CA0,0,69.41,5.42,40.44,4.3,0.23,CA0,0,984.41,31.51,1308.73,49.97,0.08,CA2,0,-999.0,-999.0,-999.0,-999.0,-999.0,-999.0,-999.0,-999.0,-999.0,-999.0,-999.0,-999.0,-999.0,-999.0,-999.0,-999.0,-999.0,-999.0,-999.0,-999.0,SVA1_COADD-2970671319,8.576282,-44.253285,23.38675,22.490103,21.74083,21.385012,0.03,0.0162,0.0114,0.0109,2970671319,2970671319,SVA1_COADD-2970671319         ,8.57629166666667,-44.2532777777778,0.80179,-9.999,4.0,DES_AAOmega         ,                              ,3,7200,4
EI0948  ,ATLAS3_J003419.4-440519C,00:34:19.45,-44:05:19.2,8.581045,-44.088668,1.0,1.54,0.018,1.04,1.469,0.102,0.019,0.102,0.019,0.102,0.019,0.105,0.02,0.105,0.02,0.105,0.02,-999.0,-999.0,P,-999.0,-999.0,ELAIS-S1,EI0948*SWIRE3_J003419.56-440519.4*m1*C0  ,-----------------------------------------------------,1,1,1,EI0948  ,SWIRE3_J003419.56-440519.4,216561,SWIRE3_J003419.56-440519.4,8.58151,-44.08873,0.0129,0.0154,22,56.92,1.17,58.58,1.2,0.04,CA0,0,55.22,1.15,67.96,1.62,0.01,CA0,0,55.7,5.24,44.48,6.25,0.04,CA0,0,74.94,4.61,93.19,6.35,0.07,CA0,0,-999.0,-999.0,-999.0,-999.0,-999.0,---,-999,-999.0,-999.0,-999.0,-999.0,-999.0,-999.0,-999.0,-999.0,-999.0,-999.0,-999.0,-999.0,-999.0,-999.0,-999.0,-999.0,-999.0,-999.0,-999.0,-999.0,SVA1_COADD-2970685625,8.581557,-44.088753,23.642439,22.305265,21.789452,21.352764,0.0366,0.0135,0.0117,0.011,2970685625,2970685625,SVA1_COADD-2970685625         ,8.58154166666667,-44.08875,0.43854,-9.999,3.0,DES_AAOmega         ,                              ,6,14400,2
EI0949  ,ATLAS3_J003419.4-441721C,00:34:19.47,-44:17:21.8,8.581118,-44.28939,0.96,1.48,0.018,1.04,1.475,0.109,0.02,0.109,0.02,0.109,0.02,0.113,0.02,0.113,0.02,0.113,0.02,-999.0,-999.0,P,-999.0,-999.0,ELAIS-S1,EI0949*SWIRE3_J003419.51-441722.9*m1*C0  ,-----------------------------------------------------,1,1,1,EI0949  ,SWIRE3_J003419.51-441722.9,221326,SWIRE3_J003419.51-441722.9,8.5813,-44.28972,0.0139,0.0139,22,28.05,0.76,28.29,0.89,0.97,CA3,0,47.39,1.3,41.4,1.28,0.88,CA2,0,104.81,5.12,82.85,5.67,0.63,CA0,0,164.21,5.49,234.19,9.62,0.15,CA0,0,992.96,26.13,1004.15,35.72,0.57,CA0,0,-999.0,-999.0,-999.0,-999.0,-999.0,-999.0,-999.0,-999.0,-999.0,-999.0,-999.0,-999.0,-999.0,-999.0,-999.0,-999.0,-999.0,-999.0,-999.0,-999.0,SVA1_COADD-2970667979,8.581227,-44.289715,22.401726,21.876068,21.720863,21.393896,0.0124,0.0093,0.0111,0.0109,2970667979,2970667979,SVA1_COADD-2970667979         ,8.58120833333333,-44.2897222222222,2.52506,-9.999,4.0,DES_AAOmega         ,CLi 9 2.52506 3 {AGN} | rgs 9 ,11,24000,4
EI0952  ,ATLAS3_J003419.7-430900C,00:34:19.73,-43:09:00.1,8.582207,-43.150018,0.23,0.36,0.018,1.04,1.481,0.615,0.036,0.615,0.036,0.615,0.036,0.639,0.038,0.639,0.038,0.639,0.038,-999.0,-999.0,P,-0.798,0.383,ELAIS-S1,EI0952*SWIRE3_J003419.68-430859.3*m1*C0  ,-----------------------------------------------------,1,1,1,EI0952  ,SWIRE3_J003419.68-430859.3,234028,SWIRE3_J003419.68-430859.3,8.582,-43.14981,0.011,0.0105,23,201.48,2.02,300.77,2.4,0.04,CA3,2,139.84,1.96,209.35,2.95,0.03,CA3,2,99.42,6.09,119.57,10.24,0.0,CA2,0,90.08,5.52,83.3,6.22,0.53,CA0,0,-999.0,-999.0,-999.0,-999.0,-999.0,---,-999,23.835,0.023,22.499,0.017,21.259,0.006,22.664,21.421,20.243,0.11,0.04,0.03,-999.0,-999.0,-999.0,-999.0,-999.0,-999.0,-999.0,-999.0,SVA1_COADD-2971188412,8.581903,-43.149784,23.410892,21.661411,20.818954,20.365906,0.0278,0.0057,0.0043,0.0038,2971188412,2971188412,0094-01656                    ,8.582,-43.14979,0.57028615,-9.999,4.0,PRIMUS              ,-                             ,-9,-9,4
EI0953  ,ATLAS3_J003420.0-442835C,00:34:20.01,-44:28:35.7,8.583362,-44.476586,0.35,0.55,0.025,1.05,1.466,0.449,0.034,0.449,0.034,0.449,0.034,0.464,0.036,0.464,0.036,0.464,0.036,-999.0,-999.0,P,-0.411,0.713,ELAIS-S1,EI0953*SWIRE3_J003420.03-442835.2*m1*C0  ,-----------------------------------------------------,1,1,1,EI0953  ,SWIRE3_J003420.03-442835.2,329022,SWIRE3_J003420.03-442835.2,8.58347,-44.47645,0.0111,0.00886,32,126.22,1.62,146.95,1.7,0.04,CA3,2,121.7,1.88,143.6,2.32,0.04,CA2,0,123.46,6.1,150.5,9.73,0.0,CA0,0,211.45,6.07,204.15,8.62,0.39,CA0,0,645.23,31.46,444.44,29.61,0.51,CA0,0,-999.0,-999.0,-999.0,-999.0,-999.0,-999.0,-999.0,-999.0,-999.0,-999.0,-999.0,-999.0,-999.0,-999.0,-999.0,-999.0,-999.0,-999.0,-999.0,-999.0,SVA1_COADD-2970652454,8.583449,-44.476279,23.517979,21.830627,21.223814,20.759758,0.0316,0.0084,0.0069,0.0065,2970652454,2970652454,SVA1_COADD-2970652454         ,8.58345833333333,-44.4762777777778,0.41593,-9.999,4.0,DES_AAOmega         ,                              ,6,14400,4
EI0958  ,ATLAS3_J003420.8-442403C,00:34:20.88,-44:24:03.1,8.587003,-44.400851,0.19,0.3,0.021,1.04,1.474,1.099,0.06,1.412,0.074,1.412,0.074,1.14,0.062,1.464,0.076,1.464,0.076,5.1,0.9,E,-0.804,0.419,ELAIS-S1,EI0958*SWIRE3_J003421.02-442405.0*m1*C0  ,-----------------------------------------------------,1,1,1,EI0958  ,SWIRE3_J003421.02-442405.0,223903,SWIRE3_J003421.02-442405.0,8.58759,-44.40139,0.0118,0.0103,22,135.54,1.37,158.85,1.49,0.34,CA3,1,118.8,1.49,130.1,1.77,0.22,CA0,0,80.13,4.69,85.06,6.49,0.0,CA0,0,51.17,4.51,46.36,4.96,0.05,CA0,0,-999.0,-999.0,-999.0,-999.0,-999.0,---,-999,-999.0,-999.0,-999.0,-999.0,-999.0,-999.0,-999.0,-999.0,-999.0,-999.0,-999.0,-999.0,-999.0,-999.0,-999.0,-999.0,-999.0,-999.0,-999.0,-999.0,SVA1_COADD-2970659169,8.587491,-44.401377,21.903711,20.348213,19.836498,19.496214,0.0078,0.0023,0.002,0.0019,2970659169,2970659169,S102                          ,8.587583333333333,-44.401377777777775,0.3259,-9.999,-2.0,ATLAS               ,-                             ,-9,-9,2
EI0960  ,ATLAS3_J003420.9-430814C,00:34:20.96,-43:08:14.3,8.587319,-43.137313,0.88,1.36,0.018,1.04,1.481,0.12,0.02,0.12,0.02,0.12,0.02,0.125,0.021,0.125,0.021,0.125,0.021,-999.0,-999.0,P,-999.0,-999.0,ELAIS-S1,EI0960*SWIRE3_J003421.00-430813.7*m1*C0  ,-----------------------------------------------------,1,1,1,EI0960  ,SWIRE3_J003421.00-430813.7,233636,SWIRE3_J003421.00-430813.7,8.58751,-43.13715,0.0101,0.0102,23,77.28,1.31,71.27,1.21,0.95,CA3,0,64.7,1.47,69.4,1.8,0.86,CA3,0,80.77,5.61,70.18,5.46,0.52,CA0,0,156.44,5.74,162.7,8.32,0.34,CA0,0,1494.32,25.08,1462.87,34.05,0.32,CA2,0,23.921,0.027,23.279,0.031,22.526,0.017,23.647,22.911,22.178,0.0,0.0,0.09,-999.0,-999.0,-999.0,-999.0,-999.0,-999.0,-999.0,-999.0,SVA1_COADD-2971188743,8.587411,-43.137157,23.821728,22.92282,22.164228,21.740967,0.0403,0.0174,0.0142,0.0133,2971188743,2971188743,SVA1_COADD-2971188743         ,8.58741666666667,-43.1371666666667,0.83317,-9.999,3.0,DES_AAOmega         ,//                            ,4,9600,2
EI0963C2,ATLAS3_J003422.2-434119C,00:34:22.20,-43:41:19.2,8.592486,-43.688656,0.21,0.26,0.017,1.04,1.478,2.683,0.187,2.683,0.187,9.883,0.3788231777491974,2.764,0.193,2.764,0.193,10.18,0.3911853780498448,-999.0,-999.0,P,-0.547,0.102,ELAIS-S1,EI0963C2*SWIRE3_J003422.19-434119.7*m3*C0,-----------------------------------------------------,1,3,1,EI0963C2,SWIRE3_J003422.19-434119.7,206229,SWIRE3_J003422.19-434119.7,8.59249,-43.68882,0.0114,0.0103,22,198.25,1.62,253.92,1.79,0.1,CA0,2,164.3,1.32,213.83,1.74,0.08,CA0,2,121.74,4.81,122.49,6.32,0.01,CA0,0,83.04,3.49,89.46,5.36,0.04,CA0,0,-999.0,-999.0,-999.0,-999.0,-999.0,---,-999,21.946,0.006,20.334,0.004,19.472,0.002,21.19,19.633,18.703,0.1,0.1,0.04,-999.0,-999.0,-999.0,-999.0,-999.0,-999.0,-999.0,-999.0,SVA1_COADD-2971123488,8.592411,-43.688866,21.24532,19.744562,19.268076,18.976604,0.0031,0.0009,0.0009,0.0008,2971123488,2971123488,S679                          ,8.5925,-43.68881944444444,0.281,-9.999,-2.0,ATLAS               ,-                             ,-9,-9,2
EI0964  ,ATLAS3_J003422.3-434320C,00:34:22.35,-43:43:20.1,8.593139,-43.722237,0.26,0.4,0.017,1.04,1.478,0.467,0.03,0.467,0.03,0.467,0.03,0.485,0.031,0.485,0.031,0.485,0.031,-999.0,-999.0,P,-1.477,0.455,ELAIS-S1,EI0964*SWIRE3_J003422.32-434319.5*m1*C0  ,-----------------------------------------------------,1,1,1,EI0964  ,SWIRE3_J003422.32-434319.5,207138,SWIRE3_J003422.32-434319.5,8.59304,-43.72211,0.0122,0.0122,22,79.93,1.05,74.06,1.01,0.97,CA0,0,57.85,0.99,55.01,1.13,0.91,CA0,0,61.02,4.49,121.03,7.48,0.01,CA0,0,64.24,3.84,55.08,4.31,0.43,CA0,0,1063.76,31.18,753.66,35.54,0.45,CA0,0,24.924,0.078,23.531,0.056,22.384,0.021,24.966,23.177,22.05,0.45,0.64,0.72,-999.0,-999.0,-999.0,-999.0,-999.0,-999.0,-999.0,-999.0,SVA1_COADD-2971118910,8.593001,-43.722082,24.204834,22.613218,21.712223,21.371979,0.0404,0.0099,0.0069,0.0068,2971118910,2971118910,S642                          ,8.593041666666666,-43.72208055555556,0.6793,-9.999,-2.0,ATLAS               ,-                             ,-9,-9,2
EI0970  ,ATLAS3_J003425.1-435625C,00:34:25.19,-43:56:25.2,8.604945,-43.940332,0.54,0.83,0.017,1.04,1.472,0.193,0.021,0.193,0.021,0.193,0.021,0.2,0.021,0.2,0.021,0.2,0.021,-999.0,-999.0,P,0.007,1.182,ELAIS-S1,EI0970*SWIRE3_J003425.20-435623.7*m1*C0  ,-----------------------------------------------------,1,1,1,EI0970  ,SWIRE3_J003425.20-435623.7,212188,SWIRE3_J003425.20-435623.7,8.60501,-43.93992,0.0117,0.012,22,205.93,1.37,326.01,1.78,0.03,EK2,2,164.54,1.52,232.01,2.02,0.05,CA0,2,104.13,4.06,134.28,5.6,0.0,CA0,0,100.17,4.05,189.41,9.14,0.01,CA0,0,-999.0,-999.0,-999.0,-999.0,-999.0,---,-999,22.012,0.004,20.29,0.002,19.421,0.001,20.976,19.162,18.356,0.03,0.03,0.03,-999.0,-999.0,-999.0,-999.0,-999.0,-999.0,-999.0,-999.0,SVA1_COADD-2970699607,8.605046,-43.939921,21.246243,19.76409,19.253498,18.910429,0.0043,0.0014,0.0012,0.0012,2970699607,2970699607,S461*                         ,8.605,-43.93991111111111,0.2363,-9.999,-2.0,ATLAS               ,-                             ,-9,-9,2
EI0971C1,ATLAS3_J003425.4-434400C,00:34:25.42,-43:44:00.0,8.605937,-43.733322,0.17,0.26,0.017,1.04,1.479,1.529,0.079,1.8,0.093,1.8,0.093,1.575,0.082,1.854,0.097,1.854,0.097,4.1,1.0,E,-0.537,0.138,ELAIS-S1,EI0971C1*SWIRE3_J003425.44-434359.6*m1*C0,-----------------------------------------------------,4,1,1,EI0971C1,SWIRE3_J003425.44-434359.6,207001,SWIRE3_J003425.44-434359.6,8.60601,-43.73323,0.0114,0.0101,22,240.01,1.67,383.37,2.08,0.03,EK3,2,203.76,1.9,312.87,2.64,0.03,CA0,2,121.74,4.51,162.47,7.19,0.0,CA0,0,227.66,4.96,339.24,9.36,0.0,CA0,0,-99.0,-99.0,-99.0,-99.0,-9.0,---,-99,60.872,99.99,20.277,0.002,19.385,0.001,60.091,18.916,18.174,99.99,0.03,0.03,-999.0,-999.0,-999.0,-999.0,-999.0,-999.0,-999.0,-999.0,SVA1_COADD-2971118832,8.605964,-43.733247,21.143322,19.718393,19.217262,18.916378,0.0029,0.0009,0.0008,0.0008,2971118832,2971118832,S631                          ,8.606041666666666,-43.73321944444445,0.2804,-9.999,-2.0,ATLAS               ,-                             ,-9,-9,2
EI0971C2,ATLAS3_J003426.0-434348C,00:34:26.00,-43:43:48.8,8.608334,-43.730217,0.29,0.45,0.017,1.04,1.479,0.318,0.025,0.462,0.037,0.462,0.037,0.328,0.026,0.476,0.038,0.476,0.038,6.5,1.2,E,-0.537,0.138,ELAIS-S1,EI0971C2*SWIRE3_J003426.01-434349.1*m1*C0,-----------------------------------------------------,4,1,1,EI0971C2,SWIRE3_J003426.01-434349.1,206831,SWIRE3_J003426.01-434349.1,8.6084,-43.73032,0.00706,0.00961,22,233.92,1.67,300.0,1.8,0.04,CA2,2,210.03,1.9,266.21,2.21,0.04,CA0,2,175.79,4.8,200.76,6.93,0.05,CA0,0,864.5,6.37,938.32,9.09,0.58,CA0,1,948.74,32.31,893.45,38.21,0.68,CA0,0,22.543,0.007,21.122,0.004,20.284,0.002,21.062,19.713,19.017,0.01,0.03,0.03,-999.0,-999.0,-999.0,-999.0,-999.0,-999.0,-999.0,-999.0,SVA1_COADD-2971118302,8.608365,-43.73032,21.960604,20.637844,20.00867,19.603933,0.0056,0.0018,0.0016,0.0014,2971118302,2971118302,SWIRE3 J003426.01-434349.1    ,8.608374999999999,-43.73030555555555,0.20469,-9.999,-2.0,ATLAS               ,-                             ,-9,-9,2
EI0974  ,ATLAS3_J003425.6-430200C,00:34:25.64,-43:02:00.1,8.60682,-43.033366,0.16,0.25,0.024,1.04,1.473,8.389,0.429,33.55,1.678,33.55,1.678,8.705,0.449,34.811,1.757,34.811,1.757,16.7,0.8,E,-0.726,0.134,ELAIS-S1,EI0974*SWIRE3_J003427.54-430222.5*m1*C0  ,-----------------------------------------------------,4,1,1,EI0974  ,SWIRE3_J003427.54-430222.5,230547,SWIRE3_J003427.54-430222.5,8.61479,-43.03961,0.00767,0.00875,23,543.13,3.24,960.0,4.06,0.03,EK3,2,440.62,3.22,793.29,4.69,0.03,EK3,2,332.53,7.6,452.03,11.4,0.03,CA0,0,335.25,6.32,400.19,10.79,0.75,CA0,0,-99.0,-99.0,-99.0,-99.0,-9.0,---,-99,20.706,0.002,19.014,0.001,18.261,0.001,19.53,17.877,17.12,0.03,0.03,0.03,-999.0,-999.0,-999.0,-999.0,-999.0,-999.0,-999.0,-999.0,SVA1_COADD-2971201695,8.614741,-43.039563,19.991966,18.645008,18.20245,17.929413,0.0017,0.0006,0.0005,0.0005,2971201695,2971201695,SWIRE4 J003427.54-430222.5    ,8.614749999999999,-43.039583333333326,0.2193,-9.999,-2.0,ATLAS               ,5                             ,-9,-9,2
EI0975  ,ATLAS3_J003426.1-430538C,00:34:26.16,-43:05:38.8,8.609004,-43.09412,0.99,1.53,0.019,1.04,1.478,0.114,0.021,0.206,0.022,0.206,0.022,0.119,0.022,0.214,0.023,0.214,0.023,8.6,2.1,E,-999.0,-999.0,ELAIS-S1,EI0975*SWIRE3_J003426.30-430542.5*m1*C0  ,-----------------------------------------------------,4,1,1,EI0975  ,SWIRE3_J003426.30-430542.5,232015,SWIRE3_J003426.30-430542.5,8.60959,-43.09516,0.00868,0.0119,23,149.36,1.76,199.04,2.17,0.16,CA3,1,128.16,1.9,138.04,2.16,0.15,CA3,0,122.52,5.94,130.35,7.84,0.17,CA0,0,227.06,5.99,244.55,8.7,0.14,CA0,0,981.39,29.61,1026.5,40.59,0.58,CA0,0,23.049,0.01,21.864,0.007,20.792,0.003,22.2,20.945,19.865,0.01,0.02,0.03,-999.0,-999.0,-999.0,-999.0,-999.0,-999.0,-999.0,-999.0,SVA1_COADD-2971193593,8.609526,-43.095183,22.665367,21.1842,20.65249,20.254698,0.0144,0.0038,0.0038,0.0034,2971193593,2971193593,SVA1_COADD-2971193593         ,8.60954166666667,-43.0951944444444,0.46364,-9.999,4.0,DES_AAOmega         ,//                            ,3,5400,4
EI0979  ,ATLAS3_J003426.9-440210C,00:34:26.95,-44:02:10.1,8.612296,-44.03615,0.98,1.51,0.017,1.04,1.469,0.101,0.019,0.101,0.019,0.101,0.019,0.105,0.019,0.105,0.019,0.105,0.019,-999.0,-999.0,P,-999.0,-999.0,ELAIS-S1,EI0979*SWIRE3_J003427.02-440210.5*m1*C0  ,-----------------------------------------------------,1,1,1,EI0979  ,SWIRE3_J003427.02-440210.5,214414,SWIRE3_J003427.02-440210.5,8.61262,-44.03626,0.00918,0.0117,22,104.77,1.48,117.98,1.51,0.05,CA0,0,79.01,1.35,88.16,1.49,0.05,CA0,0,73.88,5.68,88.39,8.17,0.01,CA0,0,349.02,5.26,407.69,8.18,0.05,CA0,0,489.48,25.71,372.92,26.45,0.32,CA0,0,-999.0,-999.0,-999.0,-999.0,-999.0,-999.0,-999.0,-999.0,-999.0,-999.0,-999.0,-999.0,-999.0,-999.0,-999.0,-999.0,-999.0,-999.0,-999.0,-999.0,SVA1_COADD-2970690668,8.61258,-44.036306,21.021036,20.435987,20.05004,19.875229,0.0038,0.0026,0.0025,0.0028,2970690668,2970690668,SVA1_COADD-2970690668         ,8.61258333333333,-44.0363055555556,0.12017,-9.999,4.0,DES_AAOmega         ,//                            ,3,5400,4
EI0980  ,ATLAS3_J003427.4-431859C,00:34:27.40,-43:18:59.1,8.61415,-43.316405,0.37,0.58,0.017,1.04,1.477,0.291,0.023,0.291,0.023,0.291,0.023,0.302,0.024,0.302,0.024,0.302,0.024,-999.0,-999.0,P,-0.324,0.703,ELAIS-S1,EI0980*SWIRE3_J003427.42-431859.5*m1*C0  ,-----------------------------------------------------,1,1,1,EI0980  ,SWIRE3_J003427.42-431859.5,236852,SWIRE3_J003427.42-431859.5,8.61425,-43.31653,0.00983,0.0106,23,339.08,2.67,768.19,3.9,0.03,EK3,2,279.7,2.7,577.82,4.37,0.03,EK3,2,190.59,6.69,365.43,15.08,0.0,CA0,0,127.79,5.67,143.0,8.4,0.0,CA0,0,-999.0,-999.0,-999.0,-999.0,-999.0,---,-999,22.251,0.005,20.697,0.003,19.448,0.001,20.79,19.186,17.945,0.02,0.03,0.03,-999.0,-999.0,-999.0,-999.0,-999.0,-999.0,-999.0,-999.0,SVA1_COADD-2971165927,8.614189,-43.316563,21.653774,19.802723,19.199865,18.874033,0.0062,0.0012,0.0011,0.001,2971165927,2971165927,S992                          ,8.61425,-43.31650833333333,0.3951,-9.999,-2.0,ATLAS               ,-                             ,-9,-9,2
EI0988C1,ATLAS3_J003429.0-432616C,00:34:29.02,-43:26:16.9,8.620913,-43.43803,0.24,0.36,0.019,1.04,1.475,0.619,0.046,0.974,0.074,2.364,0.1060754448494089,0.645,0.048,1.014,0.077,2.4610000000000003,0.1110360301884032,7.3,1.1,E,-0.774,0.151,ELAIS-S1,EI0988C1*SWIRE3_J003429.34-432614.4*m2*C0,-----------------------------------------------------,1,2,1,EI0988C1,SWIRE3_J003429.34-432614.4,239344,SWIRE3_J003429.34-432614.4,8.62226,-43.43734,0.00421,0.00421,23,1596.96,5.71,5323.21,8.88,0.03,EK2,2,1144.22,5.18,3595.26,8.23,0.03,EK2,2,1955.03,15.55,5461.77,25.68,0.03,EK2,2,10161.02,20.83,25296.75,30.38,0.03,EK0,2,21512.72,35.81,24925.43,59.24,0.04,EK0,2,-999.0,-999.0,-999.0,-999.0,-999.0,-999.0,-999.0,-999.0,-999.0,-999.0,-999.0,-999.0,-999.0,-999.0,-999.0,-999.0,-999.0,-999.0,-999.0,-999.0,SVA1_COADD-2971153212,8.622551,-43.437327,19.684883,18.644222,18.14694,17.716179,0.0011,0.0005,0.0004,0.0003,2971153212,2971153212,S896                          ,8.622333333333334,-43.43727222222222,0.053,-9.999,-2.0,ATLAS               ,-                             ,-9,-9,2
EI0993  ,ATLAS3_J003429.4-434708C,00:34:29.49,-43:47:08.9,8.62289,-43.785795,0.24,0.37,0.016,1.04,1.478,0.516,0.031,0.993,0.052,0.993,0.052,0.535,0.032,1.031,0.054,1.031,0.054,9.3,0.8,E,0.633,0.228,ELAIS-S1,EI0993*SWIRE3_J003429.40-434717.0*m1*C0  ,-----------------------------------------------------,1,1,1,EI0993  ,SWIRE3_J003429.40-434717.0,207892,SWIRE3_J003429.40-434717.0,8.62253,-43.78806,0.0106,0.00979,22,343.08,2.12,598.36,2.71,0.03,EK3,2,264.1,2.6,428.94,3.63,0.03,CA0,2,152.86,4.71,249.61,9.58,0.0,CA0,0,105.17,5.67,150.19,8.69,0.02,CA0,0,-999.0,-999.0,-999.0,-999.0,-999.0,---,-999,21.145,0.002,19.519,0.001,18.786,0.001,19.932,18.311,17.582,0.03,0.03,0.03,-999.0,-999.0,-999.0,-999.0,-999.0,-999.0,-999.0,-999.0,SVA1_COADD-2971113531,8.622485,-43.78807,20.425577,19.103796,18.658882,18.354029,0.0017,0.0006,0.0005,0.0005,2971113531,2971113531,0093-00208                    ,8.62256,-43.78805,0.20219968,-9.999,4.0,PRIMUS              ,-                             ,-9,-9,4
EI0998  ,ATLAS3_J003430.6-432453C,00:34:30.64,-43:24:53.1,8.627669,-43.414739,0.34,0.53,0.018,1.04,1.476,0.342,0.026,0.342,0.026,0.342,0.026,0.355,0.027,0.355,0.027,0.355,0.027,-999.0,-999.0,P,-0.986,0.667,ELAIS-S1,EI0998*SWIRE3_J003430.60-432452.7*m1*C0  ,-----------------------------------------------------,1,1,1,EI0998  ,SWIRE3_J003430.60-432452.7,238723,SWIRE3_J003430.60-432452.7,8.62754,-43.41465,0.00673,0.00673,23,813.47,3.31,1325.67,3.71,0.03,EK2,2,535.19,2.97,845.0,3.54,0.03,EK2,2,370.18,6.43,511.76,9.46,0.01,CA0,0,398.93,5.33,585.8,10.66,0.02,CA0,2,-999.0,-999.0,-999.0,-999.0,-999.0,---,-999,19.48,0.001,18.206,0.001,17.535,0.0,18.257,17.059,16.413,0.03,0.03,0.03,-999.0,-999.0,-999.0,-999.0,-999.0,-999.0,-999.0,-999.0,SVA1_COADD-2971155496,8.627438,-43.414701,18.905699,17.893652,17.481785,17.171175,0.0007,0.0003,0.0003,0.0002,2971155496,2971155496,S919                          ,8.627541666666666,-43.41466944444444,0.0901,-9.999,-2.0,ATLAS               ,-                             ,-9,-9,2
EI0999  ,ATLAS3_J003430.8-431259C,00:34:30.86,-43:12:59.3,8.628592,-43.216465,0.75,1.16,0.017,1.04,1.48,0.132,0.019,0.132,0.019,0.132,0.019,0.137,0.02,0.137,0.02,0.137,0.02,-999.0,-999.0,P,0.266,1.319,ELAIS-S1,EI0999*SWIRE3_J003430.88-431259.4*m1*C0  ,-----------------------------------------------------,1,1,1,EI0999  ,SWIRE3_J003430.88-431259.4,234197,SWIRE3_J003430.88-431259.4,8.62869,-43.2165,0.00871,0.0104,23,94.52,1.42,102.43,1.45,0.04,CA0,0,106.63,1.76,104.35,1.75,0.05,CA0,0,58.37,5.36,60.13,6.04,0.49,CA0,0,299.52,6.19,286.67,7.84,0.24,CA0,0,923.45,25.63,550.84,25.85,0.58,CA0,0,21.788,0.004,20.729,0.003,20.154,0.002,21.191,20.057,19.49,0.03,0.03,0.03,-999.0,-999.0,-999.0,-999.0,-999.0,-999.0,-999.0,-999.0,SVA1_COADD-2971177536,8.62868,-43.216514,21.428938,20.54574,20.222696,19.885555,0.005,0.0021,0.0024,0.0024,2971177536,2971177536,SVA1_COADD-2971177536         ,8.62866666666667,-43.2165277777778,0.35347,-9.999,4.0,DES_AAOmega         ,//                            ,9,21600,4
EI1002  ,ATLAS3_J003431.6-440311C,00:34:31.60,-44:03:11.2,8.631675,-44.053118,0.3,0.47,0.017,1.04,1.469,0.381,0.026,0.381,0.026,0.381,0.026,0.394,0.027,0.394,0.027,0.394,0.027,-999.0,-999.0,P,0.064,0.561,ELAIS-S1,EI1002*SWIRE3_J003431.66-440313.9*m1*C0  ,-----------------------------------------------------,1,1,1,EI1002  ,SWIRE3_J003431.66-440313.9,214261,SWIRE3_J003431.66-440313.9,8.63192,-44.05387,0.0104,0.00914,22,256.13,2.04,390.46,2.44,0.03,EK0,2,211.98,1.93,307.17,2.5,0.03,CA0,2,139.28,5.33,175.36,7.77,0.0,CA0,0,108.34,4.62,123.74,7.22,0.0,CA0,0,-999.0,-999.0,-999.0,-999.0,-999.0,---,-999,-999.0,-999.0,-999.0,-999.0,-999.0,-999.0,-999.0,-999.0,-999.0,-999.0,-999.0,-999.0,-999.0,-999.0,-999.0,-999.0,-999.0,-999.0,-999.0,-999.0,SVA1_COADD-2970689545,8.631836,-44.053922,21.404625,19.788736,19.241425,18.886435,0.0051,0.0015,0.0013,0.0012,2970689545,2970689545,S380                          ,8.631916666666667,-44.053888888888885,0.2853,-9.999,-2.0,ATLAS               ,-                             ,-9,-9,2
EI1014  ,ATLAS3_J003433.3-434210C,00:34:33.33,-43:42:10.9,8.638892,-43.703023,0.18,0.29,0.017,1.04,1.479,1.041,0.056,1.041,0.056,1.041,0.056,1.082,0.058,1.082,0.058,1.082,0.058,-999.0,-999.0,P,0.013,0.205,ELAIS-S1,EI1014*SWIRE3_J003433.34-434211.3*m1*C0  ,-----------------------------------------------------,1,1,1,EI1014  ,SWIRE3_J003433.34-434211.3,205167,SWIRE3_J003433.34-434211.3,8.63894,-43.70316,0.0116,0.0119,22,133.66,1.36,147.33,1.4,0.66,CA3,1,84.71,1.3,101.37,1.78,0.78,CA0,0,87.25,4.7,80.09,5.68,0.0,CA0,0,69.32,4.44,48.38,4.39,0.08,CA0,0,-999.0,-999.0,-999.0,-999.0,-999.0,---,-999,23.771,0.024,22.817,0.019,21.872,0.008,23.361,22.344,21.438,0.07,0.03,0.1,-999.0,-999.0,-999.0,-999.0,-999.0,-999.0,-999.0,-999.0,SVA1_COADD-2971121230,8.638895,-43.70316,23.433224,22.223804,21.156515,20.725729,0.0252,0.0083,0.0052,0.0046,2971121230,2971121230,SVA1_COADD-2971121230         ,8.638875,-43.7031666666667,0.81352,-9.999,4.0,DES_AAOmega         ,                              ,3,7200,4
EI1016  ,ATLAS3_J003433.9-434357C,00:34:33.97,-43:43:57.8,8.64156,-43.732733,0.92,1.42,0.017,1.04,1.479,0.105,0.018,0.105,0.018,0.105,0.018,0.109,0.019,0.109,0.019,0.109,0.019,-999.0,-999.0,P,-999.0,-999.0,ELAIS-S1,EI1016*SWIRE3_J003434.05-434357.9*m1*C0  ,-----------------------------------------------------,1,1,1,EI1016  ,SWIRE3_J003434.05-434357.9,205785,SWIRE3_J003434.05-434357.9,8.64188,-43.73277,0.00727,0.00785,22,175.49,1.57,189.49,1.54,0.08,CA2,2,159.61,1.83,169.3,1.93,0.11,CA0,0,126.41,5.92,127.59,7.54,0.14,CA0,0,720.1,6.59,755.98,8.65,0.24,CA0,1,2123.98,31.82,1566.6,33.65,0.9,CA0,0,21.216,0.003,20.091,0.002,19.478,0.001,20.568,19.396,18.824,0.03,0.03,0.03,-999.0,-999.0,-999.0,-999.0,-999.0,-999.0,-999.0,-999.0,SVA1_COADD-2971117972,8.641817,-43.732778,20.78787,19.818312,19.374868,19.165558,0.0031,0.0012,0.0012,0.0012,2971117972,2971117972,SVA1_COADD-2971117972         ,8.64183333333333,-43.7327777777778,0.20647,-9.999,4.0,DES_AAOmega         ,///                           ,3,7200,4
EI1017  ,ATLAS3_J003435.1-432551C,00:34:35.14,-43:25:51.5,8.6464,-43.430966,0.8,1.24,0.019,1.03,1.475,0.136,0.021,0.136,0.021,0.136,0.021,0.141,0.021,0.141,0.021,0.141,0.021,-999.0,-999.0,P,-999.0,-999.0,ELAIS-S1,EI1017*SWIRE3_J003435.13-432551.5*m1*C0  ,-----------------------------------------------------,1,1,1,EI1017  ,SWIRE3_J003435.13-432551.5,238539,SWIRE3_J003435.13-432551.5,8.6464,-43.43098,0.00878,0.00972,23,167.03,1.81,181.31,1.86,0.89,CA0,-1,132.08,1.73,133.72,1.82,0.87,CA0,0,93.74,5.71,69.89,6.07,0.59,CA0,0,124.89,5.05,129.31,7.38,0.45,CA0,0,-99.0,-99.0,-99.0,-99.0,-9.0,---,-99,22.079,0.005,21.133,0.004,20.131,0.002,21.743,20.718,19.672,0.19,0.16,0.4,-999.0,-999.0,-999.0,-999.0,-999.0,-999.0,-999.0,-999.0,SVA1_COADD-2971151760,8.646278,-43.431005,21.722855,20.452568,19.961014,19.585135,0.0047,0.0016,0.0015,0.0014,2971151760,2971151760,S899                          ,8.646374999999999,-43.43098888888888,0.4736,-9.999,-2.0,ATLAS               ,-                             ,-9,-9,2
EI1018  ,ATLAS3_J003435.2-425611C,00:34:35.28,-42:56:11.2,8.647003,-42.936452,0.53,0.82,0.033,1.06,1.453,0.383,0.04,0.383,0.04,0.383,0.04,0.393,0.041,0.393,0.041,0.393,0.041,-999.0,-999.0,P,-999.0,-999.0,ELAIS-S1,EI1018*SWIRE3_J003435.23-425611.5*m1*C0  ,-----------------------------------------------------,1,1,1,EI1018  ,SWIRE3_J003435.23-425611.5,227114,SWIRE3_J003435.23-425611.5,8.64683,-42.93655,0.00821,0.0067,23,478.36,3.06,956.74,3.96,0.03,EK2,2,348.44,2.89,686.86,4.25,0.03,EK2,2,230.33,6.91,479.19,14.03,0.17,CA0,0,752.55,7.59,1981.74,17.63,0.01,EK0,2,1477.32,25.68,1546.23,37.43,0.04,CA0,0,-999.0,-999.0,-999.0,-999.0,-999.0,-999.0,-999.0,-999.0,-999.0,-999.0,-999.0,-999.0,-999.0,-999.0,-999.0,-999.0,-999.0,-999.0,-999.0,-999.0,SVA1_COADD-2971212109,8.646658,-42.936538,19.6035,18.569729,18.140997,17.867445,0.0014,0.0006,0.0005,0.0005,2971212109,2971212109,S1244                         ,8.646833333333333,-42.93655,0.1473,-9.999,-2.0,ATLAS               ,-                             ,-9,-9,2
EI1027  ,ATLAS3_J003437.5-433515C,00:34:37.54,-43:35:15.2,8.65642,-43.587558,0.88,1.35,0.019,1.04,1.477,0.123,0.02,0.123,0.02,0.123,0.02,0.127,0.021,0.127,0.021,0.127,0.021,-999.0,-999.0,P,-999.0,-999.0,ELAIS-S1,EI1027*SWIRE3_J003437.50-433515.1*m1*C0  ,-----------------------------------------------------,1,1,1,EI1027  ,SWIRE3_J003437.50-433515.1,241800,SWIRE3_J003437.50-433515.1,8.65628,-43.58753,0.0121,0.0113,23,90.33,1.16,96.68,1.23,0.26,CA0,0,78.21,1.09,78.53,1.3,0.5,CA0,0,48.91,4.84,47.92,4.74,0.44,CA0,0,58.66,3.97,47.02,4.34,0.41,CA0,0,560.26,29.73,307.73,19.2,0.5,CA0,0,-99.0,-99.0,-99.0,-99.0,23.759,0.042,-99.0,-99.0,23.062,99.99,99.99,0.0,-999.0,-999.0,-999.0,-999.0,-999.0,-999.0,-999.0,-999.0,SVA1_COADD-2971133799,8.656209,-43.587598,25.498251,24.117746,22.846819,22.177406,0.1561,0.0433,0.0225,0.0157,2971133799,2971133799,SVA1_COADD-2971133799         ,8.65620833333333,-43.5876111111111,0.95094,-9.999,3.0,DES_AAOmega         ,//                            ,18,41400,2
EI1028  ,ATLAS3_J003437.6-433631C,00:34:37.68,-43:36:31.2,8.656988,-43.608678,0.86,1.33,0.018,1.04,1.477,0.121,0.02,0.121,0.02,0.121,0.02,0.125,0.02,0.125,0.02,0.125,0.02,-999.0,-999.0,P,-999.0,-999.0,ELAIS-S1,EI1028*SWIRE3_J003437.63-433633.3*m1*C0  ,-----------------------------------------------------,1,1,1,EI1028  ,SWIRE3_J003437.63-433633.3,242348,SWIRE3_J003437.63-433633.3,8.65683,-43.60927,0.012,0.0104,23,97.76,1.44,106.94,1.51,0.12,CA0,0,83.86,1.31,90.76,1.63,0.14,CA0,0,56.08,5.4,44.54,5.58,0.07,CA0,0,80.04,4.48,61.73,4.86,0.48,CA0,0,602.07,27.09,684.94,35.97,0.17,CA0,0,24.098,0.033,23.684,0.035,23.018,0.022,23.524,23.136,22.414,0.0,0.0,0.0,-999.0,-999.0,-999.0,-999.0,-999.0,-999.0,-999.0,-999.0,SVA1_COADD-2971131134,8.656741,-43.609346,24.005072,23.393139,22.558737,21.960676,0.0398,0.0221,0.0167,0.0127,2971131134,2971131134,SVA1_COADD-2971131134         ,8.65675,-43.6093333333333,1.01786,-9.999,3.0,DES_AAOmega         ,                              ,16,38400,2
EI1038  ,ATLAS3_J003439.9-434636C,00:34:39.97,-43:46:36.4,8.666532,-43.77678,1.05,1.62,0.015,1.04,1.479,0.085,0.017,0.085,0.017,0.085,0.017,0.089,0.017,0.089,0.017,0.089,0.017,-999.0,-999.0,P,-999.0,-999.0,ELAIS-S1,EI1038*SWIRE3_J003439.92-434636.4*m1*C0  ,-----------------------------------------------------,1,1,1,EI1038  ,SWIRE3_J003439.92-434636.4,206097,SWIRE3_J003439.92-434636.4,8.66636,-43.77678,0.012,0.0119,22,92.7,0.88,97.48,0.88,0.3,CA0,0,81.25,1.2,87.0,1.41,0.8,CA0,0,90.89,3.64,102.52,5.3,0.02,CA0,0,108.41,4.3,85.94,5.3,0.65,CA0,0,699.75,25.67,475.42,21.32,0.53,CA0,0,62.614,0.077,62.069,0.055,23.015,0.021,62.936,61.771,22.34,0.36,0.56,0.0,-999.0,-999.0,-999.0,-999.0,-999.0,-999.0,-999.0,-999.0,SVA1_COADD-2971112639,8.666291,-43.776848,24.903559,23.47126,22.370916,21.836031,0.0796,0.0225,0.0133,0.0108,2971112639,2971112639,SVA1_COADD-2971112639         ,8.66629166666667,-43.7768611111111,0.86516,-9.999,3.0,DES_AAOmega         ,//                            ,12,28800,2
EI1039  ,ATLAS3_J003440.4-431719C,00:34:40.40,-43:17:19.7,8.66834,-43.288819,0.71,1.1,0.017,1.04,1.477,0.135,0.018,0.135,0.018,0.135,0.018,0.14,0.019,0.14,0.019,0.14,0.019,-999.0,-999.0,P,-999.0,-999.0,ELAIS-S1,EI1039*SWIRE3_J003440.40-431719.5*m1*C0  ,-----------------------------------------------------,1,1,1,EI1039  ,SWIRE3_J003440.40-431719.5,234667,SWIRE3_J003440.40-431719.5,8.66836,-43.28875,0.0107,0.0115,23,141.96,1.39,172.83,1.5,0.1,CA0,2,114.25,1.5,133.05,1.79,0.26,CA0,0,79.56,4.61,69.71,5.53,0.0,CA0,0,56.27,4.67,34.12,4.0,0.11,CA0,0,-999.0,-999.0,-999.0,-999.0,-999.0,---,-999,23.052,0.01,21.52,0.006,20.289,0.002,22.368,20.874,19.667,0.04,0.05,0.04,-999.0,-999.0,-999.0,-999.0,-999.0,-999.0,-999.0,-999.0,SVA1_COADD-2971168559,8.668365,-43.288804,22.439722,20.612396,20.006294,19.653667,0.0089,0.0019,0.0016,0.0015,2971168559,2971168559,RM-Y1A1-3121488015            ,8.668375,-43.2888055555556,0.39569,-9.999,4.0,DES_AAOmega         ,                              ,2,4800,4
EI1042C1,ATLAS3_J003441.4-433044C,00:34:41.43,-43:30:44.3,8.672612,-43.512302,0.48,0.75,0.021,1.03,1.476,0.375,0.047,0.538,0.069,0.538,0.069,0.393,0.049,0.564,0.072,0.564,0.072,6.3,1.9,E,-0.881,0.101,ELAIS-S1,EI1042C1*SWIRE3_J003441.38-433041.1*m1*C0,-----------------------------------------------------,1,1,1,EI1042C1,SWIRE3_J003441.38-433041.1,239562,SWIRE3_J003441.38-433041.1,8.67243,-43.51142,0.00842,0.00745,23,233.05,2.16,335.8,2.49,0.04,CA2,2,236.05,2.43,316.48,2.97,0.28,CA2,1,232.02,6.76,247.56,8.95,0.25,CA0,0,701.14,7.31,778.43,11.07,0.56,CA0,1,3161.3,31.46,3020.53,46.42,0.51,CA2,1,21.596,0.003,20.27,0.002,19.517,0.001,20.219,18.917,18.309,0.03,0.03,0.03,-999.0,-999.0,-999.0,-999.0,-999.0,-999.0,-999.0,-999.0,SVA1_COADD-2971143624,8.672297,-43.511379,21.028055,19.882795,19.39271,19.105848,0.0029,0.0011,0.001,0.0009,2971143624,2971143624,S830.1                        ,8.672416666666667,-43.51141111111111,0.279,-9.999,-2.0,ATLAS               ,-                             ,-9,-9,2
EI1042C3,ATLAS3_J003442.8-433034C,00:34:42.89,-43:30:34.5,8.67872,-43.50959,0.16,0.25,0.021,1.03,1.476,48.729,2.48,48.729,2.48,51.665,2.544437265880218,51.052,2.612,51.052,2.612,54.128,2.67913418850195,-999.0,-999.0,P,-0.881,0.101,ELAIS-S1,EI1042C3*SWIRE3_J003442.85-433034.0*m2*C0,-----------------------------------------------------,4,2,1,EI1042C3,SWIRE3_J003442.85-433034.0,239377,SWIRE3_J003442.85-433034.0,8.67856,-43.50946,0.0104,0.0119,23,91.02,1.38,96.19,1.47,0.38,CA0,0,70.4,1.49,70.22,1.67,0.53,CA0,0,51.48,5.18,45.04,4.81,0.17,CA0,0,59.4,5.43,42.56,4.5,0.43,CA0,0,949.98,31.06,777.77,36.14,0.36,CA0,0,24.921,0.059,62.011,0.049,22.954,0.019,24.725,61.708,22.098,0.59,0.57,0.03,-999.0,-999.0,-999.0,-999.0,-999.0,-999.0,-999.0,-999.0,SVA1_COADD-2971143385,8.678549,-43.509547,24.781952,23.593334,22.317453,21.558222,0.1817,0.0344,0.0167,0.0096,2971143385,2971143385,SVA1_COADD-2971143385         ,8.67854166666667,-43.5095555555556,0.94967,-9.999,4.0,DES_AAOmega         ,                              ,6,14400,4
EI1046  ,ATLAS3_J003441.7-431815C,00:34:41.76,-43:18:15.2,8.673992,-43.304212,0.53,0.81,0.017,1.04,1.477,0.189,0.02,0.189,0.02,0.189,0.02,0.196,0.02,0.196,0.02,0.196,0.02,-999.0,-999.0,P,-0.971,1.121,ELAIS-S1,EI1046*SWIRE3_J003441.75-431814.3*m1*C0  ,-----------------------------------------------------,1,1,1,EI1046  ,SWIRE3_J003441.75-431814.3,234849,SWIRE3_J003441.75-431814.3,8.67399,-43.30399,0.0136,0.0134,23,78.96,0.9,91.01,1.06,0.03,CA3,0,68.06,1.05,66.41,1.21,0.05,CA0,0,73.17,4.0,101.95,6.44,0.0,CA2,0,58.54,3.84,35.1,3.55,0.04,CA0,0,734.39,30.81,687.59,36.6,0.48,CA2,0,-99.0,-99.0,-99.0,-99.0,23.797,0.042,-99.0,-99.0,23.396,99.99,99.99,0.03,-999.0,-999.0,-999.0,-999.0,-999.0,-999.0,-999.0,-999.0,SVA1_COADD-2971166209,8.674113,-43.303967,26.097523,24.342995,22.989124,22.419085,0.2427,0.0509,0.023,0.0188,2971166209,2971166209,SVA1_COADD-2971166209         ,8.674125,-43.3039722222222,0.79212,-9.999,3.0,DES_AAOmega         ,                              ,9,21600,2
EI1048  ,ATLAS3_J003441.9-441327C,00:34:41.94,-44:13:27.9,8.674756,-44.224426,0.18,0.28,0.019,1.04,1.472,1.255,0.067,1.711,0.088,1.711,0.088,1.279,0.069,1.745,0.091,1.745,0.091,5.8,0.8,E,-0.39,0.173,ELAIS-S1,EI1048*SWIRE3_J003442.12-441326.9*m1*C0  ,-----------------------------------------------------,1,1,1,EI1048  ,SWIRE3_J003442.12-441326.9,217004,SWIRE3_J003442.12-441326.9,8.67553,-44.22414,0.00504,0.00454,22,528.72,2.86,675.84,2.79,0.06,EK3,2,455.43,2.95,546.33,2.95,0.06,CA3,2,609.14,9.46,744.82,10.71,0.03,CA3,0,3074.8,10.07,3570.19,11.06,0.05,CA3,2,-999.0,-999.0,-999.0,-999.0,-999.0,---,-999,-999.0,-999.0,-999.0,-999.0,-999.0,-999.0,-999.0,-999.0,-999.0,-999.0,-999.0,-999.0,-999.0,-999.0,-999.0,-999.0,-999.0,-999.0,-999.0,-999.0,SVA1_COADD-2970674536,8.675533,-44.224083,20.173874,19.212816,18.622902,18.341589,0.0022,0.001,0.0008,0.0008,2970674536,2970674536,SVA1_COADD-2970674536         ,8.67554166666667,-44.2240833333333,0.12434,-9.999,4.0,DES_AAOmega         ,//                            ,3,7200,4
EI1050  ,ATLAS3_J003442.3-435522C,00:34:42.36,-43:55:22.1,8.676499,-43.922813,0.34,0.52,0.018,1.04,1.474,0.344,0.025,0.344,0.025,0.344,0.025,0.357,0.026,0.357,0.026,0.357,0.026,-999.0,-999.0,P,-0.898,0.628,ELAIS-S1,EI1050*SWIRE3_J003442.44-435522.0*m1*C0  ,-----------------------------------------------------,1,1,1,EI1050  ,SWIRE3_J003442.44-435522.0,209607,SWIRE3_J003442.44-435522.0,8.67685,-43.92278,0.00968,0.0113,22,134.08,1.52,127.68,1.43,0.97,CA2,0,100.85,1.38,98.65,1.54,0.92,CA0,0,64.09,4.95,80.03,6.57,0.05,CA0,0,64.43,4.46,54.23,5.14,0.32,CA0,0,-999.0,-999.0,-999.0,-999.0,-999.0,---,-999,18.314,0.001,17.771,0.001,17.37,0.0,18.128,17.548,17.172,0.98,0.99,0.99,-999.0,-999.0,-999.0,-999.0,-999.0,-999.0,-999.0,-999.0,SVA1_COADD-2970701004,8.676867,-43.922757,18.00445,17.588966,17.509209,17.474903,0.0005,0.0003,0.0003,0.0004,2970701004,2970701004,S481                          ,8.676874999999999,-43.92279166666666,0.0002,-9.999,-2.0,ATLAS               ,star                          ,-9,-9,2
EI1051  ,ATLAS3_J003442.6-430854C,00:34:42.68,-43:08:54.8,8.677821,-43.148554,0.78,1.2,0.018,1.04,1.479,0.133,0.02,0.133,0.02,0.133,0.02,0.138,0.02,0.138,0.02,0.138,0.02,-999.0,-999.0,P,-999.0,-999.0,ELAIS-S1,EI1051*SWIRE3_J003442.85-430853.9*m1*C0  ,-----------------------------------------------------,1,1,1,EI1051  ,SWIRE3_J003442.85-430853.9,231195,SWIRE3_J003442.85-430853.9,8.67857,-43.14831,0.0151,0.0157,23,117.26,1.3,182.43,1.68,0.05,CA3,2,78.68,1.4,134.67,2.88,0.15,CA3,1,53.02,4.42,94.15,8.92,0.04,CA0,0,46.16,4.79,28.3,3.78,0.38,CA0,0,-999.0,-999.0,-999.0,-999.0,-999.0,---,-999,-99.0,-99.0,24.148,0.063,22.651,0.015,-99.0,23.781,21.999,99.99,0.21,0.25,-999.0,-999.0,-999.0,-999.0,-999.0,-999.0,-999.0,-999.0,SVA1_COADD-2971187699,8.678518,-43.1483,25.454897,23.031818,21.727774,20.998446,0.1786,0.0192,0.0096,0.0067,2971187699,2971187699,SVA1_COADD-2971187699         ,8.6785,-43.1483055555556,0.11805,-9.999,3.0,DES_AAOmega         ,//                            ,2,4800,2
EI1054  ,ATLAS3_J003443.0-431728C,00:34:43.00,-43:17:28.1,8.679148,-43.291143,0.36,0.55,0.016,1.04,1.477,0.291,0.023,0.291,0.023,0.291,0.023,0.302,0.023,0.302,0.023,0.302,0.023,-999.0,-999.0,P,-1.06,0.716,ELAIS-S1,EI1054*SWIRE3_J003442.95-431727.6*m1*C0  ,-----------------------------------------------------,1,1,1,EI1054  ,SWIRE3_J003442.95-431727.6,234432,SWIRE3_J003442.95-431727.6,8.67896,-43.29102,0.0129,0.013,23,54.78,1.11,58.41,1.29,0.84,CA3,0,48.21,1.32,44.55,1.58,0.89,CA0,0,45.82,5.26,25.5,3.7,0.07,CA0,0,87.67,5.6,71.21,6.19,0.55,CA0,0,1456.97,31.26,1340.16,31.94,0.44,CA2,0,23.681,0.016,22.202,0.01,21.187,0.004,23.259,21.664,20.527,0.12,0.47,0.86,-999.0,-999.0,-999.0,-999.0,-999.0,-999.0,-999.0,-999.0,SVA1_COADD-2971168150,8.678908,-43.291005,22.978844,21.337006,20.88647,20.460047,0.0142,0.0034,0.0034,0.0032,2971168150,2971168150,S1011                         ,8.678958333333334,-43.29096944444444,0.4032,-9.999,-2.0,ATLAS               ,-                             ,-9,-9,2
EI1059  ,ATLAS3_J003444.0-442650C,00:34:44.09,-44:26:50.0,8.683715,-44.447221,1.05,1.62,0.022,1.05,1.469,0.123,0.024,0.123,0.024,0.123,0.024,0.127,0.025,0.127,0.025,0.127,0.025,-999.0,-999.0,P,-999.0,-999.0,ELAIS-S1,EI1059*SWIRE3_J003443.99-442648.3*m1*C0  ,-----------------------------------------------------,1,1,1,EI1059  ,SWIRE3_J003443.99-442648.3,222102,SWIRE3_J003443.99-442648.3,8.68332,-44.44675,0.0102,0.0108,22,115.47,1.26,118.39,1.22,0.23,CA0,0,88.33,1.34,87.92,1.48,0.03,CA0,0,113.57,4.75,113.25,7.04,0.0,CA0,0,91.58,4.53,99.28,7.04,0.02,CA0,0,699.14,25.63,697.86,31.9,0.54,CA0,0,-999.0,-999.0,-999.0,-999.0,-999.0,-999.0,-999.0,-999.0,-999.0,-999.0,-999.0,-999.0,-999.0,-999.0,-999.0,-999.0,-999.0,-999.0,-999.0,-999.0,SVA1_COADD-2970654916,8.683275,-44.44679,22.776268,21.608555,21.077103,20.709658,0.0164,0.0071,0.0062,0.006,2970654916,2970654916,SVA1_COADD-2970654916         ,8.68329166666667,-44.4467777777778,0.60761,-9.999,4.0,DES_AAOmega         ,CLi 8 0.60761 4 {} | JAB 8 0.6,3,7200,4
EI1060  ,ATLAS3_J003444.1-434023C,00:34:44.19,-43:40:23.7,8.684136,-43.67326,1.08,1.67,0.017,1.04,1.479,0.089,0.018,0.089,0.018,0.089,0.018,0.093,0.019,0.093,0.019,0.093,0.019,-999.0,-999.0,P,-999.0,-999.0,ELAIS-S1,EI1060*SWIRE3_J003444.26-434024.5*m1*C0  ,-----------------------------------------------------,1,1,1,EI1060  ,SWIRE3_J003444.26-434024.5,203135,SWIRE3_J003444.26-434024.5,8.68444,-43.6735,0.00832,0.00864,22,167.6,1.82,169.89,1.69,0.44,CA2,0,125.31,1.77,133.35,1.98,0.22,CA0,0,80.09,5.58,74.87,6.95,0.0,CA0,0,96.27,5.08,73.06,6.12,0.01,CA0,0,1030.84,26.06,722.11,27.62,0.7,CA0,0,-99.0,-99.0,23.867,0.044,22.766,0.017,-99.0,23.319,22.133,99.99,0.07,0.03,-999.0,-999.0,-999.0,-999.0,-999.0,-999.0,-999.0,-999.0,SVA1_COADD-2971124492,8.684362,-43.673484,24.579617,23.19958,22.048904,21.434662,0.1388,0.024,0.0133,0.0085,2971124492,2971124492,SVA1_COADD-2971124492         ,8.684375,-43.6734722222222,0.89483,-9.999,4.0,DES_AAOmega         ,                              ,17,40800,4
EI1061  ,ATLAS3_J003444.5-433749C,00:34:44.54,-43:37:49.7,8.685594,-43.630461,0.57,0.89,0.017,1.04,1.478,0.179,0.02,0.179,0.02,0.179,0.02,0.186,0.021,0.186,0.021,0.186,0.021,-999.0,-999.0,P,-999.0,-999.0,ELAIS-S1,EI1061*SWIRE3_J003444.54-433748.9*m1*C0  ,-----------------------------------------------------,1,1,1,EI1061  ,SWIRE3_J003444.54-433748.9,202069,SWIRE3_J003444.54-433748.9,8.68559,-43.63026,0.00803,0.00778,22,126.71,1.59,118.51,1.45,0.98,CA0,0,154.31,1.8,145.67,1.75,0.93,CA0,0,187.42,6.46,167.9,7.4,0.64,CA0,0,257.22,5.42,218.89,6.68,0.91,CA2,0,792.9,26.16,673.61,31.11,0.56,CA0,0,20.521,0.002,20.347,0.002,19.946,0.002,20.36,20.165,19.783,0.98,0.98,0.98,-999.0,-999.0,-999.0,-999.0,-999.0,-999.0,-999.0,-999.0,SVA1_COADD-2971128594,8.685537,-43.630294,20.256594,20.087055,20.006987,19.845734,0.0016,0.0012,0.0016,0.0018,2971128594,2971128594,S722                          ,8.685583333333334,-43.63026944444445,1.1533,-9.999,-2.0,ATLAS               ,-                             ,-9,-9,2
EI1065  ,ATLAS3_J003445.1-443014C,00:34:45.19,-44:30:14.2,8.688282,-44.503945,0.28,0.43,0.026,1.05,1.46,0.667,0.044,1.103,0.061,1.103,0.061,0.687,0.045,1.136,0.063,1.136,0.063,7.8,0.8,E,-1.717,0.406,ELAIS-S1,EI1065*SWIRE3_J003445.06-443013.4*m1*C0  ,-----------------------------------------------------,1,1,1,EI1065  ,SWIRE3_J003445.06-443013.4,223367,SWIRE3_J003445.06-443013.4,8.68777,-44.50373,0.0124,0.0126,22,59.19,1.15,58.64,1.28,0.5,CA0,0,68.76,1.14,69.83,1.38,0.67,CA0,0,59.98,5.39,61.76,6.21,0.01,CA0,0,97.82,4.45,93.82,5.76,0.6,CA0,0,-99.0,-99.0,-99.0,-99.0,-9.0,---,-99,-999.0,-999.0,-999.0,-999.0,-999.0,-999.0,-999.0,-999.0,-999.0,-999.0,-999.0,-999.0,-999.0,-999.0,-999.0,-999.0,-999.0,-999.0,-999.0,-999.0,SVA1_COADD-2970650961,8.6878,-44.503766,22.803747,22.556293,22.365078,21.700308,0.0162,0.0165,0.0193,0.0139,2970650961,2970650961,SVA1_COADD-2970650961         ,8.68779166666667,-44.5037777777778,1.33246,-9.999,3.0,DES_AAOmega         ,                              ,6,14400,2
EI1076  ,ATLAS3_J003447.4-433543C,00:34:47.45,-43:35:43.5,8.697693,-43.595422,0.57,0.88,0.018,1.04,1.478,0.191,0.021,0.191,0.021,0.191,0.021,0.199,0.022,0.199,0.022,0.199,0.022,-999.0,-999.0,P,-999.0,-999.0,ELAIS-S1,EI1076*SWIRE3_J003447.46-433543.9*m1*C0  ,-----------------------------------------------------,1,1,1,EI1076  ,SWIRE3_J003447.46-433543.9,240734,SWIRE3_J003447.46-433543.9,8.69776,-43.59555,0.00968,0.00994,23,83.1,1.31,79.63,1.24,0.94,CA3,0,81.16,1.27,75.77,1.27,0.94,CA3,0,75.99,5.47,73.52,6.49,0.56,CA0,0,353.82,5.2,366.13,7.74,0.87,CA0,0,1031.6,33.15,638.7,30.7,0.49,CA0,0,22.418,0.006,21.238,0.004,20.506,0.003,22.202,20.908,20.271,0.94,0.33,0.98,-999.0,-999.0,-999.0,-999.0,-999.0,-999.0,-999.0,-999.0,SVA1_COADD-2971132918,8.697664,-43.595557,21.774967,20.78571,20.271656,20.043392,0.0052,0.0021,0.002,0.0021,2971132918,2971132918,SVA1_COADD-2971132918         ,8.69766666666666,-43.5955555555556,0.25651,-9.999,4.0,DES_AAOmega         ,//                            ,3,7200,4
EI1084  ,ATLAS3_J003450.9-442825C,00:34:50.95,-44:28:25.9,8.712274,-44.47385,0.24,0.38,0.024,1.05,1.465,0.756,0.046,0.756,0.046,0.756,0.046,0.78,0.047,0.78,0.047,0.78,0.047,-999.0,-999.0,P,-0.725,0.459,ELAIS-S1,EI1084*SWIRE3_J003450.95-442825.2*m1*C0  ,-----------------------------------------------------,1,1,1,EI1084  ,SWIRE3_J003450.95-442825.2,221885,SWIRE3_J003450.95-442825.2,8.71231,-44.47369,0.0101,0.0111,22,278.94,1.8,412.71,2.12,0.05,EK3,2,217.31,1.69,295.63,2.11,0.13,CA0,1,118.68,4.5,131.39,5.36,0.01,CA0,0,100.14,4.01,120.86,6.1,0.6,CA0,0,-999.0,-999.0,-999.0,-999.0,-999.0,---,-999,-999.0,-999.0,-999.0,-999.0,-999.0,-999.0,-999.0,-999.0,-999.0,-999.0,-999.0,-999.0,-999.0,-999.0,-999.0,-999.0,-999.0,-999.0,-999.0,-999.0,SVA1_COADD-2970653183,8.712221,-44.473752,20.604465,19.270184,18.84161,18.507044,0.0027,0.001,0.0009,0.0009,2970653183,2970653183,S61                           ,8.712291666666667,-44.47371944444445,0.213,-9.999,-2.0,ATLAS               ,-                             ,-9,-9,2
EI1085  ,ATLAS3_J003451.1-440550C,00:34:51.19,-44:05:50.1,8.71328,-44.097243,0.75,1.15,0.018,1.04,1.471,0.136,0.019,0.136,0.019,0.136,0.019,0.141,0.02,0.141,0.02,0.141,0.02,-999.0,-999.0,P,-999.0,-999.0,ELAIS-S1,EI1085*SWIRE3_J003451.12-440550.3*m1*C0  ,-----------------------------------------------------,1,1,1,EI1085  ,SWIRE3_J003451.12-440550.3,212749,SWIRE3_J003451.12-440550.3,8.71302,-44.09732,0.00839,0.00911,22,202.36,1.99,234.3,2.01,0.04,CA0,2,147.46,2.04,175.2,2.36,0.03,CA0,2,155.16,6.52,192.79,10.78,0.0,CA0,0,178.94,5.86,189.31,8.1,0.02,CA0,0,1013.63,27.46,769.61,29.68,0.11,CA0,0,-999.0,-999.0,-999.0,-999.0,-999.0,-999.0,-999.0,-999.0,-999.0,-999.0,-999.0,-999.0,-999.0,-999.0,-999.0,-999.0,-999.0,-999.0,-999.0,-999.0,SVA1_COADD-2970684980,8.712895,-44.097285,22.184114,20.935144,20.37407,19.989542,0.0101,0.004,0.0033,0.0032,2970684980,2970684980,S354                          ,8.713041666666667,-44.09730833333334,0.5535,-9.999,-2.0,ATLAS               ,-                             ,-9,-9,2
EI1091  ,ATLAS3_J003452.6-430125C,00:34:52.64,-43:01:25.2,8.719315,-43.023673,0.56,0.86,0.025,1.05,1.47,0.271,0.03,0.271,0.03,0.271,0.03,0.28,0.031,0.28,0.031,0.28,0.031,-999.0,-999.0,P,-999.0,-999.0,ELAIS-S1,EI1091*SWIRE3_J003452.68-430124.9*m1*C0  ,-----------------------------------------------------,1,1,1,EI1091  ,SWIRE3_J003452.68-430124.9,227016,SWIRE3_J003452.68-430124.9,8.71954,-43.02361,0.00616,0.00648,23,285.41,2.4,388.08,2.51,0.03,CA0,2,240.87,2.45,322.53,2.86,0.03,CA0,2,228.3,6.9,302.26,11.32,0.01,CA0,0,1413.36,9.33,1823.1,12.46,0.03,CA0,2,3273.48,25.1,2764.15,33.75,0.96,CA0,0,20.896,0.002,19.754,0.002,19.172,0.001,19.516,18.448,17.927,0.03,0.03,0.03,-999.0,-999.0,-999.0,-999.0,-999.0,-999.0,-999.0,-999.0,SVA1_COADD-2971202213,8.719491,-43.023575,20.46812,19.56448,19.13386,18.909548,0.0024,0.0011,0.001,0.001,2971202213,2971202213,SWIRE3 J003452.68-430124.9    ,8.719499999999998,-43.02358333333333,0.18383,-9.999,-2.0,ATLAS               ,-                             ,-9,-9,2
EI1093  ,ATLAS3_J003452.7-435558C,00:34:52.76,-43:55:58.5,8.71985,-43.932904,1.01,1.56,0.018,1.04,1.475,0.103,0.019,0.103,0.019,0.103,0.019,0.107,0.02,0.107,0.02,0.107,0.02,-999.0,-999.0,P,-999.0,-999.0,ELAIS-S1,EI1093*SWIRE3_J003452.67-435558.4*m1*C0  ,-----------------------------------------------------,1,1,1,EI1093  ,SWIRE3_J003452.67-435558.4,208496,SWIRE3_J003452.67-435558.4,8.71947,-43.9329,0.0101,0.00954,22,139.29,1.18,143.02,1.13,0.72,CA0,1,122.98,1.51,123.01,1.49,0.2,CA0,0,69.75,4.11,54.57,3.26,0.07,CA0,0,81.56,4.6,85.26,6.42,0.39,CA0,0,663.48,26.09,378.91,24.11,0.03,CA0,0,23.3,0.015,22.676,0.014,21.959,0.008,22.728,22.026,21.42,0.02,0.01,0.02,-999.0,-999.0,-999.0,-999.0,-999.0,-999.0,-999.0,-999.0,SVA1_COADD-2970699650,8.719393,-43.932881,23.068565,22.341839,21.74973,21.041336,0.0205,0.0131,0.0108,0.0079,2970699650,2970699650,SVA1_COADD-2970699650         ,8.719375,-43.9328888888889,1.1417,-9.999,4.0,DES_AAOmega         ,                              ,9,21700,4
EI1098  ,ATLAS3_J003453.8-431326C,00:34:53.81,-43:13:26.6,8.724208,-43.22405,0.66,1.02,0.016,1.04,1.479,0.147,0.019,0.147,0.019,0.147,0.019,0.153,0.019,0.153,0.019,0.153,0.019,-999.0,-999.0,P,-999.0,-999.0,ELAIS-S1,EI1098*SWIRE3_J003453.74-431330.3*m1*C0  ,-----------------------------------------------------,1,1,1,EI1098  ,SWIRE3_J003453.74-431330.3,231654,SWIRE3_J003453.74-431330.3,8.72393,-43.2251,0.00997,0.00994,23,114.3,1.54,127.24,1.59,0.74,CA3,0,82.78,1.75,80.88,1.77,0.95,CA3,0,108.88,5.87,127.96,8.3,0.0,CA0,0,163.88,5.77,172.89,8.32,0.59,CA0,0,1053.62,30.69,791.28,34.39,0.5,CA0,0,23.087,0.012,22.331,0.011,21.34,0.005,22.658,21.761,20.682,0.03,0.02,0.03,-999.0,-999.0,-999.0,-999.0,-999.0,-999.0,-999.0,-999.0,SVA1_COADD-2971176326,8.72378,-43.225131,22.823523,21.633299,21.189714,20.818356,0.0167,0.0059,0.0063,0.0059,2971176326,2971176326,SVA1_COADD-2971176326         ,8.72379166666667,-43.2251388888889,0.55063,-9.999,4.0,DES_AAOmega         ,CLi 8 0.55063 4 {} | AKi 8 0.5,7,14400,4
EI1107  ,ATLAS3_J003456.4-435601C,00:34:56.41,-43:56:01.8,8.735033,-43.933834,1.01,1.56,0.018,1.04,1.475,0.102,0.019,0.246,0.022,0.246,0.022,0.105,0.02,0.255,0.022,0.255,0.022,11.5,2.0,E,-999.0,-999.0,ELAIS-S1,EI1107*SWIRE3_J003456.23-435555.8*m1*C0  ,-----------------------------------------------------,4,1,1,EI1107  ,SWIRE3_J003456.23-435555.8,208021,SWIRE3_J003456.23-435555.8,8.73431,-43.93219,0.0129,0.0118,22,123.07,1.3,167.58,1.53,0.06,CA3,2,82.53,1.29,92.14,1.61,0.31,CA2,0,62.03,4.91,70.77,6.34,0.03,CA0,0,54.04,3.95,69.0,4.9,0.36,CA0,0,-999.0,-999.0,-999.0,-999.0,-999.0,---,-999,-99.0,-99.0,24.025,0.053,22.553,0.014,-99.0,23.27,21.938,99.99,0.09,0.07,-999.0,-999.0,-999.0,-999.0,-999.0,-999.0,-999.0,-999.0,SVA1_COADD-2970699816,8.734176,-43.932045,24.907938,22.999664,21.639143,20.984379,0.1076,0.0237,0.0098,0.0074,2970699816,2970699816,SVA1_COADD-2970699816         ,8.73416666666667,-43.9320555555556,0.80808,-9.999,4.0,DES_AAOmega         ,CLi 7 0.80808 4 {} | rgs 7 0.8,8,16800,4
EI1109  ,ATLAS3_J003456.8-430122C,00:34:56.80,-43:01:22.9,8.736668,-43.023033,0.57,0.89,0.026,1.05,1.47,0.268,0.03,0.268,0.03,0.268,0.03,0.277,0.031,0.277,0.031,0.277,0.031,-999.0,-999.0,P,-0.884,1.139,ELAIS-S1,EI1109*SWIRE3_J003456.75-430122.4*m1*C0  ,-----------------------------------------------------,1,1,1,EI1109  ,SWIRE3_J003456.75-430122.4,226523,SWIRE3_J003456.75-430122.4,8.73647,-43.02291,0.00986,0.00965,23,108.37,1.5,124.19,1.6,0.08,CA0,2,101.51,1.73,110.18,2.0,0.09,CA0,0,93.87,6.01,84.14,6.58,0.6,CA0,0,220.06,5.96,222.73,8.79,0.5,CA0,0,1454.04,25.31,1037.13,28.66,0.89,CA0,0,22.044,0.005,20.961,0.004,20.101,0.002,21.523,20.359,19.439,0.03,0.03,0.03,-999.0,-999.0,-999.0,-999.0,-999.0,-999.0,-999.0,-999.0,SVA1_COADD-2971202024,8.7364,-43.022878,21.620533,20.399605,20.190624,19.814478,0.0057,0.002,0.0024,0.0023,2971202024,2971202024,SVA1_COADD-2971202024         ,8.73641666666667,-43.0228888888889,0.4073,-9.999,4.0,DES_AAOmega         ,//                            ,3,5400,4
EI1115  ,ATLAS3_J003458.6-440458C,00:34:58.60,-44:04:58.4,8.744159,-44.082894,0.16,0.25,0.017,1.04,1.472,20.27,1.034,20.27,1.034,20.27,1.034,20.615,1.056,20.615,1.056,20.615,1.056,-999.0,-999.0,P,-0.336,0.101,ELAIS-S1,EI1115*SWIRE3_J003458.58-440458.0*m1*C0  ,-----------------------------------------------------,1,1,1,EI1115  ,SWIRE3_J003458.58-440458.0,211422,SWIRE3_J003458.58-440458.0,8.74411,-44.0828,0.0125,0.0131,22,117.05,1.57,160.35,2.0,0.05,CA0,2,75.81,1.57,94.15,2.31,0.3,CA0,0,61.05,5.52,64.45,5.7,0.51,CA0,0,60.12,5.59,39.07,5.17,0.36,CA0,0,-999.0,-999.0,-999.0,-999.0,-999.0,---,-999,-999.0,-999.0,-999.0,-999.0,-999.0,-999.0,-999.0,-999.0,-999.0,-999.0,-999.0,-999.0,-999.0,-999.0,-999.0,-999.0,-999.0,-999.0,-999.0,-999.0,SVA1_COADD-2970686306,8.744035,-44.082841,23.467035,21.666773,20.774385,20.333223,0.031,0.0076,0.0047,0.0043,2970686306,2970686306,SVA1_COADD-2970686306         ,8.74404166666667,-44.0828333333333,0.62409,-9.999,4.0,DES_AAOmega         ,                              ,3,7200,4
EI1116  ,ATLAS3_J003458.7-425733C,00:34:58.70,-42:57:33.6,8.744566,-42.959324,0.2,0.31,0.032,1.05,1.458,1.597,0.088,2.102,0.11,2.102,0.11,1.643,0.091,2.163,0.113,2.163,0.113,5.4,0.9,E,-1.277,0.249,ELAIS-S1,EI1116*SWIRE3_J003458.65-425733.3*m1*C0  ,-----------------------------------------------------,1,1,1,EI1116  ,SWIRE3_J003458.65-425733.3,113687,SWIRE3_J003458.65-425733.3,8.74439,-42.95926,0.00311,0.00323,13,1736.65,5.28,3821.91,6.59,0.03,EK0,2,1280.65,4.49,2593.02,5.56,0.03,EK0,2,2358.13,15.19,4034.82,18.55,0.03,EK0,2,11760.42,18.23,19029.5,19.78,0.03,EK0,2,35486.97,31.31,32737.44,44.0,0.64,EK0,1,-999.0,-999.0,-999.0,-999.0,-999.0,-999.0,-999.0,-999.0,-999.0,-999.0,-999.0,-999.0,-999.0,-999.0,-999.0,-999.0,-999.0,-999.0,-999.0,-999.0,SVA1_COADD-2971210256,8.744292,-42.959174,18.044619,17.337128,17.040546,16.788044,0.0006,0.0003,0.0003,0.0002,2971210256,2971210256,g0034586-425733               ,8.744291666666667,-42.95919444444445,0.054222,-9.999,4.0,6dF                 ,-                             ,-9,-9,4
EI1117  ,ATLAS3_J003458.8-425639C,00:34:58.89,-42:56:39.6,8.745389,-42.944326,0.39,0.61,0.033,1.05,1.455,0.532,0.044,0.532,0.044,0.532,0.044,0.546,0.045,0.546,0.045,0.546,0.045,-999.0,-999.0,P,-2.594,1.514,ELAIS-S1,EI1117*SWIRE3_J003458.95-425637.6*m1*C0  ,-----------------------------------------------------,2,1,1,EI1117  ,SWIRE3_J003458.95-425637.6,113237,SWIRE3_J003458.95-425637.6,8.74563,-42.9438,0.00659,0.00644,13,161.13,1.91,181.02,1.87,0.04,CA3,0,247.05,2.15,247.45,2.05,0.92,CA3,0,207.75,6.57,200.04,8.02,0.1,CA0,0,1092.92,7.27,1131.92,9.35,0.88,CA3,-1,4622.09,27.35,4399.27,40.79,0.05,CA0,2,-999.0,-999.0,-999.0,-999.0,-999.0,-999.0,-999.0,-999.0,-999.0,-999.0,-999.0,-999.0,-999.0,-999.0,-999.0,-999.0,-999.0,-999.0,-999.0,-999.0,SVA1_COADD-2971209258,8.745537,-42.943727,21.784033,20.77484,20.321169,19.752892,0.0071,0.0027,0.0027,0.0022,2971209258,2971209258,SWIRE3 J003458.95-425637.6    ,8.745624999999999,-42.943777777777775,0.32933,-9.999,-2.0,ATLAS               ,-                             ,-9,-9,2
EI1122  ,ATLAS3_J003500.7-430052C,00:35:00.79,-43:00:52.2,8.753272,-43.014511,0.21,0.33,0.026,1.05,1.469,1.104,0.063,1.104,0.063,1.104,0.063,1.142,0.065,1.142,0.065,1.142,0.065,-999.0,-999.0,P,-0.945,0.325,ELAIS-S1,EI1122*SWIRE3_J003500.77-430052.3*m1*C0  ,-----------------------------------------------------,1,1,1,EI1122  ,SWIRE3_J003500.77-430052.3,114754,SWIRE3_J003500.77-430052.3,8.75322,-43.01453,0.0111,0.0103,13,107.87,1.22,125.18,1.29,0.62,CA3,1,93.98,1.37,100.21,1.68,0.46,CA2,0,79.88,4.48,76.56,5.32,0.58,CA0,0,205.65,5.3,276.55,9.54,0.36,CA0,0,1354.35,30.6,1127.22,36.84,0.86,CA0,0,25.197,0.071,23.976,0.052,23.138,0.024,24.965,23.77,22.778,0.48,0.66,0.88,-999.0,-999.0,-999.0,-999.0,-999.0,-999.0,-999.0,-999.0,SVA1_COADD-2971202636,8.753157,-43.01439,24.454393,23.423182,22.258816,21.581102,0.1678,0.0387,0.0236,0.0174,2971202636,2971202636,SVA1_COADD-2971202636         ,8.75316666666667,-43.0143888888889,1.01357,-9.999,3.0,DES_AAOmega         ,                              ,3,7200,2
EI1130  ,ATLAS3_J003502.1-434624C,00:35:02.11,-43:46:24.2,8.758779,-43.773379,0.19,0.29,0.016,1.04,1.482,0.999,0.054,1.356,0.07,1.356,0.07,1.039,0.056,1.411,0.073,1.411,0.073,5.8,0.8,E,0.02,0.382,ELAIS-S1,EI1130*SWIRE3_J003502.05-434625.1*m1*C0  ,-----------------------------------------------------,1,1,1,EI1130  ,SWIRE3_J003502.05-434625.1,203321,SWIRE3_J003502.05-434625.1,8.75856,-43.77366,0.00986,0.01,22,273.98,2.06,471.02,2.69,0.03,EK2,2,202.55,2.31,324.27,3.25,0.04,CA2,2,160.73,5.64,203.92,8.66,0.22,CA0,0,99.22,5.72,106.29,7.7,0.54,CA0,0,-999.0,-999.0,-999.0,-999.0,-999.0,---,-999,22.841,0.009,21.336,0.006,19.882,0.002,21.864,20.247,18.93,0.03,0.03,0.03,-999.0,-999.0,-999.0,-999.0,-999.0,-999.0,-999.0,-999.0,SVA1_COADD-2971113486,8.75837,-43.773657,22.11019,20.216722,19.53817,19.140701,0.009,0.0023,0.0016,0.0015,2971113486,2971113486,S594                          ,8.758583333333334,-43.77365,0.4795,-9.999,-2.0,ATLAS               ,-                             ,-9,-9,2
EI1135  ,ATLAS3_J003502.5-432411C,00:35:02.50,-43:24:11.4,8.760409,-43.40317,0.72,1.12,0.016,1.04,1.476,0.13,0.018,0.13,0.018,0.13,0.018,0.135,0.019,0.135,0.019,0.135,0.019,-999.0,-999.0,P,-999.0,-999.0,ELAIS-S1,EI1135*SWIRE3_J003502.51-432410.9*m1*C0  ,-----------------------------------------------------,1,1,1,EI1135  ,SWIRE3_J003502.51-432410.9,234638,SWIRE3_J003502.51-432410.9,8.76049,-43.40303,0.0086,0.00878,23,189.81,1.4,271.47,1.58,0.03,CA0,2,175.85,1.46,243.14,1.73,0.03,CA0,2,138.16,4.31,184.95,7.13,0.0,CA0,0,712.75,5.14,1067.51,8.72,0.02,CA0,2,1559.56,31.27,1426.91,42.29,0.35,CA0,0,20.877,0.002,19.807,0.002,19.316,0.001,19.438,18.453,18.02,0.03,0.03,0.03,-999.0,-999.0,-999.0,-999.0,-999.0,-999.0,-999.0,-999.0,SVA1_COADD-2971155823,8.760416,-43.403096,20.48391,19.689732,19.343452,19.149916,0.0019,0.001,0.0009,0.001,2971155823,2971155823,SWIRE4 J003502.52-432410.9    ,8.760499999999999,-43.40302777777777,0.2265,-9.999,-2.0,ATLAS               ,5                             ,-9,-9,2
EI1136  ,ATLAS3_J003502.9-425805C,00:35:02.99,-42:58:05.5,8.762458,-42.968197,1.03,1.6,0.03,1.05,1.461,0.172,0.033,0.351,0.035,0.351,0.035,0.178,0.034,0.362,0.036,0.362,0.036,9.8,2.1,E,-999.0,-999.0,ELAIS-S1,EI1136*SWIRE3_J003502.69-425807.9*m1*C0  ,-----------------------------------------------------,1,1,1,EI1136  ,SWIRE3_J003502.69-425807.9,113385,SWIRE3_J003502.69-425807.9,8.76123,-42.96887,0.00893,0.009,13,116.68,1.52,123.45,1.57,0.85,CA0,0,124.47,1.9,125.72,1.97,0.21,CA0,0,71.66,5.73,62.12,6.05,0.36,CA0,0,401.21,6.45,401.25,9.0,0.86,CA0,0,1291.69,24.7,1262.59,34.16,0.78,CA2,0,-999.0,-999.0,-999.0,-999.0,-999.0,-999.0,-999.0,-999.0,-999.0,-999.0,-999.0,-999.0,-999.0,-999.0,-999.0,-999.0,-999.0,-999.0,-999.0,-999.0,SVA1_COADD-2971206641,8.761138,-42.968866,21.481136,20.49183,20.121141,19.747927,0.0054,0.0021,0.0023,0.0022,2971206641,2971206641,SVA1_COADD-2971206641         ,8.761125,-42.9688611111111,0.35588,-9.999,4.0,DES_AAOmega         ,CLi 8 0.35588 4 {} | AKi 8 0.3,4,7200,4
EI1139  ,ATLAS3_J003503.4-435204C,00:35:03.48,-43:52:04.0,8.76452,-43.867767,1.06,1.64,0.017,1.04,1.479,0.094,0.019,0.18,0.02,0.18,0.02,0.098,0.019,0.187,0.02,0.187,0.02,9.2,2.2,E,-999.0,-999.0,ELAIS-S1,EI1139*SWIRE3_J003503.31-435204.7*m1*C0  ,-----------------------------------------------------,1,1,1,EI1139  ,SWIRE3_J003503.31-435204.7,205395,SWIRE3_J003503.31-435204.7,8.76381,-43.86798,0.0184,0.018,22,40.32,0.73,86.08,1.38,0.06,CA3,2,45.32,1.12,56.68,1.6,0.65,CA2,0,39.21,3.26,46.53,3.99,0.44,CA0,0,87.42,4.6,107.81,7.13,0.47,CA2,0,698.48,26.4,658.89,32.5,0.52,CA1,0,23.302,0.015,22.507,0.013,21.579,0.006,22.955,21.977,21.186,0.11,0.09,0.08,-999.0,-999.0,-999.0,-999.0,-999.0,-999.0,-999.0,-999.0,SVA1_COADD-2971116136,8.763819,-43.868014,22.930746,21.859018,21.494638,21.135101,0.0184,0.0088,0.0087,0.0086,2971116136,2971116136,SVA1_COADD-2971116136         ,8.76383333333333,-43.8680277777778,0.49733,-9.999,4.0,DES_AAOmega         ,AMo 8 0.49733 4 {} | CLi 8 0.4,3,7200,4
EI1140  ,ATLAS3_J003503.4-431137C,00:35:03.49,-43:11:37.9,8.764553,-43.193849,0.54,0.83,0.017,1.04,1.48,0.192,0.02,0.192,0.02,0.192,0.02,0.2,0.021,0.2,0.021,0.2,0.021,-999.0,-999.0,P,-1.288,1.055,ELAIS-S1,EI1140*SWIRE3_J003503.54-431138.0*m1*C0  ,-----------------------------------------------------,1,1,1,EI1140  ,SWIRE3_J003503.54-431138.0,229724,SWIRE3_J003503.54-431138.0,8.76479,-43.19389,0.00562,0.00662,23,358.8,2.66,458.18,2.69,0.03,CA2,2,295.82,2.44,362.79,2.56,0.03,CA2,2,242.24,7.0,303.98,11.33,0.01,CA0,0,1458.47,8.36,1721.03,10.93,0.04,CA0,2,2259.26,33.13,1889.18,40.94,0.76,CA0,0,20.911,0.002,19.755,0.002,19.158,0.001,19.841,18.649,18.066,0.03,0.03,0.03,-999.0,-999.0,-999.0,-999.0,-999.0,-999.0,-999.0,-999.0,SVA1_COADD-2971180489,8.764666,-43.19394,20.441465,19.485502,19.038387,18.75601,0.002,0.0009,0.0008,0.0008,2971180489,2971180489,S1104                         ,8.764791666666667,-43.1939,0.1763,-9.999,-2.0,ATLAS               ,-                             ,-9,-9,2
EI1149  ,ATLAS3_J003504.3-442326C,00:35:04.32,-44:23:26.9,8.768011,-44.390805,1.15,1.78,0.021,1.04,1.474,0.104,0.022,0.317,0.026,0.317,0.026,0.108,0.023,0.329,0.027,0.329,0.027,13.8,2.3,E,-999.0,-999.0,ELAIS-S1,EI1149*SWIRE3_J003504.81-442325.1*m1*C0  ,-----------------------------------------------------,4,1,1,EI1149  ,SWIRE3_J003504.81-442325.1,218135,SWIRE3_J003504.81-442325.1,8.77007,-44.39033,0.00965,0.0108,22,197.92,2.02,281.52,2.35,0.05,CA0,2,131.33,1.71,169.4,2.15,0.21,CA2,0,123.01,5.59,168.25,8.66,0.17,CA0,0,68.77,4.89,64.94,5.65,0.39,CA0,0,-999.0,-999.0,-999.0,-999.0,-999.0,---,-999,-999.0,-999.0,-999.0,-999.0,-999.0,-999.0,-999.0,-999.0,-999.0,-999.0,-999.0,-999.0,-999.0,-999.0,-999.0,-999.0,-999.0,-999.0,-999.0,-999.0,SVA1_COADD-2970660197,8.769983,-44.390316,23.658918,21.691586,20.655407,20.10519,0.0364,0.0076,0.0042,0.0036,2970660197,2970660197,SVA1_COADD-2970660197         ,8.77,-44.3903055555556,0.58937,-9.999,4.0,DES_AAOmega         ,"//HK,G,                       ",3,7200,4
EI1150  ,ATLAS3_J003504.6-434627C,00:35:04.67,-43:46:27.7,8.769442,-43.774364,0.35,0.55,0.017,1.04,1.482,0.302,0.023,0.302,0.023,0.302,0.023,0.314,0.024,0.314,0.024,0.314,0.024,-999.0,-999.0,P,-0.995,0.66,ELAIS-S1,EI1150*SWIRE3_J003504.53-434626.0*m1*C0  ,-----------------------------------------------------,1,1,1,EI1150  ,SWIRE3_J003504.53-434626.0,203029,SWIRE3_J003504.53-434626.0,8.76891,-43.77389,0.0131,0.0131,22,61.01,0.98,60.15,1.0,0.14,CA3,0,54.36,1.37,53.28,1.39,0.44,CA2,0,64.04,4.58,47.44,4.35,0.05,CA0,0,78.12,5.45,58.81,6.2,0.01,CA0,0,-99.0,-99.0,-99.0,-99.0,-9.0,---,-99,23.719,0.024,23.207,0.024,22.569,0.016,22.927,22.57,21.962,0.0,0.0,0.01,-999.0,-999.0,-999.0,-999.0,-999.0,-999.0,-999.0,-999.0,SVA1_COADD-2971112753,8.768875,-43.773852,23.545181,22.9622,22.336685,21.723764,0.0316,0.024,0.0185,0.0148,2971112753,2971112753,SVA1_COADD-2971112753         ,8.768875,-43.7738611111111,1.19184,-9.999,4.0,DES_AAOmega         ,//                            ,15,36000,4
EI1155  ,ATLAS3_J003505.2-432329C,00:35:05.28,-43:23:29.0,8.772011,-43.391396,0.81,1.25,0.016,1.04,1.476,0.116,0.018,0.116,0.018,0.116,0.018,0.12,0.018,0.12,0.018,0.12,0.018,-999.0,-999.0,P,-999.0,-999.0,ELAIS-S1,EI1155*SWIRE3_J003505.25-432329.6*m1*C0  ,-----------------------------------------------------,1,1,1,EI1155  ,SWIRE3_J003505.25-432329.6,234088,SWIRE3_J003505.25-432329.6,8.77191,-43.39157,0.0102,0.0101,23,111.67,1.24,113.46,1.22,0.41,CA0,0,84.0,1.6,79.52,1.58,0.46,CA0,0,91.42,4.66,109.31,7.09,0.01,CA0,0,122.61,5.63,119.79,7.52,0.64,CA0,0,671.25,27.04,702.04,36.56,0.0,CA0,0,23.282,0.014,22.264,0.011,21.28,0.005,22.564,21.63,20.665,0.01,0.02,0.05,-999.0,-999.0,-999.0,-999.0,-999.0,-999.0,-999.0,-999.0,SVA1_COADD-2971156281,8.771786,-43.391621,22.785551,21.579473,20.745056,20.433952,0.0123,0.0045,0.003,0.003,2971156281,2971156281,0098-00465                    ,8.77191,-43.39157,0.6625856,-9.999,4.0,PRIMUS              ,-                             ,-9,-9,4
EI1159  ,ATLAS3_J003506.1-440500C,00:35:06.13,-44:05:00.6,8.775528,-44.083494,0.66,1.02,0.018,1.04,1.472,0.156,0.02,0.156,0.02,0.156,0.02,0.162,0.021,0.162,0.021,0.162,0.021,-999.0,-999.0,P,-999.0,-999.0,ELAIS-S1,EI1159*SWIRE3_J003506.04-440500.4*m1*C0  ,-----------------------------------------------------,1,1,1,EI1159  ,SWIRE3_J003506.04-440500.4,210505,SWIRE3_J003506.04-440500.4,8.77517,-44.08345,0.00925,0.0104,22,109.67,1.53,125.52,1.57,0.04,CA0,2,128.79,1.71,138.7,1.86,0.04,CA0,0,147.04,5.57,157.28,7.86,0.0,CA0,0,214.17,5.31,225.68,8.33,0.05,CA0,0,-99.0,-99.0,-99.0,-99.0,-9.0,---,-99,-999.0,-999.0,-999.0,-999.0,-999.0,-999.0,-999.0,-999.0,-999.0,-999.0,-999.0,-999.0,-999.0,-999.0,-999.0,-999.0,-999.0,-999.0,-999.0,-999.0,SVA1_COADD-2970686276,8.775217,-44.083576,23.583666,22.468273,21.948864,21.457,0.0344,0.0155,0.0134,0.0119,2970686276,2970686276,SVA1_COADD-2970686276         ,8.77520833333333,-44.0835833333333,0.50882,-9.999,4.0,DES_AAOmega         ,                              ,12,28800,4
EI1160  ,ATLAS3_J003506.5-431554C,00:35:06.52,-43:15:54.4,8.777187,-43.265097,0.93,1.43,0.016,1.04,1.478,0.099,0.017,0.099,0.017,0.099,0.017,0.103,0.018,0.103,0.018,0.103,0.018,-999.0,-999.0,P,-999.0,-999.0,ELAIS-S1,EI1160*SWIRE3_J003506.50-431552.3*m1*C0  ,-----------------------------------------------------,1,1,1,EI1160  ,SWIRE3_J003506.50-431552.3,231027,SWIRE3_J003506.50-431552.3,8.77712,-43.26454,0.011,0.011,23,139.92,1.23,170.62,1.32,0.03,CA0,2,102.81,1.4,119.97,1.69,0.03,CA0,0,72.85,4.75,117.79,7.73,0.01,CA0,0,70.59,4.45,76.53,6.12,0.07,CA0,0,-99.0,-99.0,-99.0,-99.0,-9.0,---,-99,23.67,0.021,22.574,0.016,21.38,0.005,22.444,21.842,20.595,0.01,0.01,0.03,-999.0,-999.0,-999.0,-999.0,-999.0,-999.0,-999.0,-999.0,SVA1_COADD-2971171150,8.777164,-43.264566,23.208647,21.72875,20.952116,20.5113,0.0179,0.005,0.0036,0.0034,2971171150,2971171150,SVA1_COADD-2971171150         ,8.77716666666667,-43.2645555555556,0.59342,-9.999,3.0,DES_AAOmega         ,//                            ,4,9600,2
EI1161  ,ATLAS3_J003506.8-440612C,00:35:06.88,-44:06:12.6,8.778675,-44.103494,0.91,1.41,0.018,1.04,1.472,0.112,0.019,0.112,0.019,0.112,0.019,0.116,0.02,0.116,0.02,0.116,0.02,-999.0,-999.0,P,-999.0,-999.0,ELAIS-S1,EI1161*SWIRE3_J003506.89-440611.7*m1*C0  ,-----------------------------------------------------,1,1,1,EI1161  ,SWIRE3_J003506.89-440611.7,210889,SWIRE3_J003506.89-440611.7,8.77871,-44.10326,0.00976,0.0109,22,141.53,1.72,162.57,1.79,0.1,CA0,2,97.07,1.7,110.39,2.11,0.04,CA0,0,115.72,5.95,123.31,7.75,0.0,CA0,0,80.8,5.54,60.3,5.32,0.48,CA0,0,524.01,24.96,291.68,19.4,0.43,CA0,0,-999.0,-999.0,-999.0,-999.0,-999.0,-999.0,-999.0,-999.0,-999.0,-999.0,-999.0,-999.0,-999.0,-999.0,-999.0,-999.0,-999.0,-999.0,-999.0,-999.0,SVA1_COADD-2970684388,8.778678,-44.103312,22.663546,21.306993,20.690542,20.313805,0.0152,0.0055,0.0043,0.0043,2970684388,2970684388,S351                          ,8.77875,-44.10327777777778,0.5947,-9.999,-2.0,ATLAS               ,-                             ,-9,-9,2
EI1164  ,ATLAS3_J003507.4-435245C,00:35:07.40,-43:52:45.7,8.78083,-43.87937,0.73,1.12,0.017,1.04,1.479,0.139,0.019,0.139,0.019,0.139,0.019,0.144,0.02,0.144,0.02,0.144,0.02,-999.0,-999.0,P,-999.0,-999.0,ELAIS-S1,EI1164*SWIRE3_J003507.39-435244.8*m1*C0  ,-----------------------------------------------------,1,1,1,EI1164  ,SWIRE3_J003507.39-435244.8,205141,SWIRE3_J003507.39-435244.8,8.7808,-43.87912,0.00821,0.0081,22,153.14,1.57,169.98,1.58,0.28,CA0,1,137.65,1.92,149.65,2.17,0.12,CA0,0,108.24,5.17,126.67,7.47,0.03,CA0,0,701.03,7.3,671.2,9.18,0.84,CA0,-1,1426.43,26.98,1443.78,38.18,0.76,CA0,0,22.307,0.006,21.006,0.004,20.236,0.002,21.349,19.998,19.347,0.02,0.03,0.03,-999.0,-999.0,-999.0,-999.0,-999.0,-999.0,-999.0,-999.0,SVA1_COADD-2971102104,8.780714,-43.879137,21.709255,20.595533,20.07724,19.745018,0.0065,0.0031,0.0025,0.0025,2971102104,2971102104,SVA1_COADD-2971102104         ,8.78070833333333,-43.8791388888889,0.20725,-9.999,4.0,DES_AAOmega         ,//                            ,3,7200,4
EI1167  ,ATLAS3_J003508.3-431203C,00:35:08.32,-43:12:03.4,8.784671,-43.200933,0.18,0.28,0.017,1.04,1.48,1.229,0.065,1.229,0.065,1.229,0.065,1.283,0.069,1.283,0.069,1.283,0.069,-999.0,-999.0,P,-0.778,0.195,ELAIS-S1,EI1167*SWIRE3_J003508.34-431202.9*m1*C0  ,-----------------------------------------------------,1,1,1,EI1167  ,SWIRE3_J003508.34-431202.9,229313,SWIRE3_J003508.34-431202.9,8.78475,-43.20083,0.0111,0.012,23,107.31,1.24,119.9,1.33,0.24,CA0,1,82.15,1.44,90.38,1.8,0.24,CA0,0,71.15,4.7,71.78,5.53,0.48,CA0,0,64.17,5.32,43.0,4.91,0.46,CA0,0,-99.0,-99.0,-99.0,-99.0,-9.0,---,-99,21.288,0.003,20.224,0.002,19.628,0.001,20.74,19.59,19.008,0.04,0.04,0.07,-999.0,-999.0,-999.0,-999.0,-999.0,-999.0,-999.0,-999.0,SVA1_COADD-2971180123,8.784626,-43.200864,20.854095,19.870756,19.411734,19.283653,0.0025,0.0011,0.001,0.0011,2971180123,2971180123,S1098                         ,8.78475,-43.200808333333335,0.1758,-9.999,-2.0,ATLAS               ,-                             ,-9,-9,2
EI1172  ,ATLAS3_J003509.7-440059C,00:35:09.75,-44:00:59.1,8.790632,-44.016415,0.53,0.82,0.017,1.04,1.474,0.189,0.02,0.189,0.02,0.189,0.02,0.196,0.021,0.196,0.021,0.196,0.021,-999.0,-999.0,P,-0.759,1.075,ELAIS-S1,EI1172*SWIRE3_J003509.71-440058.7*m1*C0  ,-----------------------------------------------------,1,1,1,EI1172  ,SWIRE3_J003509.71-440058.7,208369,SWIRE3_J003509.71-440058.7,8.7905,-44.01632,0.00821,0.0077,22,190.25,1.58,214.49,1.61,0.11,CA0,1,199.53,1.84,219.02,1.96,0.04,CA0,2,156.75,5.12,176.58,7.46,0.0,CA0,0,736.73,6.11,804.33,8.19,0.04,CA0,2,1894.22,32.52,1717.87,43.87,0.81,CA0,0,-999.0,-999.0,-999.0,-999.0,-999.0,-999.0,-999.0,-999.0,-999.0,-999.0,-999.0,-999.0,-999.0,-999.0,-999.0,-999.0,-999.0,-999.0,-999.0,-999.0,SVA1_COADD-2970692421,8.790412,-44.016293,20.746136,19.864372,19.434721,19.197403,0.0031,0.0016,0.0015,0.0016,2970692421,2970692421,SVA1_COADD-2970692421         ,8.79041666666667,-44.0163055555556,0.27194,-9.999,4.0,DES_AAOmega         ,//                            ,2,4800,4
EI1174  ,ATLAS3_J003510.2-435351C,00:35:10.20,-43:53:51.5,8.792511,-43.89763,0.56,0.87,0.018,1.04,1.478,0.185,0.021,0.185,0.021,0.185,0.021,0.192,0.021,0.192,0.021,0.192,0.021,-999.0,-999.0,P,-0.069,1.104,ELAIS-S1,EI1174*SWIRE3_J003510.21-435349.8*m1*C0  ,-----------------------------------------------------,2,1,1,EI1174  ,SWIRE3_J003510.21-435349.8,205225,SWIRE3_J003510.21-435349.8,8.79257,-43.89718,0.00918,0.0106,22,196.97,1.41,289.85,1.64,0.04,CA2,2,160.0,2.07,224.63,2.51,0.09,CA0,2,159.14,4.5,174.44,6.71,0.08,CA0,0,237.07,6.03,287.41,9.75,0.44,CA2,0,1231.34,25.69,1205.61,37.22,0.5,CA0,0,23.008,0.01,21.834,0.007,20.649,0.003,21.562,20.47,19.48,0.0,0.01,0.03,-999.0,-999.0,-999.0,-999.0,-999.0,-999.0,-999.0,-999.0,SVA1_COADD-2970703891,8.792312,-43.897118,22.584913,21.059498,20.447466,19.988829,0.0134,0.0042,0.0034,0.003,2970703891,2970703891,0097-00598                    ,8.79248,-43.89716,0.46095824,-9.999,4.0,PRIMUS              ,-                             ,-9,-9,4
EI1182  ,ATLAS3_J003511.3-435908C,00:35:11.31,-43:59:08.0,8.79712,-43.985543,0.24,0.37,0.017,1.04,1.475,0.579,0.035,0.933,0.05,0.933,0.05,0.6,0.036,0.967,0.052,0.967,0.052,7.5,0.8,E,-0.0,0.619,ELAIS-S1,EI1182*SWIRE3_J003511.24-435906.2*m1*C0  ,-----------------------------------------------------,1,1,1,EI1182  ,SWIRE3_J003511.24-435906.2,207391,SWIRE3_J003511.24-435906.2,8.79686,-43.98507,0.0036,0.00763,22,2343.05,5.66,14400.36,11.55,0.03,EK3,2,1622.03,5.08,8414.92,10.55,0.03,EK2,2,1987.14,11.08,8108.61,26.55,0.03,EK2,2,4522.03,12.18,9664.45,19.66,0.03,EK3,2,7579.44,33.55,10311.12,63.83,0.04,EK2,2,-999.0,-999.0,-999.0,-999.0,-999.0,-999.0,-999.0,-999.0,-999.0,-999.0,-999.0,-999.0,-999.0,-999.0,-999.0,-999.0,-999.0,-999.0,-999.0,-999.0,SVA1_COADD-2970699835,8.796771,-43.985032,19.247814,18.453796,18.07763,17.849209,0.0012,0.0006,0.0006,0.0006,2970699835,2970699835,g0035112-435906               ,8.796708333333333,-43.985,0.025327,-9.999,4.0,6dF                 ,-                             ,-9,-9,4
EI1183  ,ATLAS3_J003511.3-432128C,00:35:11.32,-43:21:28.3,8.797186,-43.357862,0.79,1.22,0.015,1.04,1.476,0.114,0.017,0.114,0.017,0.114,0.017,0.119,0.018,0.119,0.018,0.119,0.018,-999.0,-999.0,P,-999.0,-999.0,ELAIS-S1,EI1183*SWIRE3_J003511.28-432130.1*m1*C0  ,-----------------------------------------------------,1,1,1,EI1183  ,SWIRE3_J003511.28-432130.1,232649,SWIRE3_J003511.28-432130.1,8.79704,-43.35838,0.00839,0.00788,23,229.13,1.94,281.47,2.03,0.04,CA0,2,198.38,2.27,234.78,2.51,0.04,CA0,2,131.18,6.44,146.17,6.72,0.02,CA0,0,567.91,7.55,762.99,12.3,0.02,CA0,2,1080.11,29.78,1212.03,44.99,0.15,CA0,0,20.986,0.002,19.749,0.002,19.139,0.001,19.897,18.798,18.246,0.03,0.03,0.03,-999.0,-999.0,-999.0,-999.0,-999.0,-999.0,-999.0,-999.0,SVA1_COADD-2971161069,8.796934,-43.358433,20.460943,19.453178,19.041002,18.796091,0.0019,0.0009,0.0007,0.0007,2971161069,2971161069,SVA1_COADD-2971161069         ,8.79691666666667,-43.3584444444444,0.21614,-9.999,4.0,DES_AAOmega         ,//                            ,4,9600,4
EI1185C1,ATLAS3_J003511.9-425434C,00:35:11.91,-42:54:34.3,8.799631,-42.909538,0.17,0.27,0.038,1.06,1.447,5.175,0.265,8.231,0.423,14.601,0.5408308423157836,5.256,0.271,8.36,0.432,14.829999999999998,0.5522318353735141,7.4,0.7,E,-0.47,0.159,ELAIS-S1,EI1185C1*SWIRE3_J003512.31-425437.6*m2*C0,-----------------------------------------------------,1,2,1,EI1185C1,SWIRE3_J003512.31-425437.6,110375,SWIRE3_J003512.31-425437.6,8.80132,-42.91045,0.00983,0.00875,13,328.21,2.29,548.26,2.79,0.03,EK2,2,251.62,2.5,417.19,3.56,0.03,CA2,2,165.18,5.7,204.5,8.53,0.0,CA0,0,83.92,5.44,70.51,5.67,0.51,CA0,0,-999.0,-999.0,-999.0,-999.0,-999.0,---,-999,-999.0,-999.0,-999.0,-999.0,-999.0,-999.0,-999.0,-999.0,-999.0,-999.0,-999.0,-999.0,-999.0,-999.0,-999.0,-999.0,-999.0,-999.0,-999.0,-999.0,SVA1_COADD-2971214262,8.801174,-42.910408,20.490173,19.145685,18.698727,18.405617,0.0025,0.0008,0.0007,0.0007,2971214262,2971214262,SWIRE4 J003512.31-425437.5    ,8.801291666666666,-42.91041666666666,0.2181,-9.999,-2.0,ATLAS               ,5                             ,-9,-9,2
EI1186  ,ATLAS3_J003512.3-431538C,00:35:12.36,-43:15:38.1,8.801503,-43.260583,0.22,0.34,0.016,1.04,1.478,0.605,0.035,0.605,0.035,0.605,0.035,0.629,0.036,0.629,0.036,0.629,0.036,-999.0,-999.0,P,-0.935,0.331,ELAIS-S1,EI1186*SWIRE3_J003512.34-431537.2*m1*C0  ,-----------------------------------------------------,1,1,1,EI1186  ,SWIRE3_J003512.34-431537.2,230227,SWIRE3_J003512.34-431537.2,8.80145,-43.26036,0.00565,0.00673,23,269.05,2.27,287.86,2.15,0.78,CA3,1,267.33,2.54,283.2,2.58,0.12,CA2,1,180.52,6.44,240.75,10.43,0.11,CA0,0,792.83,7.63,803.39,9.95,0.6,CA0,1,1688.31,32.61,1497.27,41.79,0.69,CA0,0,22.934,0.008,21.301,0.005,20.458,0.002,21.864,20.269,19.499,0.01,0.02,0.03,-999.0,-999.0,-999.0,-999.0,-999.0,-999.0,-999.0,-999.0,SVA1_COADD-2971171926,8.801337,-43.260394,22.186224,20.804352,20.133646,19.71123,0.0073,0.0023,0.0018,0.0016,2971171926,2971171926,S1048*                        ,8.801416666666668,-43.26038055555556,0.2738,-9.999,-2.0,ATLAS               ,-                             ,-9,-9,2
EI1189  ,ATLAS3_J003513.7-433132C,00:35:13.73,-43:31:32.8,8.807196,-43.525767,0.41,0.64,0.017,1.04,1.478,0.255,0.022,0.255,0.022,0.255,0.022,0.265,0.023,0.265,0.023,0.265,0.023,-999.0,-999.0,P,-0.178,0.799,ELAIS-S1,EI1189*SWIRE3_J003513.76-433133.2*m1*C0  ,-----------------------------------------------------,1,1,1,EI1189  ,SWIRE3_J003513.76-433133.2,236037,SWIRE3_J003513.76-433133.2,8.80736,-43.52591,0.0108,0.0118,23,152.85,1.46,203.02,1.67,0.07,CA3,2,120.94,1.58,156.33,2.1,0.27,CA3,0,83.64,4.73,91.99,6.35,0.63,CA0,0,49.44,4.4,58.9,4.89,0.35,CA0,0,-999.0,-999.0,-999.0,-999.0,-999.0,---,-999,22.974,0.009,21.458,0.005,20.133,0.002,22.229,20.657,19.415,0.13,0.03,0.08,-999.0,-999.0,-999.0,-999.0,-999.0,-999.0,-999.0,-999.0,SVA1_COADD-2971141798,8.807203,-43.525919,22.272585,20.45467,19.869925,19.536268,0.0079,0.0016,0.0014,0.0013,2971141798,2971141798,S818                          ,8.807333333333332,-43.52590277777778,0.4147,-9.999,-2.0,ATLAS               ,-                             ,-9,-9,2
EI1192  ,ATLAS3_J003513.9-434714C,00:35:13.93,-43:47:14.5,8.808055,-43.787362,0.68,1.06,0.017,1.04,1.483,0.144,0.019,0.144,0.019,0.144,0.019,0.15,0.02,0.15,0.02,0.15,0.02,-999.0,-999.0,P,-999.0,-999.0,ELAIS-S1,EI1192*SWIRE3_J003513.91-434714.2*m1*C0  ,-----------------------------------------------------,1,1,1,EI1192  ,SWIRE3_J003513.91-434714.2,202189,SWIRE3_J003513.91-434714.2,8.808,-43.78729,0.00961,0.00781,22,221.89,2.21,316.78,2.48,0.03,CA3,2,210.61,2.35,291.23,2.88,0.03,CA2,2,142.91,6.39,219.47,10.87,0.05,CA0,0,379.84,6.51,430.86,9.04,0.01,CA0,0,855.34,33.18,659.26,33.36,0.54,CA0,0,23.052,0.01,21.545,0.006,20.511,0.003,21.773,20.073,19.233,0.0,0.02,0.03,-999.0,-999.0,-999.0,-999.0,-999.0,-999.0,-999.0,-999.0,SVA1_COADD-2971111975,8.807839,-43.7873,22.433828,20.88196,20.311848,19.88328,0.0119,0.0039,0.0031,0.0028,2971111975,2971111975,SVA1_COADD-2971111975         ,8.80783333333333,-43.7873055555556,0.36811,-9.999,4.0,DES_AAOmega         ,//                            ,12,28800,4
EI1197  ,ATLAS3_J003515.3-440737C,00:35:15.36,-44:07:37.6,8.814007,-44.127115,0.69,1.06,0.018,1.04,1.473,0.152,0.02,0.152,0.02,0.152,0.02,0.157,0.021,0.157,0.021,0.157,0.021,-999.0,-999.0,P,-999.0,-999.0,ELAIS-S1,EI1197*SWIRE3_J003515.31-440734.7*m1*C0  ,-----------------------------------------------------,1,1,1,EI1197  ,SWIRE3_J003515.31-440734.7,210394,SWIRE3_J003515.31-440734.7,8.81381,-44.12631,0.00576,0.00709,22,378.37,2.09,568.06,2.27,0.03,EK0,2,279.95,1.98,403.92,2.28,0.03,CA0,2,289.2,5.96,374.77,8.54,0.01,CA0,0,1606.29,6.92,2403.26,10.01,0.03,EK0,2,2029.95,31.21,1590.26,37.59,0.43,CA0,0,-999.0,-999.0,-999.0,-999.0,-999.0,-999.0,-999.0,-999.0,-999.0,-999.0,-999.0,-999.0,-999.0,-999.0,-999.0,-999.0,-999.0,-999.0,-999.0,-999.0,SVA1_COADD-2970682173,8.813747,-44.126332,20.826273,19.861673,19.356464,18.992283,0.0033,0.0016,0.0014,0.0013,2970682173,2970682173,S328                          ,8.813833333333335,-44.12633888888889,0.1066,-9.999,-2.0,ATLAS               ,-                             ,-9,-9,2
EI1199  ,ATLAS3_J003515.6-433357C,00:35:15.60,-43:33:57.4,8.814987,-43.565939,0.29,0.45,0.017,1.04,1.479,0.411,0.028,0.411,0.028,0.411,0.028,0.427,0.029,0.427,0.029,0.427,0.029,-999.0,-999.0,P,-1.273,0.517,ELAIS-S1,EI1199*SWIRE3_J003515.62-433357.5*m1*C0  ,-----------------------------------------------------,1,1,1,EI1199  ,SWIRE3_J003515.62-433357.5,236803,SWIRE3_J003515.62-433357.5,8.8151,-43.56599,0.00228,0.00213,23,2900.59,7.26,2911.96,6.33,0.98,CA0,-1,3620.03,7.09,3556.52,6.01,0.99,CA0,-1,4791.24,22.5,4496.78,18.03,0.72,CA0,1,8875.62,15.4,8453.61,13.16,0.96,CA0,-1,27761.19,38.91,24135.42,52.4,0.82,CA0,-1,17.621,0.0,17.391,0.0,17.114,0.0,17.391,16.936,16.666,0.98,0.83,0.86,-999.0,-999.0,-999.0,-999.0,-999.0,-999.0,-999.0,-999.0,SVA1_COADD-2971137328,8.814985,-43.56601,17.822603,17.717947,17.312479,17.372149,0.0004,0.0003,0.0002,0.0002,2971137328,2971137328,S773                          ,8.815083333333334,-43.56597222222222,0.1457,-9.999,-2.0,ATLAS               ,-                             ,-9,-9,2
EI1201  ,ATLAS3_J003516.1-432451C,00:35:16.16,-43:24:51.4,8.817314,-43.414264,0.71,1.09,0.016,1.04,1.476,0.13,0.018,0.233,0.02,0.233,0.02,0.135,0.018,0.242,0.02,0.242,0.02,8.6,1.5,E,0.506,1.493,ELAIS-S1,EI1201*SWIRE3_J003516.11-432451.7*m1*C0  ,-----------------------------------------------------,1,1,1,EI1201  ,SWIRE3_J003516.11-432451.7,233391,SWIRE3_J003516.11-432451.7,8.81713,-43.41438,0.00774,0.00803,23,105.44,1.46,94.88,1.32,0.98,CA3,0,140.46,1.94,132.56,1.9,0.95,CA2,0,239.79,5.57,213.58,5.55,0.75,CA0,0,413.96,6.51,385.9,9.05,0.96,CA0,0,952.91,29.89,1006.5,37.76,0.62,CA0,0,19.794,0.001,19.611,0.001,19.44,0.001,19.658,19.459,19.286,0.98,0.98,0.98,-999.0,-999.0,-999.0,-999.0,-999.0,-999.0,-999.0,-999.0,SVA1_COADD-2971153461,8.817006,-43.414394,19.490398,19.42646,19.413355,19.261318,0.001,0.0008,0.001,0.0011,2971153461,2971153461,SVA1_COADD-2971153461         ,8.817,-43.4143888888889,2.24722,-9.999,4.0,DES_AAOmega         ,                              ,154,352550,4
EI1202  ,ATLAS3_J003516.3-435616C,00:35:16.33,-43:56:16.5,8.818043,-43.937927,0.36,0.56,0.018,1.04,1.478,0.31,0.024,0.474,0.029,0.474,0.029,0.322,0.025,0.492,0.031,0.492,0.031,7.0,1.0,E,0.538,0.986,ELAIS-S1,EI1202*SWIRE3_J003516.58-435612.4*m1*C0  ,-----------------------------------------------------,1,1,1,EI1202  ,SWIRE3_J003516.58-435612.4,205402,SWIRE3_J003516.58-435612.4,8.8191,-43.9368,0.00983,0.0104,22,300.06,1.55,469.82,1.88,0.03,EK3,2,255.0,2.26,371.23,2.96,0.03,CA3,2,142.57,3.93,199.36,7.12,0.03,CA0,0,100.49,5.12,100.47,6.1,0.54,CA0,0,-999.0,-999.0,-999.0,-999.0,-999.0,---,-999,21.708,0.003,19.934,0.002,18.936,0.001,20.836,18.961,18.046,0.03,0.03,0.03,-999.0,-999.0,-999.0,-999.0,-999.0,-999.0,-999.0,-999.0,SVA1_COADD-2970700325,8.819017,-43.936783,20.839113,19.293583,18.807737,18.502974,0.0031,0.001,0.0009,0.0008,2970700325,2970700325,S466                          ,8.819125,-43.93682222222222,0.286,-9.999,-2.0,ATLAS               ,-                             ,-9,-9,2
EI1207  ,ATLAS3_J003518.0-434612C,00:35:18.05,-43:46:12.2,8.825218,-43.770057,1.1,1.7,0.017,1.03,1.483,0.09,0.018,0.09,0.018,0.09,0.018,0.094,0.019,0.094,0.019,0.094,0.019,-999.0,-999.0,P,-999.0,-999.0,ELAIS-S1,EI1207*SWIRE3_J003518.04-434609.8*m1*C0  ,-----------------------------------------------------,1,1,1,EI1207  ,SWIRE3_J003518.04-434609.8,201218,SWIRE3_J003518.04-434609.8,8.82518,-43.76939,0.00994,0.0118,22,138.22,1.68,182.75,1.94,0.09,CA0,2,106.19,1.75,132.57,2.15,0.1,CA0,0,101.53,5.72,107.95,7.34,0.69,CA0,0,128.25,5.68,129.07,7.36,0.55,CA0,0,-99.0,-99.0,-99.0,-99.0,-9.0,---,-99,24.46,0.034,22.886,0.018,21.515,0.006,23.241,21.822,20.629,0.0,0.0,0.03,-999.0,-999.0,-999.0,-999.0,-999.0,-999.0,-999.0,-999.0,SVA1_COADD-2971113708,8.825006,-43.769331,23.697998,21.863113,21.139034,20.627926,0.0364,0.009,0.0063,0.0055,2971113708,2971113708,SVA1_COADD-2971113708         ,8.825,-43.7693333333333,0.4819,-9.999,3.0,DES_AAOmega         ,//                            ,6,14400,2
EI1209  ,ATLAS3_J003518.2-440448C,00:35:18.28,-44:04:48.0,8.826172,-44.079992,0.97,1.49,0.018,1.04,1.474,0.106,0.019,1.537,0.079,1.537,0.079,0.109,0.02,1.594,0.082,1.594,0.082,35.5,3.6,E,-999.0,-999.0,ELAIS-S1,EI1209*SWIRE3_J003518.51-440449.4*m1*C0  ,-----------------------------------------------------,1,1,1,EI1209  ,SWIRE3_J003518.51-440449.4,208885,SWIRE3_J003518.51-440449.4,8.82713,-44.0804,0.00864,0.0077,22,1056.23,3.93,9796.93,10.37,0.03,EK2,2,646.03,3.32,5937.63,10.31,0.03,EK2,2,534.93,7.51,2101.29,23.27,0.0,EK3,2,607.14,5.9,1579.77,8.93,0.01,EK3,2,-999.0,-999.0,-999.0,-999.0,-999.0,---,-999,-999.0,-999.0,-999.0,-999.0,-999.0,-999.0,-999.0,-999.0,-999.0,-999.0,-999.0,-999.0,-999.0,-999.0,-999.0,-999.0,-999.0,-999.0,-999.0,-999.0,SVA1_COADD-2970690744,8.827107,-44.080344,18.269217,17.481201,17.145063,16.905659,0.0007,0.0003,0.0003,0.0003,2970690744,2970690744,g0035185-440450               ,8.827208333333333,-44.0805,0.02473,-9.999,4.0,6dF                 ,-                             ,-9,-9,4
EI1212  ,ATLAS3_J003518.6-442432C,00:35:18.63,-44:24:32.6,8.827638,-44.409046,0.93,1.44,0.023,1.04,1.474,0.14,0.024,0.14,0.024,0.14,0.024,0.145,0.025,0.145,0.025,0.145,0.025,-999.0,-999.0,P,-999.0,-999.0,ELAIS-S1,EI1212*SWIRE3_J003518.63-442433.5*m1*C0  ,-----------------------------------------------------,1,1,1,EI1212  ,SWIRE3_J003518.63-442433.5,216945,SWIRE3_J003518.63-442433.5,8.82763,-44.40931,0.0133,0.0117,22,119.55,1.58,191.13,2.13,0.03,CA2,2,81.62,1.31,127.66,2.1,0.03,CA0,0,77.69,6.07,74.05,7.55,0.0,CA0,0,48.33,4.39,26.43,3.54,0.34,CA0,0,-999.0,-999.0,-999.0,-999.0,-999.0,---,-999,-999.0,-999.0,-999.0,-999.0,-999.0,-999.0,-999.0,-999.0,-999.0,-999.0,-999.0,-999.0,-999.0,-999.0,-999.0,-999.0,-999.0,-999.0,-999.0,-999.0,SVA1_COADD-2970658283,8.827476,-44.409303,25.503029,23.131966,21.878378,21.14078,0.1966,0.028,0.0125,0.0089,2970658283,2970658283,SVA1_COADD-2970658283         ,8.82745833333333,-44.4093055555556,0.8701,-9.999,4.0,DES_AAOmega         ,//                            ,6,14400,4
EI1214  ,ATLAS3_J003518.8-431320C,00:35:18.83,-43:13:20.2,8.828443,-43.222271,0.23,0.36,0.018,1.04,1.48,0.596,0.035,1.092,0.057,1.092,0.057,0.62,0.037,1.135,0.06,1.135,0.06,8.8,0.8,E,-1.101,0.22,ELAIS-S1,EI1214*SWIRE3_J003519.35-431324.2*m1*C0  ,-----------------------------------------------------,1,1,1,EI1214  ,SWIRE3_J003519.35-431324.2,228498,SWIRE3_J003519.35-431324.2,8.83063,-43.2234,0.00605,0.00565,23,453.42,3.08,600.84,3.17,0.04,EK2,2,447.84,3.23,549.22,3.39,0.05,CA0,2,329.56,7.66,434.43,10.97,0.01,CA0,0,1309.39,8.71,1387.26,11.28,0.58,CA0,1,5043.45,26.22,4554.81,41.48,0.91,CA0,-1,21.31,0.003,20.042,0.002,19.361,0.001,20.395,18.837,18.124,0.03,0.03,0.03,-999.0,-999.0,-999.0,-999.0,-999.0,-999.0,-999.0,-999.0,SVA1_COADD-2971177347,8.830581,-43.223453,20.957443,19.758602,19.159101,18.788975,0.0029,0.001,0.0008,0.0007,2971177347,2971177347,S1074.1                       ,8.830625000000001,-43.22338055555556,0.2794,-9.999,-2.0,ATLAS               ,-                             ,-9,-9,2
EI1216C1,ATLAS3_J003519.1-433658C,00:35:19.18,-43:36:58.8,8.829913,-43.616325,0.17,0.26,0.017,1.04,1.481,1.576,0.08,1.576,0.08,1.576,0.08,1.62,0.083,1.62,0.083,1.62,0.083,-999.0,-999.0,P,-0.491,0.129,ELAIS-S1,EI1216C1*SWIRE3_J003519.18-433658.7*m1*C0,-----------------------------------------------------,4,1,1,EI1216C1,SWIRE3_J003519.18-433658.7,197532,SWIRE3_J003519.18-433658.7,8.82992,-43.61631,0.00947,0.0112,22,192.28,1.95,263.59,2.32,0.3,CA3,1,145.47,1.77,180.19,2.22,0.54,CA0,1,177.71,6.47,160.98,7.55,0.01,CA0,0,84.46,4.96,98.57,6.85,0.36,CA0,0,-999.0,-999.0,-999.0,-999.0,-999.0,---,-999,22.914,0.009,21.573,0.006,20.226,0.002,22.162,20.77,19.531,0.02,0.03,0.03,-999.0,-999.0,-999.0,-999.0,-999.0,-999.0,-999.0,-999.0,SVA1_COADD-2971130758,8.829862,-43.616323,22.298622,20.572334,19.935385,19.578543,0.008,0.0018,0.0015,0.0014,2971130758,2971130758,S728*                         ,8.829916666666668,-43.61631111111111,0.4815,-9.999,-2.0,ATLAS               ,-                             ,-9,-9,2
EI1216C2,ATLAS3_J003519.2-433710C,00:35:19.25,-43:37:10.6,8.8302,-43.619606,0.26,0.31,0.017,1.04,1.481,0.497,0.029,0.497,0.029,0.497,0.029,0.511,0.03,0.511,0.03,0.511,0.03,-999.0,-999.0,P,-0.491,0.129,ELAIS-S1,EI1216C2*SWIRE3_J003519.23-433710.5*m1*C0,-----------------------------------------------------,1,1,1,EI1216C2,SWIRE3_J003519.23-433710.5,197589,SWIRE3_J003519.23-433710.5,8.83016,-43.61961,0.0072,0.00691,22,316.34,2.57,418.0,2.74,0.28,EK3,1,337.45,2.44,400.57,2.58,0.43,CA1,1,277.31,7.17,312.57,9.92,0.43,CA0,0,1116.77,6.89,1255.27,10.32,0.59,CA0,1,3667.27,31.77,3815.08,46.61,0.71,CA0,1,21.525,0.003,20.213,0.002,19.452,0.001,20.093,18.841,18.263,0.03,0.03,0.03,-999.0,-999.0,-999.0,-999.0,-999.0,-999.0,-999.0,-999.0,SVA1_COADD-2971130695,8.830077,-43.619646,20.93688,19.833328,19.314981,19.024208,0.0027,0.001,0.0009,0.0009,2971130695,2971130695,S728.2                        ,8.830208333333333,-43.61962222222223,0.2844,-9.999,-2.0,ATLAS               ,-                             ,-9,-9,2
EI1216C3,ATLAS3_J003520.1-433645C,00:35:20.14,-43:36:45.8,8.8339,-43.612717,0.21,0.32,0.017,1.04,1.481,0.425,0.025,0.425,0.025,0.425,0.025,0.437,0.026,0.437,0.026,0.437,0.026,-999.0,-999.0,P,-0.491,0.129,ELAIS-S1,EI1216C3*SWIRE3_J003520.14-433645.4*m1*C0,-----------------------------------------------------,1,1,1,EI1216C3,SWIRE3_J003520.14-433645.4,197342,SWIRE3_J003520.14-433645.4,8.83392,-43.61263,0.00382,0.00385,22,719.78,3.63,738.17,3.26,0.97,CA3,-1,810.0,3.8,790.33,3.3,0.98,CA2,-1,994.41,11.05,983.04,11.1,0.45,CA0,1,2776.43,10.28,2716.68,10.69,0.84,CA0,-1,4678.82,26.15,4208.27,37.07,0.77,CA0,1,20.887,0.002,19.765,0.002,18.996,0.001,19.992,18.826,18.182,0.03,0.03,0.03,-999.0,-999.0,-999.0,-999.0,-999.0,-999.0,-999.0,-999.0,SVA1_COADD-2971131566,8.833846,-43.61265,20.362669,19.334923,18.796371,18.541594,0.0018,0.0007,0.0006,0.0006,2971131566,2971131566,S728.1                        ,8.833958333333335,-43.61262222222222,0.1467,-9.999,-2.0,ATLAS               ,-                             ,-9,-9,2
EI1222  ,ATLAS3_J003520.6-432221C,00:35:20.69,-43:22:21.8,8.836224,-43.372736,0.73,1.13,0.016,1.04,1.476,0.127,0.018,0.127,0.018,0.127,0.018,0.131,0.018,0.131,0.018,0.131,0.018,-999.0,-999.0,P,-999.0,-999.0,ELAIS-S1,EI1222*SWIRE3_J003520.74-432225.5*m1*C0  ,-----------------------------------------------------,1,1,1,EI1222  ,SWIRE3_J003520.74-432225.5,231848,SWIRE3_J003520.74-432225.5,8.83645,-43.37376,0.00673,0.00756,23,230.85,1.89,256.49,1.85,0.11,CA0,1,235.12,1.96,249.68,1.99,0.47,CA0,1,256.9,6.9,236.41,6.89,0.47,CA0,0,596.59,5.74,594.68,8.23,0.85,CA0,-1,3334.48,30.98,2938.97,45.73,0.94,CA0,0,21.678,0.003,20.267,0.002,19.498,0.001,20.994,19.532,18.801,0.05,0.04,0.05,-999.0,-999.0,-999.0,-999.0,-999.0,-999.0,-999.0,-999.0,SVA1_COADD-2971158921,8.836349,-43.37378,20.965206,19.743017,19.323353,18.987057,0.0027,0.001,0.0009,0.0008,2971158921,2971158921,SVA1_COADD-2971158921         ,8.83633333333333,-43.3737777777778,0.3169,-9.999,4.0,DES_AAOmega         ,//                            ,6,14400,4
EI1223  ,ATLAS3_J003521.5-432447C,00:35:21.55,-43:24:47.6,8.839772,-43.413226,0.46,0.71,0.016,1.04,1.477,0.206,0.019,0.206,0.019,0.206,0.019,0.214,0.02,0.214,0.02,0.214,0.02,-999.0,-999.0,P,-1.686,1.058,ELAIS-S1,EI1223*SWIRE3_J003521.46-432447.4*m1*C0  ,-----------------------------------------------------,1,1,1,EI1223  ,SWIRE3_J003521.46-432447.4,232694,SWIRE3_J003521.46-432447.4,8.83943,-43.41318,0.00716,0.00587,23,275.21,1.73,320.63,1.72,0.17,CA0,1,198.02,1.82,215.21,1.89,0.43,CA0,0,253.43,5.27,282.17,6.81,0.06,CA0,0,1969.94,8.33,2043.97,9.38,0.15,CA0,1,4151.32,25.82,3576.72,35.25,0.97,CA2,-1,20.044,0.001,19.339,0.001,18.789,0.001,19.475,18.646,18.082,0.04,0.03,0.03,-999.0,-999.0,-999.0,-999.0,-999.0,-999.0,-999.0,-999.0,SVA1_COADD-2971154135,8.839346,-43.413161,19.711126,19.1271,18.777952,18.641716,0.0011,0.0007,0.0006,0.0006,2971154135,2971154135,S920                          ,8.839458333333333,-43.41316944444444,0.0893,-9.999,-2.0,ATLAS               ,-                             ,-9,-9,2
EI1231  ,ATLAS3_J003523.9-432904C,00:35:23.97,-43:29:04.5,8.849874,-43.484571,0.97,1.5,0.016,1.04,1.478,0.095,0.017,0.095,0.017,0.095,0.017,0.099,0.018,0.099,0.018,0.099,0.018,-999.0,-999.0,P,-999.0,-999.0,ELAIS-S1,EI1231*SWIRE3_J003524.00-432903.5*m1*C0  ,-----------------------------------------------------,1,1,1,EI1231  ,SWIRE3_J003524.00-432903.5,233984,SWIRE3_J003524.00-432903.5,8.85003,-43.48432,0.0108,0.0104,23,91.15,1.39,92.23,1.44,0.46,CA0,0,91.85,1.65,88.58,1.8,0.51,CA0,0,90.62,5.77,75.34,5.97,0.63,CA0,0,99.11,5.63,75.87,6.12,0.52,CA0,0,596.37,24.63,753.89,33.43,0.5,CA0,0,24.882,0.052,23.999,0.044,23.253,0.023,24.29,23.281,22.649,0.01,0.02,0.01,-999.0,-999.0,-999.0,-999.0,-999.0,-999.0,-999.0,-999.0,SVA1_COADD-2971145187,8.849808,-43.484265,24.442503,23.645348,22.972233,22.196726,0.0641,0.0355,0.0246,0.0162,2971145187,2971145187,SVA1_COADD-2971145187         ,8.84979166666667,-43.4842777777778,1.19629,-9.999,3.0,DES_AAOmega         ,                              ,12,28800,2
EI1241  ,ATLAS3_J003526.3-434507C,00:35:26.33,-43:45:07.2,8.859715,-43.752002,0.97,1.51,0.017,1.03,1.484,0.099,0.018,0.099,0.018,0.099,0.018,0.103,0.019,0.103,0.019,0.103,0.019,-999.0,-999.0,P,-999.0,-999.0,ELAIS-S1,EI1241*SWIRE3_J003526.33-434506.3*m1*C0  ,-----------------------------------------------------,1,1,1,EI1241  ,SWIRE3_J003526.33-434506.3,199767,SWIRE3_J003526.33-434506.3,8.85974,-43.75177,0.00878,0.0103,22,115.02,1.26,120.02,1.24,0.37,CA3,0,111.08,1.77,121.58,2.08,0.47,CA3,0,80.96,4.53,126.98,6.92,0.51,CA2,0,267.13,6.04,291.46,9.33,0.79,CA0,0,1920.71,32.76,1780.24,43.3,0.41,CA2,0,21.865,0.004,20.642,0.003,19.938,0.002,21.483,20.0,19.348,0.07,0.03,0.06,-999.0,-999.0,-999.0,-999.0,-999.0,-999.0,-999.0,-999.0,SVA1_COADD-2971115586,8.859724,-43.751774,21.182718,20.126162,19.832254,19.511816,0.0042,0.0022,0.002,0.002,2971115586,2971115586,SVA1_COADD-2971115586         ,8.85970833333333,-43.7517777777778,0.31588,-9.999,4.0,DES_AAOmega         ,                              ,10,21100,4
EI1243  ,ATLAS3_J003526.8-435642C,00:35:26.82,-43:56:42.0,8.861739,-43.944996,0.42,0.66,0.017,1.04,1.479,0.243,0.021,0.243,0.021,0.243,0.021,0.253,0.022,0.253,0.022,0.253,0.022,-999.0,-999.0,P,-0.451,0.787,ELAIS-S1,EI1243*SWIRE3_J003526.75-435641.2*m1*C0  ,-----------------------------------------------------,2,1,1,EI1243  ,SWIRE3_J003526.75-435641.2,204350,SWIRE3_J003526.75-435641.2,8.86146,-43.94479,0.00677,0.00983,22,199.71,2.16,307.66,2.45,0.03,CA3,2,216.82,2.41,315.53,2.99,0.03,CA2,2,171.96,6.36,222.76,10.48,0.0,CA0,0,630.21,7.29,904.09,13.29,0.03,CA0,2,1946.18,31.26,1603.95,36.26,0.15,CA0,0,22.271,0.005,20.845,0.003,20.067,0.002,21.756,19.199,18.604,0.03,0.03,0.03,-999.0,-999.0,-999.0,-999.0,-999.0,-999.0,-999.0,-999.0,SVA1_COADD-2970698606,8.861307,-43.944781,21.677637,20.471024,19.95472,19.543766,0.0078,0.0035,0.0034,0.0034,2970698606,2970698606,SWIRE3 J003526.75-435641.2    ,8.861458333333331,-43.94477777777777,0.32339,-9.999,-2.0,ATLAS               ,-                             ,-9,-9,2
EI1247  ,ATLAS3_J003529.2-434929C,00:35:29.23,-43:49:29.5,8.871806,-43.824861,0.27,0.42,0.016,1.03,1.484,0.411,0.027,0.411,0.027,0.411,0.027,0.428,0.028,0.428,0.028,0.428,0.028,-999.0,-999.0,P,0.038,0.424,ELAIS-S1,EI1247*SWIRE3_J003529.11-434928.7*m1*C0  ,-----------------------------------------------------,1,1,1,EI1247  ,SWIRE3_J003529.11-434928.7,201180,SWIRE3_J003529.11-434928.7,8.8713,-43.82465,0.00994,0.00824,22,429.11,2.47,778.76,3.15,0.03,EK3,2,315.95,2.71,487.11,3.61,0.08,EK3,2,291.58,5.97,384.02,9.5,0.01,CA0,0,246.66,5.45,290.28,9.33,0.22,CA0,0,868.98,33.39,792.78,37.18,0.61,CA0,0,19.945,0.001,18.812,0.001,18.133,0.001,18.695,17.512,16.916,0.03,0.03,0.03,-999.0,-999.0,-999.0,-999.0,-999.0,-999.0,-999.0,-999.0,SVA1_COADD-2971107177,8.871136,-43.824544,24.465511,23.496279,22.899841,22.348133,0.0754,0.0422,0.0339,0.0404,2971107177,2971107177,S560                          ,8.871333333333334,-43.82463888888889,0.09,-9.999,-2.0,ATLAS               ,-                             ,-9,-9,2
EI1253  ,ATLAS3_J003529.7-442056C,00:35:29.70,-44:20:56.5,8.873732,-44.349014,0.2,0.32,0.021,1.03,1.477,0.959,0.054,0.959,0.054,0.959,0.054,0.996,0.056,0.996,0.056,0.996,0.056,-999.0,-999.0,P,-0.959,0.279,ELAIS-S1,EI1253*SWIRE3_J003529.69-442056.1*m1*C0  ,-----------------------------------------------------,1,1,1,EI1253  ,SWIRE3_J003529.69-442056.1,214153,SWIRE3_J003529.69-442056.1,8.87373,-44.34893,0.00774,0.00763,22,221.53,1.7,245.9,1.67,0.69,CA3,1,225.75,2.12,234.38,2.13,0.88,CA0,-1,352.01,6.39,400.18,9.5,0.04,CA0,0,450.87,5.9,448.93,8.21,0.82,CA2,0,2144.84,32.31,1886.6,41.64,0.93,CA0,0,-999.0,-999.0,-999.0,-999.0,-999.0,-999.0,-999.0,-999.0,-999.0,-999.0,-999.0,-999.0,-999.0,-999.0,-999.0,-999.0,-999.0,-999.0,-999.0,-999.0,SVA1_COADD-2970663818,8.873577,-44.348863,22.356142,20.973024,20.287502,19.938265,0.0116,0.0041,0.003,0.003,2970663818,2970663818,S141                          ,8.873708333333333,-44.34891111111112,0.5799,-9.999,-2.0,ATLAS               ,-                             ,-9,-9,2
EI1258C3,ATLAS3_J003532.5-441535C,00:35:32.51,-44:15:35.8,8.885465,-44.259956,0.2,0.31,0.019,1.03,1.476,0.685,0.04,0.685,0.04,0.685,0.04,0.711,0.042,0.711,0.042,0.711,0.042,-999.0,-999.0,P,0.297,0.551,ELAIS-S1,EI1258C3*SWIRE3_J003532.55-441535.6*m1*C0,-----------------------------------------------------,4,1,1,EI1258C3,SWIRE3_J003532.55-441535.6,211489,SWIRE3_J003532.55-441535.6,8.88563,-44.25989,0.0122,0.0103,22,218.84,1.89,370.28,2.49,0.03,EK3,2,132.1,1.93,207.35,3.04,0.04,CA2,2,97.9,5.07,173.97,9.67,0.01,CA0,0,63.45,5.41,53.07,6.22,0.33,CA0,0,-999.0,-999.0,-999.0,-999.0,-999.0,---,-999,-999.0,-999.0,-999.0,-999.0,-999.0,-999.0,-999.0,-999.0,-999.0,-999.0,-999.0,-999.0,-999.0,-999.0,-999.0,-999.0,-999.0,-999.0,-999.0,-999.0,SVA1_COADD-2970671058,8.885392,-44.259894,23.769789,21.70026,20.561558,20.061277,0.0421,0.0079,0.0039,0.0034,2970671058,2970671058,S200                          ,8.885583333333335,-44.259880555555554,0.688,-9.999,-2.0,ATLAS               ,-                             ,-9,-9,2
EI1260  ,ATLAS3_J003531.5-425934C,00:35:31.52,-42:59:34.4,8.881314,-42.992899,0.91,1.41,0.028,1.04,1.467,0.177,0.03,0.177,0.03,0.177,0.03,0.183,0.032,0.183,0.032,0.183,0.032,-999.0,-999.0,P,-999.0,-999.0,ELAIS-S1,EI1260*SWIRE3_J003531.62-425934.1*m1*C0  ,-----------------------------------------------------,1,1,1,EI1260  ,SWIRE3_J003531.62-425934.1,109885,SWIRE3_J003531.62-425934.1,8.88175,-42.99283,0.00806,0.00738,13,277.05,2.07,427.49,2.32,0.03,EK2,2,256.32,1.6,384.39,1.95,0.03,CA0,2,207.0,5.75,388.89,12.21,0.0,CA0,0,1016.75,5.28,1378.07,7.81,0.02,CA0,2,2081.66,26.95,2111.31,41.07,0.21,CA0,0,20.873,0.002,19.75,0.002,19.179,0.001,19.535,18.352,17.802,0.03,0.03,0.03,-999.0,-999.0,-999.0,-999.0,-999.0,-999.0,-999.0,-999.0,SVA1_COADD-2971204427,8.881656,-42.992812,20.526392,19.618628,19.197453,18.951593,0.0026,0.0013,0.0012,0.0011,2971204427,2971204427,SVA1_COADD-2971204427         ,8.88166666666667,-42.9928055555556,0.21943,-9.999,4.0,DES_AAOmega         ,//                            ,2,4800,4
EI1261  ,ATLAS3_J003531.5-433800C,00:35:31.52,-43:38:00.0,8.881314,-43.633323,0.86,1.33,0.016,1.04,1.482,0.107,0.017,0.107,0.017,0.107,0.017,0.111,0.018,0.111,0.018,0.111,0.018,-999.0,-999.0,P,-999.0,-999.0,ELAIS-S1,EI1261*SWIRE3_J003531.54-433759.0*m1*C0  ,-----------------------------------------------------,1,1,1,EI1261  ,SWIRE3_J003531.54-433759.0,196483,SWIRE3_J003531.54-433759.0,8.88143,-43.63306,0.0129,0.0128,22,72.39,1.02,73.82,1.03,0.17,CA0,0,60.44,1.17,55.45,1.16,0.82,CA0,0,55.04,4.32,51.1,4.91,0.03,CA0,0,33.57,4.43,18.14,2.63,0.39,CA0,0,-99.0,-99.0,-99.0,-99.0,-9.0,---,-99,23.863,0.025,23.242,0.023,22.461,0.013,23.288,22.593,21.848,0.0,0.0,0.01,-999.0,-999.0,-999.0,-999.0,-999.0,-999.0,-999.0,-999.0,SVA1_COADD-2971128200,8.881309,-43.633116,23.637388,22.87616,21.982485,21.522886,0.026,0.013,0.0091,0.008,2971128200,2971128200,SVA1_COADD-2971128200         ,8.88129166666667,-43.6331111111111,0.94916,-9.999,3.0,DES_AAOmega         ,                              ,8,19200,2
EI1268  ,ATLAS3_J003533.5-442149C,00:35:33.54,-44:21:49.3,8.889747,-44.363706,0.97,1.49,0.021,1.03,1.477,0.127,0.023,0.127,0.023,0.127,0.023,0.132,0.024,0.132,0.024,0.132,0.024,-999.0,-999.0,P,-999.0,-999.0,ELAIS-S1,EI1268*SWIRE3_J003533.52-442149.9*m1*C0  ,-----------------------------------------------------,1,1,1,EI1268  ,SWIRE3_J003533.52-442149.9,214025,SWIRE3_J003533.52-442149.9,8.88967,-44.36388,0.0108,0.00889,22,150.94,1.32,184.16,1.39,0.03,CA2,2,143.56,1.61,170.5,1.88,0.03,CA2,2,105.48,4.93,127.65,7.0,0.03,CA0,0,229.72,4.64,226.45,6.38,0.41,CA0,0,807.22,31.78,517.93,27.73,0.54,CA0,0,-999.0,-999.0,-999.0,-999.0,-999.0,-999.0,-999.0,-999.0,-999.0,-999.0,-999.0,-999.0,-999.0,-999.0,-999.0,-999.0,-999.0,-999.0,-999.0,-999.0,SVA1_COADD-2970662640,8.889584,-44.363864,21.842365,20.621624,20.112417,19.789293,0.0075,0.003,0.0026,0.0026,2970662640,2970662640,SVA1_COADD-2970662640         ,8.88958333333333,-44.3638611111111,0.36896,-9.999,4.0,DES_AAOmega         ,//                            ,3,7200,4
EI1274  ,ATLAS3_J003534.7-440351C,00:35:34.79,-44:03:51.7,8.894945,-44.06435,0.6,0.93,0.019,1.04,1.477,0.186,0.022,0.186,0.022,0.186,0.022,0.194,0.023,0.194,0.023,0.194,0.023,-999.0,-999.0,P,-0.472,1.133,ELAIS-S1,EI1274*SWIRE3_J003534.79-440350.3*m1*C0  ,-----------------------------------------------------,1,1,1,EI1274  ,SWIRE3_J003534.79-440350.3,206197,SWIRE3_J003534.79-440350.3,8.89498,-44.06399,0.0118,0.0122,22,68.24,0.99,64.01,0.98,0.97,CA0,0,71.27,1.24,67.91,1.4,0.84,CA0,0,63.9,4.43,51.57,4.85,0.06,CA0,0,105.18,4.65,91.63,5.7,0.61,CA0,0,-99.0,-99.0,-99.0,-99.0,-9.0,---,-99,-999.0,-999.0,-999.0,-999.0,-999.0,-999.0,-999.0,-999.0,-999.0,-999.0,-999.0,-999.0,-999.0,-999.0,-999.0,-999.0,-999.0,-999.0,-999.0,-999.0,SVA1_COADD-2970687796,8.894902,-44.063972,23.378687,22.797438,22.35138,21.73737,0.0276,0.0203,0.0192,0.0156,2970687796,2970687796,SVA1_COADD-2970687796         ,8.89491666666667,-44.0639722222222,1.2461,-9.999,3.0,DES_AAOmega         ,NES 10 0.67215 1 {} | CLi 11 1,9,22200,2
EI1275  ,ATLAS3_J003534.8-441438C,00:35:34.89,-44:14:38.9,8.895385,-44.244131,0.6,0.93,0.019,1.03,1.476,0.182,0.021,0.35,0.026,0.35,0.026,0.189,0.022,0.363,0.027,0.363,0.027,9.2,1.3,E,-999.0,-999.0,ELAIS-S1,EI1275*SWIRE3_J003534.56-441443.9*m1*C0  ,-----------------------------------------------------,4,1,1,EI1275  ,SWIRE3_J003534.56-441443.9,210888,SWIRE3_J003534.56-441443.9,8.89402,-44.24553,0.0121,0.0102,22,47.28,1.04,42.73,0.98,0.81,CA0,0,57.56,1.39,50.21,1.29,0.95,CA0,0,56.81,5.52,34.39,5.05,0.5,CA0,0,182.1,5.81,155.23,7.47,0.73,CA0,0,1370.4,32.9,1177.84,39.08,0.84,CA0,0,-999.0,-999.0,-999.0,-999.0,-999.0,-999.0,-999.0,-999.0,-999.0,-999.0,-999.0,-999.0,-999.0,-999.0,-999.0,-999.0,-999.0,-999.0,-999.0,-999.0,SVA1_COADD-2970672003,8.893908,-44.245509,22.726763,21.275095,20.909374,20.603968,0.0165,0.0054,0.0053,0.0056,2970672003,2970672003,S218                          ,8.894000000000002,-44.24552222222222,0.4245,-9.999,-2.0,ATLAS               ,-                             ,-9,-9,2
EI1278  ,ATLAS3_J003535.3-432329C,00:35:35.34,-43:23:29.6,8.897234,-43.391559,0.74,1.15,0.016,1.04,1.477,0.123,0.018,0.123,0.018,0.123,0.018,0.128,0.018,0.128,0.018,0.128,0.018,-999.0,-999.0,P,-999.0,-999.0,ELAIS-S1,EI1278*SWIRE3_J003535.39-432329.3*m1*C0  ,-----------------------------------------------------,1,1,1,EI1278  ,SWIRE3_J003535.39-432329.3,230468,SWIRE3_J003535.39-432329.3,8.89749,-43.39148,0.0116,0.0105,23,106.51,1.34,121.67,1.47,0.37,CA3,1,89.97,1.33,91.59,1.63,0.4,CA2,0,81.71,5.49,59.78,4.95,0.51,CA0,0,142.97,4.8,158.11,7.36,0.6,CA0,0,1001.39,28.42,965.05,36.76,0.4,CA0,0,22.655,0.007,21.454,0.005,20.576,0.002,21.87,20.65,19.837,0.03,0.03,0.03,-999.0,-999.0,-999.0,-999.0,-999.0,-999.0,-999.0,-999.0,SVA1_COADD-2971156564,8.897362,-43.391481,22.094625,20.843306,20.443958,20.110968,0.0066,0.0024,0.0023,0.0023,2971156564,2971156564,S937                          ,8.8975,-43.39148055555555,0.4209,-9.999,-2.0,ATLAS               ,-                             ,-9,-9,2
EI1284C1,ATLAS3_J003536.5-440643C,00:35:36.54,-44:06:43.3,8.902238,-44.11203,0.83,1.28,0.019,1.04,1.476,0.229,0.047,0.846,0.181,0.846,0.181,0.235,0.048,0.869,0.186,0.869,0.186,15.8,3.2,E,-0.512,0.148,ELAIS-S1,EI1284C1*SWIRE3_J003536.74-440642.8*m1*C0,-----------------------------------------------------,1,1,1,EI1284C1,SWIRE3_J003536.74-440642.8,207256,SWIRE3_J003536.74-440642.8,8.90309,-44.1119,0.0112,0.0115,22,136.39,1.44,214.15,1.73,0.03,CA3,2,116.98,1.54,185.05,2.15,0.02,CA2,2,79.89,4.73,109.0,7.84,0.0,CA2,0,156.9,4.84,212.89,8.57,0.0,CA0,0,-999.0,-999.0,-999.0,-999.0,-999.0,---,-999,-999.0,-999.0,-999.0,-999.0,-999.0,-999.0,-999.0,-999.0,-999.0,-999.0,-999.0,-999.0,-999.0,-999.0,-999.0,-999.0,-999.0,-999.0,-999.0,-999.0,SVA1_COADD-2970683792,8.903194,-44.111807,21.650131,20.437246,19.964182,19.658445,0.0062,0.0026,0.0023,0.0024,2970683792,2970683792,S343                          ,8.903125000000001,-44.1119,0.2734,-9.999,-2.0,ATLAS               ,-                             ,-9,-9,2
EI1284C2,ATLAS3_J003537.4-440613C,00:35:37.45,-44:06:13.0,8.906029,-44.103603,0.17,0.26,0.019,1.04,1.477,4.532,0.231,4.532,0.231,13.002,0.5360541017472024,4.658,0.24,4.658,0.24,13.363,0.5548495291518233,-999.0,-999.0,P,-0.512,0.148,ELAIS-S1,EI1284C2*SWIRE3_J003537.46-440613.7*m3*C0,-----------------------------------------------------,1,3,1,EI1284C2,SWIRE3_J003537.46-440613.7,206924,SWIRE3_J003537.46-440613.7,8.90611,-44.10381,0.00889,0.0103,22,321.64,2.05,580.39,2.68,0.03,EK3,2,229.67,2.03,486.61,3.3,0.03,EK0,2,171.07,5.23,296.87,10.3,0.0,CA0,0,140.23,4.92,147.02,6.89,0.11,CA0,0,-99.0,-99.0,-99.0,-99.0,-9.0,---,-99,-999.0,-999.0,-999.0,-999.0,-999.0,-999.0,-999.0,-999.0,-999.0,-999.0,-999.0,-999.0,-999.0,-999.0,-999.0,-999.0,-999.0,-999.0,-999.0,-999.0,SVA1_COADD-2970685084,8.905939,-44.103731,20.818888,19.290432,18.822147,18.500368,0.0032,0.001,0.0009,0.0009,2970685084,2970685084,S347                          ,8.906125000000001,-44.10380833333333,0.272,-9.999,-2.0,ATLAS               ,-                             ,-9,-9,2
EI1285  ,ATLAS3_J003536.5-434341C,00:35:36.54,-43:43:41.6,8.90224,-43.728236,0.54,0.84,0.016,1.03,1.485,0.175,0.019,0.175,0.019,0.175,0.019,0.182,0.02,0.182,0.02,0.182,0.02,-999.0,-999.0,P,-0.718,1.143,ELAIS-S1,EI1285*SWIRE3_J003536.56-434341.8*m1*C0  ,-----------------------------------------------------,1,1,1,EI1285  ,SWIRE3_J003536.56-434341.8,197986,SWIRE3_J003536.56-434341.8,8.90234,-43.72829,0.0101,0.0114,22,265.28,1.64,460.46,2.11,0.03,EK0,2,236.45,1.74,385.33,2.47,0.03,CA0,2,154.18,4.76,174.58,6.72,0.0,CA0,0,244.41,4.29,375.55,8.9,0.01,CA0,0,-99.0,-99.0,-99.0,-99.0,-9.0,---,-99,21.926,0.004,20.352,0.002,19.413,0.001,20.585,18.989,18.148,0.03,0.03,0.03,-999.0,-999.0,-999.0,-999.0,-999.0,-999.0,-999.0,-999.0,SVA1_COADD-2971119799,8.902269,-43.728254,21.18301,19.749964,19.242205,18.89483,0.0042,0.0016,0.0013,0.0012,2971119799,2971119799,S636*                         ,8.902375000000001,-43.728297222222224,0.286,-9.999,-2.0,ATLAS               ,-                             ,-9,-9,2
EI1293  ,ATLAS3_J003537.4-435349C,00:35:37.40,-43:53:49.0,8.905843,-43.896942,0.41,0.63,0.016,1.04,1.482,0.244,0.021,0.244,0.021,0.244,0.021,0.254,0.022,0.254,0.022,0.254,0.022,-999.0,-999.0,P,-0.506,0.796,ELAIS-S1,EI1293*SWIRE3_J003537.38-435348.9*m1*C0  ,-----------------------------------------------------,1,1,1,EI1293  ,SWIRE3_J003537.38-435348.9,201900,SWIRE3_J003537.38-435348.9,8.90579,-43.89693,0.00979,0.0102,22,302.67,1.99,397.59,2.12,0.29,EK0,1,212.14,1.9,277.59,2.35,0.18,CA0,1,174.63,4.59,225.38,7.67,0.11,CA0,0,95.24,4.46,90.61,5.99,0.03,CA0,0,-999.0,-999.0,-999.0,-999.0,-999.0,---,-999,23.109,0.01,21.452,0.005,20.044,0.002,22.323,20.669,19.325,0.06,0.03,0.07,-999.0,-999.0,-999.0,-999.0,-999.0,-999.0,-999.0,-999.0,SVA1_COADD-2970704084,8.905558,-43.896976,22.255669,20.382235,19.587353,19.147385,0.0105,0.0024,0.0016,0.0015,2970704084,2970704084,S501                          ,8.905791666666667,-43.89696944444445,0.5347,-9.999,-2.0,ATLAS               ,-                             ,-9,-9,2
EI1304  ,ATLAS3_J003539.8-442452C,00:35:39.84,-44:24:52.5,8.915986,-44.414594,0.71,1.09,0.023,1.03,1.474,0.188,0.026,0.614,0.038,0.614,0.038,0.195,0.026,0.637,0.04,0.637,0.04,14.5,1.6,E,-999.0,-999.0,ELAIS-S1,EI1304*SWIRE3_J003539.73-442454.9*m1*C0  ,-----------------------------------------------------,1,1,1,EI1304  ,SWIRE3_J003539.73-442454.9,214510,SWIRE3_J003539.73-442454.9,8.91557,-44.41525,0.0107,0.0124,22,273.38,2.32,497.71,3.4,0.04,EK3,2,203.42,1.69,292.86,2.41,0.03,CA3,2,113.01,5.96,124.98,10.52,0.0,CA0,0,89.81,4.16,132.02,7.14,0.0,CA0,0,-999.0,-999.0,-999.0,-999.0,-999.0,---,-999,-999.0,-999.0,-999.0,-999.0,-999.0,-999.0,-999.0,-999.0,-999.0,-999.0,-999.0,-999.0,-999.0,-999.0,-999.0,-999.0,-999.0,-999.0,-999.0,-999.0,SVA1_COADD-2970658319,8.915423,-44.41526,20.719423,19.326422,18.896322,18.574047,0.003,0.0011,0.0009,0.0009,2970658319,2970658319,SVA1_COADD-2970658319         ,8.91541666666667,-44.41525,0.22846,-9.999,4.0,DES_AAOmega         ,                              ,2,4800,4
EI1305  ,ATLAS3_J003539.9-433833C,00:35:39.95,-43:38:33.9,8.916475,-43.642747,0.88,1.36,0.015,1.03,1.483,0.101,0.017,0.101,0.017,0.101,0.017,0.105,0.017,0.105,0.017,0.105,0.017,-999.0,-999.0,P,-999.0,-999.0,ELAIS-S1,EI1305*SWIRE3_J003539.94-433834.1*m1*C0  ,-----------------------------------------------------,1,1,1,EI1305  ,SWIRE3_J003539.94-433834.1,195662,SWIRE3_J003539.94-433834.1,8.91643,-43.64283,0.00774,0.00724,22,181.32,1.55,190.39,1.47,0.74,CA3,1,128.53,1.96,132.04,2.05,0.07,CA0,0,190.41,5.26,187.56,7.02,0.03,CA0,0,1080.67,8.26,1205.36,11.54,0.28,CA0,1,1064.65,25.75,1094.15,36.98,0.31,CA0,0,20.544,0.002,19.875,0.002,19.239,0.001,19.937,19.176,18.633,0.03,0.03,0.03,-999.0,-999.0,-999.0,-999.0,-999.0,-999.0,-999.0,-999.0,SVA1_COADD-2971127399,8.916356,-43.642843,20.282732,19.597092,19.298525,19.081703,0.0017,0.0009,0.0009,0.0009,2971127399,2971127399,0096-01685                    ,8.91647,-43.64283,0.06312396,-9.999,4.0,PRIMUS              ,-                             ,-9,-9,4
EI1312  ,ATLAS3_J003541.3-433301C,00:35:41.35,-43:33:01.8,8.922306,-43.550511,0.45,0.69,0.016,1.04,1.48,0.215,0.02,0.215,0.02,0.215,0.02,0.224,0.02,0.224,0.02,0.224,0.02,-999.0,-999.0,P,-1.073,0.859,ELAIS-S1,EI1312*SWIRE3_J003541.39-433301.5*m1*C0  ,-----------------------------------------------------,1,1,1,EI1312  ,SWIRE3_J003541.39-433301.5,193434,SWIRE3_J003541.39-433301.5,8.92249,-43.55043,0.00846,0.00821,22,188.98,1.97,208.56,1.91,0.04,CA0,2,128.82,1.56,134.73,1.61,0.04,CA0,0,152.71,6.2,179.72,8.72,0.08,CA0,0,149.24,4.73,154.01,7.12,0.13,CA0,0,1858.89,32.72,1600.57,40.81,0.78,CA0,0,21.911,0.005,21.331,0.005,20.599,0.003,20.921,20.343,19.638,0.03,0.02,0.03,-999.0,-999.0,-999.0,-999.0,-999.0,-999.0,-999.0,-999.0,SVA1_COADD-2971138604,8.922309,-43.550437,21.777784,21.04819,20.540525,20.308586,0.0052,0.0026,0.0025,0.0026,2971138604,2971138604,S795                          ,8.9225,-43.55043055555555,0.7161,-9.999,-2.0,ATLAS               ,-                             ,-9,-9,2
EI1314  ,ATLAS3_J003541.4-431042C,00:35:41.41,-43:10:42.2,8.922529,-43.17839,0.7,1.08,0.02,1.03,1.481,0.165,0.022,0.165,0.022,0.165,0.022,0.172,0.023,0.172,0.023,0.172,0.023,-999.0,-999.0,P,-999.0,-999.0,ELAIS-S1,EI1314*SWIRE3_J003541.44-431042.8*m1*C0  ,-----------------------------------------------------,1,1,1,EI1314  ,SWIRE3_J003541.44-431042.8,113573,SWIRE3_J003541.44-431042.8,8.92267,-43.17858,0.00763,0.00832,13,209.49,2.02,235.98,1.99,0.11,CA2,1,198.27,2.21,224.68,2.44,0.17,CA0,1,118.18,6.12,137.22,9.44,0.01,CA0,0,403.09,6.48,486.52,10.67,0.33,CA2,0,804.43,24.63,866.2,32.38,0.44,CA2,0,23.204,0.01,21.558,0.006,20.664,0.003,21.952,20.401,19.615,0.0,0.02,0.03,-999.0,-999.0,-999.0,-999.0,-999.0,-999.0,-999.0,-999.0,SVA1_COADD-2971182334,8.922536,-43.178563,22.60824,21.02314,20.359783,19.956274,0.0447,0.0049,0.0039,0.0032,2971182334,2971182334,SVA1_COADD-2971182334         ,8.92254166666667,-43.1785555555556,0.27791,-9.999,4.0,DES_AAOmega         ,                              ,6,14400,4
EI1320  ,ATLAS3_J003543.4-442534C,00:35:43.45,-44:25:34.8,8.931022,-44.426344,0.7,1.09,0.024,1.04,1.473,0.201,0.027,0.201,0.027,0.201,0.027,0.209,0.028,0.209,0.028,0.209,0.028,-999.0,-999.0,P,-999.0,-999.0,ELAIS-S1,EI1320*SWIRE3_J003543.43-442535.2*m1*C0  ,-----------------------------------------------------,1,1,1,EI1320  ,SWIRE3_J003543.43-442535.2,214348,SWIRE3_J003543.43-442535.2,8.93098,-44.42645,0.0131,0.0139,22,41.34,0.78,41.35,0.9,0.94,CA0,0,36.17,0.86,33.06,0.96,0.95,CA0,0,55.25,4.12,48.46,4.42,0.49,CA0,0,180.32,4.08,132.54,4.25,0.71,CA0,0,1258.79,32.96,832.8,33.24,0.56,CA0,0,-999.0,-999.0,-999.0,-999.0,-999.0,-999.0,-999.0,-999.0,-999.0,-999.0,-999.0,-999.0,-999.0,-999.0,-999.0,-999.0,-999.0,-999.0,-999.0,-999.0,SVA1_COADD-2970656586,8.93083,-44.426417,24.647875,23.315233,22.346258,21.589546,0.0907,0.0331,0.019,0.0134,2970656586,2970656586,SVA1_COADD-2970656586         ,8.93083333333333,-44.4264166666667,0.87384,-9.999,3.0,DES_AAOmega         ,                              ,15,36000,2
EI1321  ,ATLAS3_J003543.4-441300C,00:35:43.45,-44:13:00.1,8.931042,-44.216687,0.94,1.44,0.019,1.04,1.477,0.115,0.02,0.115,0.02,0.115,0.02,0.12,0.021,0.12,0.021,0.12,0.021,-999.0,-999.0,P,-999.0,-999.0,ELAIS-S1,EI1321*SWIRE3_J003543.48-441259.8*m1*C0  ,-----------------------------------------------------,1,1,1,EI1321  ,SWIRE3_J003543.48-441259.8,209099,SWIRE3_J003543.48-441259.8,8.93117,-44.21663,0.00961,0.00932,22,132.03,1.33,123.58,1.2,0.94,CA0,0,95.82,1.2,89.68,1.18,0.88,CA0,0,107.43,4.74,84.68,5.24,0.01,CA0,0,76.96,4.07,58.97,4.93,0.07,CA0,0,479.29,26.21,265.67,17.08,0.48,CA0,0,-999.0,-999.0,-999.0,-999.0,-999.0,-999.0,-999.0,-999.0,-999.0,-999.0,-999.0,-999.0,-999.0,-999.0,-999.0,-999.0,-999.0,-999.0,-999.0,-999.0,SVA1_COADD-2970674558,8.931036,-44.216613,21.77417,20.821472,20.335304,20.042519,0.0073,0.0036,0.0032,0.0034,2970674558,2970674558,SVA1_COADD-2970674558         ,8.93104166666667,-44.2166111111111,0.59576,-9.999,4.0,DES_AAOmega         ,//                            ,3,7200,4
EI1323  ,ATLAS3_J003543.8-431750C,00:35:43.89,-43:17:50.7,8.932856,-43.297418,0.24,0.38,0.017,1.04,1.479,0.527,0.032,0.826,0.045,0.826,0.045,0.548,0.033,0.859,0.046,0.859,0.046,7.2,0.8,E,-0.724,0.271,ELAIS-S1,EI1323*SWIRE3_J003543.86-431750.3*m1*C0  ,-----------------------------------------------------,1,1,1,EI1323  ,SWIRE3_J003543.86-431750.3,227134,SWIRE3_J003543.86-431750.3,8.93279,-43.29731,0.00893,0.011,23,170.85,1.83,206.96,2.06,0.14,CA3,1,132.38,1.89,143.92,2.17,0.57,CA0,0,78.34,5.68,81.62,6.46,0.57,CA0,0,54.14,5.38,35.76,4.27,0.47,CA0,0,-999.0,-999.0,-999.0,-999.0,-999.0,---,-999,23.056,0.009,21.447,0.006,20.223,0.002,22.542,20.858,19.612,0.07,0.09,0.07,-999.0,-999.0,-999.0,-999.0,-999.0,-999.0,-999.0,-999.0,SVA1_COADD-2971167432,8.932651,-43.297347,22.307583,20.458904,19.851952,19.488415,0.0081,0.0017,0.0014,0.0013,2971167432,2971167432,S1007                         ,8.93275,-43.29731111111111,0.3977,-9.999,-2.0,ATLAS               ,-                             ,-9,-9,2
EI1332  ,ATLAS3_J003545.3-433215C,00:35:45.32,-43:32:15.5,8.93885,-43.537643,0.24,0.37,0.016,1.04,1.481,0.511,0.031,0.511,0.031,0.511,0.031,0.531,0.032,0.531,0.032,0.531,0.032,-999.0,-999.0,P,-0.347,0.672,ELAIS-S1,EI1332*SWIRE3_J003545.48-433216.6*m1*C0  ,-----------------------------------------------------,1,1,1,EI1332  ,SWIRE3_J003545.48-433216.6,192637,SWIRE3_J003545.48-433216.6,8.93952,-43.53797,0.00749,0.00839,22,161.94,1.46,160.55,1.39,0.98,CA0,-1,198.69,1.72,197.77,1.73,0.95,CA0,0,199.58,5.35,176.21,6.65,0.18,CA0,0,711.08,5.71,694.05,7.33,0.87,CA0,-1,8390.06,28.7,7429.73,41.28,0.79,CA0,1,21.538,0.003,20.572,0.003,19.923,0.002,21.115,20.088,19.559,0.07,0.04,0.2,-999.0,-999.0,-999.0,-999.0,-999.0,-999.0,-999.0,-999.0,SVA1_COADD-2971140045,8.939498,-43.538033,21.00334,20.195051,20.042377,19.446316,0.0035,0.0017,0.0022,0.0016,2971140045,2971140045,S809*                         ,8.939541666666667,-43.53799166666666,0.3984,-9.999,-2.0,ATLAS               ,-                             ,-9,-9,2
EI1334  ,ATLAS3_J003545.5-440102C,00:35:45.52,-44:01:02.4,8.939662,-44.017334,0.51,0.79,0.018,1.04,1.481,0.208,0.021,0.208,0.021,0.208,0.021,0.216,0.022,0.216,0.022,0.216,0.022,-999.0,-999.0,P,-1.087,1.034,ELAIS-S1,EI1334*SWIRE3_J003545.49-440103.1*m1*C0  ,-----------------------------------------------------,1,1,1,EI1334  ,SWIRE3_J003545.49-440103.1,203809,SWIRE3_J003545.49-440103.1,8.93956,-44.01754,0.00853,0.00824,22,288.29,1.99,366.7,2.07,0.06,CA0,2,229.28,1.98,280.19,2.18,0.05,CA0,2,131.38,4.71,157.52,7.29,0.21,CA0,0,206.37,4.79,193.95,6.81,0.14,CA0,0,-999.0,-999.0,-999.0,-999.0,-999.0,---,-999,-999.0,-999.0,-999.0,-999.0,-999.0,-999.0,-999.0,-999.0,-999.0,-999.0,-999.0,-999.0,-999.0,-999.0,-999.0,-999.0,-999.0,-999.0,-999.0,-999.0,SVA1_COADD-2970693093,8.93942,-44.017529,20.790852,19.493673,19.029573,18.677637,0.0031,0.0012,0.0011,0.001,2970693093,2970693093,S399                          ,8.939541666666667,-44.01755277777778,0.2062,-9.999,-2.0,ATLAS               ,-                             ,-9,-9,2
EI1337  ,ATLAS3_J003546.7-430339C,00:35:46.72,-43:03:39.6,8.944654,-43.061013,0.36,0.55,0.024,1.04,1.476,0.426,0.033,0.426,0.033,0.426,0.033,0.443,0.034,0.443,0.034,0.443,0.034,-999.0,-999.0,P,-0.446,0.666,ELAIS-S1,EI1337*SWIRE3_J003546.72-430339.8*m1*C0  ,-----------------------------------------------------,1,1,1,EI1337  ,SWIRE3_J003546.72-430339.8,109599,SWIRE3_J003546.72-430339.8,8.94468,-43.06108,0.00763,0.00558,13,477.93,2.55,689.13,2.67,0.03,EK2,2,360.22,1.92,519.67,2.31,0.03,CA2,2,299.43,5.96,453.51,10.01,0.01,CA0,0,1483.69,6.0,2211.91,9.01,0.03,EK0,2,2746.99,33.76,2566.74,44.51,0.11,CA0,0,20.187,0.001,19.057,0.001,18.456,0.001,18.829,17.825,17.304,0.03,0.03,0.03,-999.0,-999.0,-999.0,-999.0,-999.0,-999.0,-999.0,-999.0,SVA1_COADD-2970469944,8.944467,-43.061123,19.7172,18.80012,18.3934,18.104158,0.0013,0.0006,0.0006,0.0005,2970469944,2970469944,S1175                         ,8.944666666666667,-43.0611,0.1476,-9.999,-2.0,ATLAS               ,-                             ,-9,-9,2
EI1341  ,ATLAS3_J003547.4-440617C,00:35:47.44,-44:06:17.6,8.947684,-44.104879,0.95,1.47,0.019,1.04,1.479,0.114,0.02,0.114,0.02,0.114,0.02,0.119,0.021,0.119,0.021,0.119,0.021,-999.0,-999.0,P,-999.0,-999.0,ELAIS-S1,EI1341*SWIRE3_J003547.56-440620.3*m1*C0  ,-----------------------------------------------------,1,1,1,EI1341  ,SWIRE3_J003547.56-440620.3,205611,SWIRE3_J003547.56-440620.3,8.94818,-44.10564,0.00828,0.00882,22,150.47,1.4,168.6,1.43,0.06,CA0,2,127.23,1.58,136.31,1.73,0.12,CA0,0,91.02,4.59,101.36,5.45,0.0,CA0,0,713.44,6.61,778.68,8.56,0.04,CA0,2,1794.09,26.27,2032.07,39.72,0.81,CA0,0,-999.0,-999.0,-999.0,-999.0,-999.0,-999.0,-999.0,-999.0,-999.0,-999.0,-999.0,-999.0,-999.0,-999.0,-999.0,-999.0,-999.0,-999.0,-999.0,-999.0,SVA1_COADD-2970684166,8.948104,-44.105622,20.26313,19.652218,19.338053,19.195887,0.0021,0.0013,0.0014,0.0016,2970684166,2970684166,SVA1_COADD-2970684166         ,8.94808333333333,-44.1056111111111,0.20816,-9.999,4.0,DES_AAOmega         ,                              ,3,4200,4
EI1342  ,ATLAS3_J003547.6-432648C,00:35:47.66,-43:26:48.6,8.948589,-43.446837,0.62,0.95,0.016,1.04,1.479,0.152,0.018,0.24,0.02,0.24,0.02,0.158,0.019,0.249,0.021,0.249,0.021,7.3,1.5,E,2.016,1.574,ELAIS-S1,EI1342*SWIRE3_J003547.42-432646.7*m1*C0  ,-----------------------------------------------------,1,1,1,EI1342  ,SWIRE3_J003547.42-432646.7,230316,SWIRE3_J003547.42-432646.7,8.94762,-43.44632,0.00695,0.00835,23,289.94,2.51,561.01,3.12,0.03,EK2,2,221.94,2.42,438.12,3.54,0.03,CA2,2,171.5,6.62,248.86,11.44,0.0,CA0,0,750.82,7.67,1464.21,14.99,0.01,CA0,2,1257.49,30.96,1164.85,43.86,0.14,CA0,0,20.881,0.002,19.63,0.001,19.028,0.001,18.762,17.795,17.335,0.03,0.03,0.03,-999.0,-999.0,-999.0,-999.0,-999.0,-999.0,-999.0,-999.0,SVA1_COADD-2971151039,8.947557,-43.446349,20.411034,19.440115,19.038115,18.757685,0.0018,0.0008,0.0007,0.0007,2971151039,2971151039,0098-00573                    ,8.9476,-43.4463,0.1725088,-9.999,4.0,PRIMUS              ,-                             ,-9,-9,4
EI1343  ,ATLAS3_J003547.6-432247C,00:35:47.68,-43:22:47.5,8.948662,-43.379866,0.38,0.58,0.016,1.04,1.478,0.268,0.021,0.268,0.021,0.268,0.021,0.278,0.022,0.278,0.022,0.278,0.022,-999.0,-999.0,P,-0.726,1.222,ELAIS-S1,EI1343*SWIRE3_J003547.55-432245.8*m1*C0  ,-----------------------------------------------------,1,1,1,EI1343  ,SWIRE3_J003547.55-432245.8,228718,SWIRE3_J003547.55-432245.8,8.94816,-43.37939,0.0133,0.0124,23,162.18,1.83,278.91,2.53,0.03,CA3,2,105.93,1.71,190.01,2.95,0.04,CA2,2,56.22,5.58,53.79,5.37,0.39,CA0,0,65.07,5.28,91.13,6.23,0.46,CA0,0,-999.0,-999.0,-999.0,-999.0,-999.0,---,-999,24.399,0.029,22.566,0.015,21.324,0.005,23.316,21.328,20.022,0.01,0.02,0.03,-999.0,-999.0,-999.0,-999.0,-999.0,-999.0,-999.0,-999.0,SVA1_COADD-2971158158,8.947983,-43.379386,23.514738,21.6853,20.644175,20.191355,0.0228,0.0049,0.0028,0.0024,2971158158,2971158158,S942                          ,8.948166666666667,-43.37939166666667,0.6363,-9.999,-2.0,ATLAS               ,-                             ,-9,-9,2
EI1345  ,ATLAS3_J003547.9-441705C,00:35:47.99,-44:17:05.2,8.949965,-44.284772,0.86,1.32,0.02,1.03,1.478,0.136,0.022,0.136,0.022,0.136,0.022,0.141,0.023,0.141,0.023,0.141,0.023,-999.0,-999.0,P,-999.0,-999.0,ELAIS-S1,EI1345*SWIRE3_J003548.15-441706.0*m1*C0  ,-----------------------------------------------------,1,1,1,EI1345  ,SWIRE3_J003548.15-441706.0,210176,SWIRE3_J003548.15-441706.0,8.95064,-44.28501,0.0103,0.0094,22,98.39,0.99,98.41,0.96,0.5,CA0,0,118.58,1.62,111.86,1.58,0.97,CA0,0,134.81,4.08,119.37,3.94,0.11,CA0,0,200.62,5.35,195.84,7.55,0.76,CA0,0,565.97,32.07,383.28,28.93,0.51,CA0,0,-999.0,-999.0,-999.0,-999.0,-999.0,-999.0,-999.0,-999.0,-999.0,-999.0,-999.0,-999.0,-999.0,-999.0,-999.0,-999.0,-999.0,-999.0,-999.0,-999.0,SVA1_COADD-2970668428,8.95051,-44.285026,21.145588,20.901089,20.922304,20.568895,0.0043,0.0039,0.0057,0.0055,2970668428,2970668428,SVA1_COADD-2970668428         ,8.9505,-44.2850277777778,0.97453,-9.999,4.0,DES_AAOmega         ,CLi 10 0.97393 4 {AGN} | JAB 1,3,7200,4
EI1348  ,ATLAS3_J003548.1-434608C,00:35:48.17,-43:46:08.9,8.950695,-43.769138,0.68,1.05,0.016,1.03,1.486,0.135,0.018,0.135,0.018,0.135,0.018,0.141,0.018,0.141,0.018,0.141,0.018,-999.0,-999.0,P,-999.0,-999.0,ELAIS-S1,EI1348*SWIRE3_J003548.20-434608.0*m1*C0  ,-----------------------------------------------------,1,1,1,EI1348  ,SWIRE3_J003548.20-434608.0,197573,SWIRE3_J003548.20-434608.0,8.95086,-43.76889,0.00889,0.0101,22,84.76,1.33,80.86,1.27,0.98,CA0,0,107.19,1.72,103.22,1.75,0.95,CA0,0,114.8,5.79,87.36,5.37,0.62,CA0,0,151.47,5.72,121.78,6.68,0.64,CA0,0,-99.0,-99.0,-99.0,-99.0,-9.0,---,-99,21.296,0.004,21.687,0.007,21.043,0.004,21.154,21.432,20.842,0.98,0.98,0.98,-999.0,-999.0,-999.0,-999.0,-999.0,-999.0,-999.0,-999.0,SVA1_COADD-2971113321,8.950772,-43.768887,20.684391,20.74762,20.528381,20.467514,0.0029,0.0034,0.0037,0.0047,2971113321,2971113321,S602                          ,8.950875000000002,-43.76889166666667,1.6896,-9.999,-2.0,ATLAS               ,-                             ,-9,-9,2
EI1357  ,ATLAS3_J003551.0-430506C,00:35:51.02,-43:05:06.1,8.962588,-43.085016,0.41,0.63,0.024,1.04,1.478,0.355,0.03,0.355,0.03,0.355,0.03,0.369,0.032,0.369,0.032,0.369,0.032,-999.0,-999.0,P,-1.004,0.805,ELAIS-S1,EI1357*SWIRE3_J003551.04-430506.1*m1*C0  ,-----------------------------------------------------,1,1,1,EI1357  ,SWIRE3_J003551.04-430506.1,109627,SWIRE3_J003551.04-430506.1,8.9627,-43.08504,0.004,0.00421,13,480.11,2.19,464.32,1.92,0.98,CA3,-1,737.45,3.03,693.18,2.56,0.98,CA3,-1,1310.08,8.04,1261.26,7.67,0.71,CA0,1,2007.54,7.54,1999.2,8.65,0.9,CA0,-1,4588.16,31.64,3694.62,36.51,0.91,CA0,-1,23.064,0.01,21.963,0.008,20.908,0.003,22.489,21.29,20.267,0.15,0.03,0.03,-999.0,-999.0,-999.0,-999.0,-999.0,-999.0,-999.0,-999.0,SVA1_COADD-2970466508,8.96256,-43.085038,22.60755,21.208965,20.67517,20.290121,0.0107,0.0034,0.0029,0.0026,2970466508,2970466508,S1168                         ,8.962708333333333,-43.08505,0.425,-9.999,-2.0,ATLAS               ,-                             ,-9,-9,2
EI1360  ,ATLAS3_J003552.1-435618C,00:35:52.16,-43:56:18.0,8.967331,-43.938336,0.91,1.41,0.017,1.04,1.484,0.104,0.018,0.104,0.018,0.104,0.018,0.109,0.019,0.109,0.019,0.109,0.019,-999.0,-999.0,P,-999.0,-999.0,ELAIS-S1,EI1360*SWIRE3_J003552.12-435618.6*m1*C0  ,-----------------------------------------------------,1,1,1,EI1360  ,SWIRE3_J003552.12-435618.6,201091,SWIRE3_J003552.12-435618.6,8.96718,-43.93852,0.00662,0.00742,22,231.9,2.21,324.58,2.33,0.03,CA0,2,167.58,2.14,229.71,2.46,0.03,CA0,2,202.54,6.64,179.22,6.19,0.01,CA0,0,1266.52,8.73,1478.38,11.77,0.05,CA0,2,1610.82,33.33,1357.63,41.18,0.7,CA0,0,20.485,0.002,19.687,0.002,19.115,0.001,19.215,18.336,17.837,0.03,0.03,0.03,-999.0,-999.0,-999.0,-999.0,-999.0,-999.0,-999.0,-999.0,SVA1_COADD-2970699270,8.967119,-43.938521,20.209145,19.58687,19.21971,19.025553,0.0021,0.0013,0.0012,0.0013,2970699270,2970699270,SVA1_COADD-2970699270         ,8.967125,-43.9385277777778,0.10675,-9.999,4.0,DES_AAOmega         ,//                            ,2,4800,4
EI1364  ,ATLAS3_J003553.1-435037C,00:35:53.11,-43:50:37.9,8.971295,-43.843851,0.72,1.12,0.015,1.03,1.486,0.124,0.017,0.124,0.017,0.124,0.017,0.129,0.018,0.129,0.018,0.129,0.018,-999.0,-999.0,P,-999.0,-999.0,ELAIS-S1,EI1364*SWIRE3_J003553.18-435038.5*m1*C0  ,-----------------------------------------------------,1,1,1,EI1364  ,SWIRE3_J003553.18-435038.5,198687,SWIRE3_J003553.18-435038.5,8.9716,-43.84405,0.00864,0.0131,22,87.92,1.4,123.45,1.65,0.03,CA0,2,99.33,1.78,136.48,2.16,0.03,CA0,0,77.51,5.59,99.36,7.16,0.6,CA0,0,261.42,6.14,401.76,11.72,0.01,CA0,0,1105.39,31.51,864.01,37.15,0.17,CA0,0,21.825,0.004,20.743,0.003,20.125,0.002,21.224,20.049,19.509,0.03,0.03,0.03,-999.0,-999.0,-999.0,-999.0,-999.0,-999.0,-999.0,-999.0,SVA1_COADD-2971105849,8.971719,-43.844212,21.232637,20.38585,20.136824,19.813053,0.0047,0.0027,0.0028,0.0028,2971105849,2971105849,S545                          ,8.971708333333334,-43.84413888888889,0.3496,-9.999,-2.0,ATLAS               ,-                             ,-9,-9,2
EI1373  ,ATLAS3_J003555.4-432428C,00:35:55.42,-43:24:28.6,8.98093,-43.407946,0.73,1.12,0.015,1.04,1.48,0.125,0.017,0.125,0.017,0.125,0.017,0.13,0.018,0.13,0.018,0.13,0.018,-999.0,-999.0,P,1.348,1.247,ELAIS-S1,EI1373*SWIRE3_J003555.44-432429.7*m1*C0  ,-----------------------------------------------------,1,1,1,EI1373  ,SWIRE3_J003555.44-432429.7,228425,SWIRE3_J003555.44-432429.7,8.98102,-43.40826,0.0108,0.00886,23,112.65,1.53,124.48,1.56,0.06,CA0,0,104.45,1.56,117.12,1.81,0.11,CA0,0,86.78,5.65,92.38,7.66,0.52,CA2,0,225.53,5.35,252.4,8.62,0.29,CA0,0,1009.9,31.72,962.72,40.36,0.22,CA0,0,22.99,0.01,22.03,0.008,21.137,0.004,22.562,21.658,20.753,0.37,0.34,0.08,-999.0,-999.0,-999.0,-999.0,-999.0,-999.0,-999.0,-999.0,SVA1_COADD-2971154091,8.98089,-43.408142,22.55019,21.417519,20.971823,20.549585,0.0098,0.0039,0.0037,0.0034,2971154091,2971154091,0099-00928                    ,8.981,-43.40828,0.49771962,-9.999,4.0,PRIMUS              ,-                             ,-9,-9,4
EI1380  ,ATLAS3_J003556.4-433111C,00:35:56.46,-43:31:11.3,8.985269,-43.519801,1.07,1.66,0.015,1.04,1.482,0.083,0.017,0.083,0.017,0.083,0.017,0.087,0.017,0.087,0.017,0.087,0.017,-999.0,-999.0,P,-999.0,-999.0,ELAIS-S1,EI1380*SWIRE3_J003556.51-433111.7*m1*C0  ,-----------------------------------------------------,1,1,1,EI1380  ,SWIRE3_J003556.51-433111.7,190802,SWIRE3_J003556.51-433111.7,8.98547,-43.51993,0.0129,0.0105,22,122.97,1.37,172.14,1.59,0.03,CA0,2,115.6,1.49,161.75,1.98,0.03,CA0,2,67.49,4.56,81.36,6.37,0.01,CA0,0,258.02,5.01,354.41,9.39,0.03,CA0,0,748.18,28.23,507.53,30.12,0.01,CA0,0,21.604,0.004,20.482,0.003,19.799,0.002,20.362,19.216,18.713,0.03,0.03,0.03,-999.0,-999.0,-999.0,-999.0,-999.0,-999.0,-999.0,-999.0,SVA1_COADD-2971142544,8.985353,-43.519935,21.070145,20.163342,19.76422,19.52934,0.0042,0.0023,0.002,0.0021,2971142544,2971142544,SVA1_COADD-2971142544         ,8.98533333333333,-43.5199444444444,0.28552,-9.999,4.0,DES_AAOmega         ,//                            ,3,5400,4
EI1394  ,ATLAS3_J003600.0-434701C,00:36:00.08,-43:47:01.5,9.000354,-43.783759,0.91,1.41,0.015,1.03,1.487,0.098,0.017,0.098,0.017,0.098,0.017,0.102,0.017,0.102,0.017,0.102,0.017,-999.0,-999.0,P,-999.0,-999.0,ELAIS-S1,EI1394*SWIRE3_J003600.16-434702.3*m1*C0  ,-----------------------------------------------------,1,1,1,EI1394  ,SWIRE3_J003600.16-434702.3,196553,SWIRE3_J003600.16-434702.3,9.00068,-43.784,0.0105,0.0102,22,117.53,1.42,136.93,1.46,0.03,CA0,2,118.52,1.49,132.15,1.69,0.07,CA0,0,84.82,5.24,88.9,6.75,0.46,CA0,0,246.81,4.99,274.88,6.54,0.15,CA0,0,799.4,25.84,567.81,25.55,0.54,CA0,0,22.488,0.007,21.285,0.005,20.483,0.002,21.506,20.225,19.55,0.01,0.02,0.03,-999.0,-999.0,-999.0,-999.0,-999.0,-999.0,-999.0,-999.0,SVA1_COADD-2971111836,9.00061,-43.784033,21.986935,20.845856,20.41933,20.046112,0.0082,0.0038,0.0034,0.0033,2971111836,2971111836,0097-00701                    ,9.00068,-43.78402,0.37332007,-9.999,4.0,PRIMUS              ,-                             ,-9,-9,4
EI1400  ,ATLAS3_J003600.7-433728C,00:36:00.75,-43:37:28.8,9.003121,-43.624658,0.16,0.25,0.016,1.04,1.484,4.315,0.221,4.315,0.221,4.315,0.221,4.462,0.23,4.462,0.23,4.462,0.23,-999.0,-999.0,P,-0.577,0.109,ELAIS-S1,EI1400*SWIRE3_J003600.76-433728.2*m1*C0  ,-----------------------------------------------------,1,1,1,EI1400  ,SWIRE3_J003600.76-433728.2,192834,SWIRE3_J003600.76-433728.2,9.00317,-43.62452,0.0118,0.0125,22,115.25,1.29,142.09,1.45,0.07,CA2,2,93.34,1.47,114.65,1.93,0.07,CA0,0,64.12,4.27,76.5,6.45,0.01,CA0,0,69.49,4.9,49.04,4.78,0.24,CA0,0,-999.0,-999.0,-999.0,-999.0,-999.0,---,-999,23.149,0.011,21.784,0.007,20.494,0.003,22.285,20.843,19.72,0.01,0.02,0.03,-999.0,-999.0,-999.0,-999.0,-999.0,-999.0,-999.0,-999.0,SVA1_COADD-2971129506,9.003014,-43.624521,22.569944,20.836205,20.278183,19.937162,0.0148,0.0038,0.003,0.003,2971129506,2971129506,S723                          ,9.003166666666667,-43.62453888888889,0.4216,-9.999,-2.0,ATLAS               ,-                             ,-9,-9,2
EI1404  ,ATLAS3_J003601.2-442103C,00:36:01.29,-44:21:03.7,9.005384,-44.351036,0.74,1.14,0.021,1.04,1.477,0.165,0.023,0.165,0.023,0.165,0.023,0.172,0.024,0.172,0.024,0.172,0.024,-999.0,-999.0,P,-999.0,-999.0,ELAIS-S1,EI1404*SWIRE3_J003601.32-442102.7*m1*C0  ,-----------------------------------------------------,1,1,1,EI1404  ,SWIRE3_J003601.32-442102.7,210138,SWIRE3_J003601.32-442102.7,9.00552,-44.35076,0.00828,0.00641,22,342.74,1.86,491.75,1.99,0.03,EK3,2,322.38,1.97,421.53,2.14,0.03,CA3,2,221.01,4.48,346.46,7.21,0.0,CA0,0,888.92,5.72,1274.91,8.88,0.02,CA0,2,1479.86,30.44,1550.42,46.29,0.23,CA0,0,-999.0,-999.0,-999.0,-999.0,-999.0,-999.0,-999.0,-999.0,-999.0,-999.0,-999.0,-999.0,-999.0,-999.0,-999.0,-999.0,-999.0,-999.0,-999.0,-999.0,SVA1_COADD-2970664086,9.005392,-44.350729,21.387114,20.11539,19.588478,19.195946,0.0053,0.002,0.0017,0.0016,2970664086,2970664086,S139                          ,9.005541666666666,-44.35076111111111,0.212,-9.999,-2.0,ATLAS               ,-                             ,-9,-9,2
EI1406  ,ATLAS3_J003601.6-441811C,00:36:01.68,-44:18:11.2,9.007008,-44.303124,0.99,1.52,0.021,1.04,1.478,0.121,0.022,0.121,0.022,0.121,0.022,0.126,0.023,0.126,0.023,0.126,0.023,-999.0,-999.0,P,-999.0,-999.0,ELAIS-S1,EI1406*SWIRE3_J003601.56-441812.4*m1*C0  ,-----------------------------------------------------,1,1,1,EI1406  ,SWIRE3_J003601.56-441812.4,208941,SWIRE3_J003601.56-441812.4,9.00654,-44.30347,0.01,0.00968,22,113.19,1.11,114.22,1.1,0.92,CA0,0,103.23,1.41,106.81,1.59,0.48,CA0,0,81.97,3.9,72.72,3.99,0.48,CA0,0,242.91,4.89,213.04,6.27,0.79,CA0,0,592.04,31.54,344.07,25.74,0.5,CA0,0,-999.0,-999.0,-999.0,-999.0,-999.0,-999.0,-999.0,-999.0,-999.0,-999.0,-999.0,-999.0,-999.0,-999.0,-999.0,-999.0,-999.0,-999.0,-999.0,-999.0,SVA1_COADD-2970666942,9.006442,-44.303468,23.468641,21.76318,21.20922,20.76581,0.0323,0.0083,0.0069,0.0064,2970666942,2970666942,SVA1_COADD-2970666942         ,9.00645833333333,-44.3034722222222,0.43443,-9.999,3.0,DES_AAOmega         ,//                            ,5,12000,2
EI1408  ,ATLAS3_J003602.5-432813C,00:36:02.53,-43:28:13.7,9.010529,-43.470482,0.68,1.05,0.015,1.04,1.482,0.133,0.017,0.133,0.017,0.133,0.017,0.138,0.018,0.138,0.018,0.138,0.018,-999.0,-999.0,P,-999.0,-999.0,ELAIS-S1,EI1408*SWIRE3_J003602.47-432814.3*m1*C0  ,-----------------------------------------------------,1,1,1,EI1408  ,SWIRE3_J003602.47-432814.3,229039,SWIRE3_J003602.47-432814.3,9.01031,-43.47064,0.00893,0.00824,23,227.45,1.84,292.12,1.94,0.04,CA2,2,203.01,1.89,248.79,2.13,0.05,CA0,2,127.47,4.78,162.2,7.47,0.11,CA0,0,413.22,5.37,458.2,8.3,0.05,CA0,0,1096.1,31.98,868.39,36.56,0.63,CA0,0,21.42,0.003,20.016,0.002,19.283,0.001,20.581,19.097,18.405,0.03,0.03,0.03,-999.0,-999.0,-999.0,-999.0,-999.0,-999.0,-999.0,-999.0,SVA1_COADD-2971148039,9.010132,-43.470682,20.81279,19.666246,19.20712,18.942743,0.0023,0.001,0.0008,0.0008,2971148039,2971148039,SVA1_COADD-2971148039         ,9.010125,-43.4706944444444,0.26592,-9.999,4.0,DES_AAOmega         ,//                            ,6,14400,4
EI1416  ,ATLAS3_J003604.1-435803C,00:36:04.10,-43:58:03.3,9.017078,-43.967576,0.6,0.93,0.017,1.04,1.486,0.166,0.019,0.166,0.019,0.166,0.019,0.173,0.02,0.173,0.02,0.173,0.02,-999.0,-999.0,P,-0.078,1.211,ELAIS-S1,EI1416*SWIRE3_J003604.09-435802.2*m1*C0  ,-----------------------------------------------------,1,1,1,EI1416  ,SWIRE3_J003604.09-435802.2,200306,SWIRE3_J003604.09-435802.2,9.01708,-43.9673,0.00684,0.00594,22,210.48,2.01,203.56,1.81,0.98,CA0,0,204.56,2.27,200.07,2.18,0.87,CA0,0,159.46,6.48,140.83,6.79,0.42,CA0,0,1024.86,8.13,1023.64,9.8,0.89,CA0,-1,1686.81,32.54,1417.39,38.36,0.85,CA2,0,-999.0,-999.0,-999.0,-999.0,-999.0,-999.0,-999.0,-999.0,-999.0,-999.0,-999.0,-999.0,-999.0,-999.0,-999.0,-999.0,-999.0,-999.0,-999.0,-999.0,SVA1_COADD-2970695931,9.016945,-43.967294,21.909554,20.607443,19.97954,19.570896,0.0079,0.0029,0.0023,0.0021,2970695931,2970695931,SWIRE4 J003604.09-435802.3    ,9.017041666666666,-43.96730555555555,0.2255,-9.999,-2.0,ATLAS               ,5                             ,-9,-9,2
EI1417  ,ATLAS3_J003604.5-432738C,00:36:04.52,-43:27:38.8,9.018824,-43.460767,0.94,1.44,0.016,1.04,1.482,0.097,0.017,0.097,0.017,0.097,0.017,0.101,0.018,0.101,0.018,0.101,0.018,-999.0,-999.0,P,-999.0,-999.0,ELAIS-S1,EI1417*SWIRE3_J003604.62-432738.2*m1*C0  ,-----------------------------------------------------,1,1,1,EI1417  ,SWIRE3_J003604.62-432738.2,228548,SWIRE3_J003604.62-432738.2,9.01927,-43.46063,0.00803,0.00824,23,218.21,2.1,266.95,2.13,0.04,CA2,2,187.65,1.83,221.96,2.02,0.03,CA0,2,128.82,5.99,138.16,7.97,0.0,CA0,0,375.18,5.33,419.08,6.94,0.01,CA0,0,805.69,31.91,719.47,39.89,0.08,CA0,0,21.313,0.003,19.972,0.002,19.271,0.001,20.405,19.004,18.391,0.03,0.03,0.03,-999.0,-999.0,-999.0,-999.0,-999.0,-999.0,-999.0,-999.0,SVA1_COADD-2971149251,9.019139,-43.460678,20.746492,19.656858,19.225866,18.978308,0.0022,0.001,0.0008,0.0008,2971149251,2971149251,S871                          ,9.019291666666666,-43.46062222222223,0.2666,-9.999,-2.0,ATLAS               ,-                             ,-9,-9,2
EI1422  ,ATLAS3_J003605.5-441011C,00:36:05.56,-44:10:11.8,9.023154,-44.16995,0.21,0.33,0.018,1.04,1.48,0.765,0.043,0.765,0.043,0.765,0.043,0.795,0.045,0.795,0.045,0.795,0.045,-999.0,-999.0,P,-0.3,0.304,ELAIS-S1,EI1422*SWIRE3_J003605.60-441010.8*m1*C0  ,-----------------------------------------------------,1,1,1,EI1422  ,SWIRE3_J003605.60-441010.8,204925,SWIRE3_J003605.60-441010.8,9.02337,-44.16967,0.0101,0.00936,22,152.06,1.43,161.97,1.43,0.89,CA1,-1,109.69,1.53,111.09,1.68,0.72,CA0,0,82.13,4.71,65.77,4.96,0.47,CA0,0,70.09,4.68,73.66,6.22,0.25,CA0,0,701.96,26.29,670.69,30.83,0.23,CA0,0,-999.0,-999.0,-999.0,-999.0,-999.0,-999.0,-999.0,-999.0,-999.0,-999.0,-999.0,-999.0,-999.0,-999.0,-999.0,-999.0,-999.0,-999.0,-999.0,-999.0,SVA1_COADD-2970678896,9.023304,-44.169738,24.680088,24.53917,22.518744,21.20816,99.0,0.1341,0.041,0.0146,2970678896,2970678896,SVA1_COADD-2970678896         ,9.02329166666667,-44.16975,0.84768,-9.999,3.0,DES_AAOmega         ,///                           ,3,7200,2
EI1425  ,ATLAS3_J003606.9-433529C,00:36:06.99,-43:35:29.5,9.029117,-43.591541,1.08,1.67,0.015,1.04,1.484,0.081,0.016,0.081,0.016,0.081,0.016,0.084,0.017,0.084,0.017,0.084,0.017,-999.0,-999.0,P,-999.0,-999.0,ELAIS-S1,EI1425*SWIRE3_J003607.02-433529.1*m1*C0  ,-----------------------------------------------------,1,1,1,EI1425  ,SWIRE3_J003607.02-433529.1,191246,SWIRE3_J003607.02-433529.1,9.02927,-43.59142,0.0094,0.00774,22,200.98,1.54,268.8,1.66,0.03,CA0,2,188.42,2.13,259.71,2.5,0.03,CA0,2,181.21,4.59,257.92,7.68,0.0,CA0,0,453.27,6.42,602.46,10.25,0.02,CA0,2,1358.18,29.94,849.74,29.66,0.71,CA0,0,21.947,0.004,20.514,0.003,19.724,0.001,20.659,19.302,18.643,0.02,0.03,0.03,-999.0,-999.0,-999.0,-999.0,-999.0,-999.0,-999.0,-999.0,SVA1_COADD-2971133708,9.029223,-43.591442,21.28959,20.097467,19.623089,19.32307,0.0049,0.0022,0.0018,0.0017,2971133708,2971133708,0096-00694                    ,9.02929,-43.59142,0.28193986,-9.999,4.0,PRIMUS              ,-                             ,-9,-9,4
EI1428  ,ATLAS3_J003608.1-441614C,00:36:08.12,-44:16:14.8,9.03383,-44.270788,0.77,1.19,0.021,1.04,1.478,0.156,0.023,0.156,0.023,0.156,0.023,0.163,0.024,0.163,0.024,0.163,0.024,-999.0,-999.0,P,-999.0,-999.0,ELAIS-S1,EI1428*SWIRE3_J003608.07-441614.9*m1*C0  ,-----------------------------------------------------,1,1,1,EI1428  ,SWIRE3_J003608.07-441614.9,207216,SWIRE3_J003608.07-441614.9,9.03363,-44.27081,0.00983,0.00994,22,105.27,1.19,96.8,1.11,0.97,CA0,0,71.39,1.22,62.76,1.19,0.93,CA0,0,89.92,5.0,86.67,5.57,0.62,CA0,0,89.41,4.49,60.73,4.05,0.55,CA0,0,1014.19,26.98,933.8,36.83,0.48,CA0,0,-999.0,-999.0,-999.0,-999.0,-999.0,-999.0,-999.0,-999.0,-999.0,-999.0,-999.0,-999.0,-999.0,-999.0,-999.0,-999.0,-999.0,-999.0,-999.0,-999.0,SVA1_COADD-2970669618,9.033547,-44.270789,23.448433,22.457613,21.735666,21.342466,0.0314,0.0153,0.011,0.0108,2970669618,2970669618,SVA1_COADD-2970669618         ,9.03354166666667,-44.2707777777778,0.7667,-9.999,4.0,DES_AAOmega         ,//                            ,3,7200,4
EI1429  ,ATLAS3_J003608.2-440232C,00:36:08.24,-44:02:32.7,9.034341,-44.04242,0.86,1.33,0.017,1.04,1.485,0.116,0.019,0.116,0.019,0.116,0.019,0.121,0.02,0.121,0.02,0.121,0.02,-999.0,-999.0,P,-999.0,-999.0,ELAIS-S1,EI1429*SWIRE3_J003608.19-440232.4*m1*C0  ,-----------------------------------------------------,1,1,1,EI1429  ,SWIRE3_J003608.19-440232.4,201559,SWIRE3_J003608.19-440232.4,9.03416,-44.04235,0.00691,0.0102,22,236.96,1.76,311.05,1.93,0.04,CA0,2,202.79,1.88,261.48,2.22,0.04,CA0,2,157.63,5.4,167.02,6.99,0.33,CA0,0,654.64,5.95,766.75,9.4,0.05,CA0,2,804.2,28.72,551.76,27.18,0.1,CA0,0,-999.0,-999.0,-999.0,-999.0,-999.0,-999.0,-999.0,-999.0,-999.0,-999.0,-999.0,-999.0,-999.0,-999.0,-999.0,-999.0,-999.0,-999.0,-999.0,-999.0,SVA1_COADD-2970689874,9.03401,-44.042316,21.488958,20.267832,19.741434,19.361055,0.0053,0.0022,0.0019,0.0018,2970689874,2970689874,SVA1_COADD-2970689874         ,9.034,-44.0423055555556,0.20608,-9.999,4.0,DES_AAOmega         ,//                            ,3,7200,4
EI1431  ,ATLAS3_J003608.4-434707C,00:36:08.44,-43:47:07.2,9.035178,-43.785346,1.05,1.61,0.016,1.03,1.487,0.086,0.017,0.086,0.017,0.086,0.017,0.09,0.018,0.09,0.018,0.09,0.018,-999.0,-999.0,P,-999.0,-999.0,ELAIS-S1,EI1431*SWIRE3_J003608.47-434707.1*m1*C0  ,-----------------------------------------------------,1,1,1,EI1431  ,SWIRE3_J003608.47-434707.1,195554,SWIRE3_J003608.47-434707.1,9.0353,-43.78531,0.0115,0.0104,22,78.19,1.28,71.76,1.2,0.98,CA0,0,62.22,1.44,57.88,1.42,0.9,CA0,0,72.8,5.79,76.84,6.96,0.48,CA0,0,122.37,5.6,83.01,6.09,0.62,CA0,0,762.15,31.13,694.61,38.89,0.03,CA0,0,25.575,0.066,22.384,0.013,21.132,0.004,25.4,22.193,21.024,0.64,0.97,0.98,-999.0,-999.0,-999.0,-999.0,-999.0,-999.0,-999.0,-999.0,SVA1_COADD-2971111234,9.035215,-43.785319,23.27423,21.257915,20.82581,20.61135,0.0248,0.0052,0.0047,0.0056,2971111234,2971111234,SVA1_COADD-2971111234         ,9.03520833333333,-43.7853055555556,4.33561,-9.999,4.0,DES_AAOmega         ,CLi 11 4.33561 4 {} | EMa 11 0,12,26400,4
EI1433  ,ATLAS3_J003609.3-443113C,00:36:09.34,-44:31:13.8,9.038899,-44.520513,0.87,1.34,0.031,1.05,1.457,0.209,0.034,0.209,0.034,0.209,0.034,0.215,0.035,0.215,0.035,0.215,0.035,-999.0,-999.0,P,-999.0,-999.0,ELAIS-S1,EI1433*SWIRE3_J003609.27-443114.2*m1*C0  ,-----------------------------------------------------,1,1,1,EI1433  ,SWIRE3_J003609.27-443114.2,173840,SWIRE3_J003609.27-443114.2,9.03863,-44.52063,0.00576,0.00612,21,358.49,2.23,425.91,2.2,0.08,CA3,2,296.32,2.68,323.33,2.61,0.07,CA0,2,296.49,6.64,284.8,6.83,0.01,CA0,0,1530.35,9.37,1760.18,11.95,0.03,CA0,2,2151.78,25.93,1972.09,37.32,0.77,CA2,0,-999.0,-999.0,-999.0,-999.0,-999.0,-999.0,-999.0,-999.0,-999.0,-999.0,-999.0,-999.0,-999.0,-999.0,-999.0,-999.0,-999.0,-999.0,-999.0,-999.0,SVA1_COADD-2970650155,9.038559,-44.520641,19.67968,18.926666,18.58394,18.373442,0.0015,0.0008,0.0007,0.0007,2970650155,2970650155,SVA1_COADD-2970650155         ,9.03854166666667,-44.5206388888889,0.14992,-9.999,4.0,DES_AAOmega         ,BrightGalaxy                  ,2,2400,4
EI1442  ,ATLAS3_J003610.5-442454C,00:36:10.59,-44:24:54.1,9.044117,-44.415015,0.26,0.4,0.023,1.04,1.472,0.663,0.041,0.663,0.041,0.663,0.041,0.687,0.043,0.687,0.043,0.687,0.043,-999.0,-999.0,P,-0.545,0.443,ELAIS-S1,EI1442*SWIRE3_J003610.60-442454.4*m1*C0  ,-----------------------------------------------------,1,1,1,EI1442  ,SWIRE3_J003610.60-442454.4,210525,SWIRE3_J003610.60-442454.4,9.04418,-44.41512,0.00745,0.0054,22,373.14,2.45,450.4,2.42,0.17,EK2,1,302.21,2.71,348.75,2.83,0.16,CA0,1,204.3,5.88,231.01,8.23,0.1,CA0,0,1036.97,8.14,1023.78,9.85,0.86,CA0,-1,1570.0,31.6,1276.15,38.2,0.91,CA0,0,-999.0,-999.0,-999.0,-999.0,-999.0,-999.0,-999.0,-999.0,-999.0,-999.0,-999.0,-999.0,-999.0,-999.0,-999.0,-999.0,-999.0,-999.0,-999.0,-999.0,SVA1_COADD-2970658082,9.044014,-44.415109,20.15681,19.186695,18.746168,18.47067,0.002,0.001,0.0008,0.0008,2970658082,2970658082,S93                           ,9.044166666666666,-44.41511944444444,0.1774,-9.999,-2.0,ATLAS               ,-                             ,-9,-9,2
EI1443  ,ATLAS3_J003610.7-435136C,00:36:10.76,-43:51:36.9,9.04484,-43.860252,0.74,1.15,0.016,1.03,1.487,0.127,0.018,0.127,0.018,0.127,0.018,0.133,0.019,0.133,0.019,0.133,0.019,-999.0,-999.0,P,-999.0,-999.0,ELAIS-S1,EI1443*SWIRE3_J003610.70-435136.8*m1*C0  ,-----------------------------------------------------,1,1,1,EI1443  ,SWIRE3_J003610.70-435136.8,197068,SWIRE3_J003610.70-435136.8,9.04462,-43.86024,0.00734,0.00698,22,174.67,1.84,170.74,1.71,0.94,CA0,-1,140.75,1.93,134.47,1.97,0.89,CA0,0,127.3,5.95,102.43,6.95,0.45,CA0,0,1058.26,8.14,978.7,10.5,0.9,CA0,-1,4460.65,30.76,4150.24,47.28,0.77,CA0,1,21.064,0.002,20.088,0.002,19.438,0.001,20.7,19.633,19.055,0.21,0.05,0.52,-999.0,-999.0,-999.0,-999.0,-999.0,-999.0,-999.0,-999.0,SVA1_COADD-2970711329,9.044549,-43.860231,20.50519,19.710777,19.272001,19.066887,0.0025,0.0014,0.0013,0.0014,2970711329,2970711329,S529                          ,9.044624999999998,-43.86024166666667,0.1463,-9.999,-2.0,ATLAS               ,-                             ,-9,-9,2
EI1446  ,ATLAS3_J003611.7-431203C,00:36:11.75,-43:12:03.4,9.048963,-43.200941,0.85,1.31,0.022,1.04,1.482,0.153,0.024,0.153,0.024,0.153,0.024,0.159,0.025,0.159,0.025,0.159,0.025,-999.0,-999.0,P,-999.0,-999.0,ELAIS-S1,EI1446*SWIRE3_J003611.71-431205.3*m1*C0  ,-----------------------------------------------------,1,1,1,EI1446  ,SWIRE3_J003611.71-431205.3,109874,SWIRE3_J003611.71-431205.3,9.0488,-43.20148,0.0116,0.00983,13,91.33,1.23,97.75,1.34,0.73,CA2,0,89.85,1.32,89.82,1.55,0.82,CA2,0,69.53,4.89,67.8,5.7,0.11,CA0,0,268.69,4.99,270.12,7.29,0.94,CA0,0,804.99,33.06,901.83,44.38,0.05,CA0,0,22.74,0.007,21.259,0.005,20.543,0.002,22.34,20.887,20.191,0.05,0.07,0.28,-999.0,-999.0,-999.0,-999.0,-999.0,-999.0,-999.0,-999.0,SVA1_COADD-2970847843,9.048753,-43.201457,21.946678,20.781277,20.274296,19.982687,0.0058,0.0021,0.002,0.002,2970847843,2970847843,SVA1_COADD-2970847843         ,9.04875,-43.2014444444444,0.25889,-9.999,4.0,DES_AAOmega         ,//                            ,6,14400,4
EI1448  ,ATLAS3_J003612.3-440517C,00:36:12.32,-44:05:17.0,9.051323,-44.088049,0.69,1.07,0.018,1.04,1.485,0.149,0.02,0.149,0.02,0.149,0.02,0.155,0.021,0.155,0.021,0.155,0.021,-999.0,-999.0,P,-999.0,-999.0,ELAIS-S1,EI1448*SWIRE3_J003612.22-440516.8*m1*C0  ,-----------------------------------------------------,1,1,1,EI1448  ,SWIRE3_J003612.22-440516.8,202205,SWIRE3_J003612.22-440516.8,9.05092,-44.08802,0.00612,0.00803,22,295.66,2.46,496.59,2.87,0.03,EK3,2,250.87,2.57,416.85,3.23,0.03,CA0,2,184.03,6.74,315.52,12.45,0.0,CA0,0,843.57,8.09,1397.41,12.9,0.02,CA0,2,1441.68,31.83,1271.65,42.33,0.11,CA0,0,-999.0,-999.0,-999.0,-999.0,-999.0,-999.0,-999.0,-999.0,-999.0,-999.0,-999.0,-999.0,-999.0,-999.0,-999.0,-999.0,-999.0,-999.0,-999.0,-999.0,SVA1_COADD-2970686162,9.050816,-44.088017,21.086472,19.932365,19.42509,19.071049,0.004,0.0017,0.0015,0.0014,2970686162,2970686162,S359                          ,9.050916666666668,-44.08803888888889,0.2056,-9.999,-2.0,ATLAS               ,-                             ,-9,-9,2
EI1452  ,ATLAS3_J003613.8-431606C,00:36:13.82,-43:16:06.3,9.057604,-43.268425,0.47,0.72,0.019,1.04,1.481,0.241,0.023,0.523,0.032,0.523,0.032,0.25,0.024,0.545,0.033,0.545,0.033,10.4,1.1,E,-0.739,1.008,ELAIS-S1,EI1452*SWIRE3_J003613.81-431617.5*m1*C0  ,-----------------------------------------------------,4,1,1,EI1452  ,SWIRE3_J003613.81-431617.5,111491,SWIRE3_J003613.81-431617.5,9.05756,-43.27155,0.00875,0.00965,13,192.19,1.65,241.06,1.82,0.19,CA3,1,162.15,1.82,198.03,2.27,0.62,CA3,1,167.02,5.07,167.26,6.77,0.22,CA0,0,304.37,5.7,330.89,8.81,0.81,CA0,0,1891.94,33.41,1888.31,46.26,0.92,CA0,0,22.738,0.007,21.405,0.005,20.333,0.002,21.765,20.376,19.271,0.02,0.03,0.03,-999.0,-999.0,-999.0,-999.0,-999.0,-999.0,-999.0,-999.0,SVA1_COADD-2970832604,9.057412,-43.271567,22.205442,20.623545,20.1596,19.794401,0.0073,0.0019,0.0019,0.0018,2970832604,2970832604,S1031                         ,9.057541666666667,-43.27155,0.4594,-9.999,-2.0,ATLAS               ,-                             ,-9,-9,2
EI1454  ,ATLAS3_J003613.9-440708C,00:36:13.98,-44:07:08.9,9.058239,-44.119126,0.59,0.92,0.018,1.04,1.483,0.179,0.021,0.179,0.021,0.179,0.021,0.187,0.022,0.187,0.022,0.187,0.022,-999.0,-999.0,P,-999.0,-999.0,ELAIS-S1,EI1454*SWIRE3_J003613.96-440709.0*m1*C0  ,-----------------------------------------------------,1,1,1,EI1454  ,SWIRE3_J003613.96-440709.0,202757,SWIRE3_J003613.96-440709.0,9.05817,-44.11919,0.005,0.0059,22,422.94,2.87,571.83,2.97,0.02,EK2,2,299.05,2.6,416.8,3.02,0.03,CA0,2,314.91,7.44,361.46,9.48,0.01,CA0,0,1969.94,9.64,2452.11,12.45,0.03,CA0,2,2017.67,30.76,1990.42,43.74,0.79,CA2,0,-999.0,-999.0,-999.0,-999.0,-999.0,-999.0,-999.0,-999.0,-999.0,-999.0,-999.0,-999.0,-999.0,-999.0,-999.0,-999.0,-999.0,-999.0,-999.0,-999.0,SVA1_COADD-2970683129,9.058148,-44.119168,20.148142,19.241636,18.794312,18.477028,0.002,0.001,0.0009,0.0009,2970683129,2970683129,S337                          ,9.058208333333331,-44.11917777777778,0.1062,-9.999,-2.0,ATLAS               ,-                             ,-9,-9,2
EI1458  ,ATLAS3_J003614.8-435635C,00:36:14.86,-43:56:35.1,9.061916,-43.943076,0.9,1.39,0.017,1.03,1.488,0.11,0.019,0.11,0.019,0.11,0.019,0.115,0.019,0.115,0.019,0.115,0.019,-999.0,-999.0,P,-999.0,-999.0,ELAIS-S1,EI1458*SWIRE3_J003614.83-435634.2*m1*C0  ,-----------------------------------------------------,1,1,1,EI1458  ,SWIRE3_J003614.83-435634.2,198409,SWIRE3_J003614.83-435634.2,9.06181,-43.94286,0.0105,0.00965,22,90.05,1.54,90.84,1.44,0.95,CA0,0,101.32,1.51,102.54,1.65,0.8,CA0,0,85.35,5.74,66.01,5.81,0.4,CA0,0,479.54,6.04,487.57,8.47,0.74,CA0,0,853.28,33.43,448.36,24.89,0.6,CA0,0,21.545,0.003,20.633,0.003,20.029,0.002,21.244,20.272,19.754,0.36,0.12,0.97,-999.0,-999.0,-999.0,-999.0,-999.0,-999.0,-999.0,-999.0,SVA1_COADD-2970698734,9.061698,-43.942909,21.062063,20.306461,19.893892,19.715157,0.0039,0.0022,0.0021,0.0024,2970698734,2970698734,SVA1_COADD-2970698734         ,9.06170833333333,-43.9429166666667,0.22601,-9.999,4.0,DES_AAOmega         ,//                            ,3,7200,4
EI1460  ,ATLAS3_J003615.5-432650C,00:36:15.54,-43:26:50.0,9.064732,-43.447235,0.57,0.88,0.017,1.03,1.483,0.171,0.019,0.171,0.019,0.171,0.019,0.178,0.02,0.178,0.02,0.178,0.02,-999.0,-999.0,P,-999.0,-999.0,ELAIS-S1,EI1460*SWIRE3_J003615.56-432648.0*m1*C0  ,-----------------------------------------------------,1,1,1,EI1460  ,SWIRE3_J003615.56-432648.0,226815,SWIRE3_J003615.56-432648.0,9.06486,-43.44668,0.0118,0.00979,23,113.88,1.6,143.8,1.76,0.03,CA0,2,103.11,1.41,132.28,1.87,0.03,CA0,0,58.28,4.56,76.74,5.83,0.07,CA0,0,141.43,4.67,172.9,7.96,0.01,CA0,0,738.17,27.45,784.75,37.99,0.39,CA0,0,22.155,0.005,20.892,0.003,20.127,0.002,21.227,20.022,19.287,0.03,0.03,0.03,-999.0,-999.0,-999.0,-999.0,-999.0,-999.0,-999.0,-999.0,SVA1_COADD-2970779868,9.064712,-43.446778,21.653082,20.487185,20.083742,19.7504,0.0044,0.0017,0.0017,0.0016,2970779868,2970779868,S883                          ,9.064833333333333,-43.446688888888886,0.3517,-9.999,-2.0,ATLAS               ,-                             ,-9,-9,2
EI1461  ,ATLAS3_J003615.6-435227C,00:36:15.60,-43:52:27.2,9.065006,-43.874218,0.99,1.52,0.017,1.03,1.487,0.099,0.018,0.099,0.018,0.099,0.018,0.104,0.019,0.104,0.019,0.104,0.019,-999.0,-999.0,P,-999.0,-999.0,ELAIS-S1,EI1461*SWIRE3_J003615.62-435224.7*m1*C0  ,-----------------------------------------------------,1,1,1,EI1461  ,SWIRE3_J003615.62-435224.7,196807,SWIRE3_J003615.62-435224.7,9.0651,-43.87353,0.00842,0.00706,22,188.71,1.76,201.21,1.71,0.11,CA3,1,173.14,2.11,177.47,2.1,0.23,CA3,0,137.66,4.95,136.5,5.86,0.01,CA0,0,297.13,6.22,359.95,10.28,0.02,CA0,0,847.7,24.89,626.39,26.84,0.32,CA0,0,23.31,0.012,21.801,0.007,20.678,0.003,22.369,20.901,19.913,0.01,0.02,0.03,-999.0,-999.0,-999.0,-999.0,-999.0,-999.0,-999.0,-999.0,SVA1_COADD-2970710069,9.06503,-43.873538,22.60989,21.023563,20.388317,19.903442,0.0143,0.0042,0.0032,0.0029,2970710069,2970710069,0096-00667                    ,9.06511,-43.87353,0.396103,-9.999,4.0,PRIMUS              ,-                             ,-9,-9,4
EI1462  ,ATLAS3_J003616.0-434432C,00:36:16.06,-43:44:32.0,9.066909,-43.742232,0.42,0.65,0.016,1.04,1.487,0.229,0.02,0.229,0.02,0.229,0.02,0.239,0.021,0.239,0.021,0.239,0.021,-999.0,-999.0,P,-0.43,0.792,ELAIS-S1,EI1462*SWIRE3_J003616.02-434431.7*m1*C0  ,-----------------------------------------------------,2,1,1,EI1462  ,SWIRE3_J003616.02-434431.7,193716,SWIRE3_J003616.02-434431.7,9.06676,-43.74216,0.00752,0.009,22,184.08,1.55,195.81,1.53,0.39,CA2,1,149.75,1.79,157.72,1.94,0.2,CA2,0,164.16,5.15,256.95,10.22,0.09,CA0,0,235.4,5.36,289.07,8.68,0.56,CA0,0,1366.31,33.3,1024.61,34.43,0.46,CA0,0,23.625,0.018,22.48,0.013,21.223,0.005,22.849,21.692,20.539,0.0,0.01,0.03,-999.0,-999.0,-999.0,-999.0,-999.0,-999.0,-999.0,-999.0,SVA1_COADD-2970721764,9.06669,-43.742161,23.152838,21.482763,20.884525,20.427387,0.0434,0.0137,0.0096,0.0086,2970721764,2970721764,S622                          ,9.066791666666663,-43.74218055555556,0.5334,-9.999,-2.0,ATLAS               ,-                             ,-9,-9,2
EI1468  ,ATLAS3_J003616.6-425929C,00:36:16.63,-42:59:29.7,9.069311,-42.991574,0.92,1.43,0.027,1.05,1.466,0.171,0.03,0.171,0.03,0.171,0.03,0.176,0.031,0.176,0.031,0.176,0.031,-999.0,-999.0,P,-999.0,-999.0,ELAIS-S1,EI1468*SWIRE3_J003616.71-425928.7*m1*C0  ,-----------------------------------------------------,1,1,1,EI1468  ,SWIRE3_J003616.71-425928.7,103696,SWIRE3_J003616.71-425928.7,9.06966,-42.99131,0.0123,0.0126,13,84.3,0.9,83.88,0.91,0.74,CA0,0,62.96,1.26,60.89,1.42,0.96,CA0,0,64.94,3.7,65.96,4.72,0.54,CA0,0,54.16,4.59,31.73,4.29,0.4,CA0,0,530.36,27.26,483.87,30.15,0.48,CA0,0,24.696,0.044,23.693,0.037,22.673,0.014,24.447,23.483,22.4,0.67,0.68,0.35,-999.0,-999.0,-999.0,-999.0,-999.0,-999.0,-999.0,-999.0,SVA1_COADD-2970474641,9.06949,-42.991332,24.226799,23.07859,21.955454,21.51609,0.0617,0.0236,0.0122,0.0104,2970474641,2970474641,SVA1_COADD-2970474641         ,9.0695,-42.9913333333333,0.85079,-9.999,3.0,DES_AAOmega         ,acr 7 0.86870 3 {} | CLi 6 0.8,30,72000,2
EI1470  ,ATLAS3_J003616.7-430934C,00:36:16.72,-43:09:34.7,9.069666,-43.159647,0.16,0.25,0.024,1.04,1.482,159.556,8.136,159.556,8.136,159.556,8.136,167.322,8.585,167.322,8.585,167.322,8.585,-999.0,-999.0,P,-0.835,0.1,ELAIS-S1,EI1470*SWIRE3_J003616.71-430934.7*m1*C0  ,-----------------------------------------------------,1,1,1,EI1470  ,SWIRE3_J003616.71-430934.7,108003,SWIRE3_J003616.71-430934.7,9.06963,-43.15964,0.00914,0.00936,13,103.67,1.45,103.09,1.45,0.81,CA0,0,122.97,1.8,121.88,1.78,0.88,CA0,0,115.82,5.84,96.66,7.01,0.09,CA0,0,154.53,5.61,152.54,7.4,0.61,CA0,0,877.43,24.96,520.86,20.78,0.64,CA0,0,22.621,0.008,22.253,0.01,21.872,0.007,22.33,21.926,21.552,0.9,0.87,0.92,-999.0,-999.0,-999.0,-999.0,-999.0,-999.0,-999.0,-999.0,SVA1_COADD-2970458628,9.069534,-43.159615,22.452772,22.130865,21.736225,21.22045,0.0141,0.0116,0.0109,0.0088,2970458628,2970458628,SVA1_COADD-2970458628         ,9.06954166666667,-43.1596111111111,1.57821,-9.999,4.0,DES_AAOmega         ,CLi 8 1.57821 4 {AGN} | EMa 11,24,57600,4
EI1476  ,ATLAS3_J003617.9-432403C,00:36:17.94,-43:24:03.9,9.074737,-43.40109,0.99,1.53,0.016,1.03,1.482,0.095,0.018,0.095,0.018,0.095,0.018,0.099,0.018,0.099,0.018,0.099,0.018,-999.0,-999.0,P,-999.0,-999.0,ELAIS-S1,EI1476*SWIRE3_J003617.94-432402.8*m1*C0  ,-----------------------------------------------------,1,1,1,EI1476  ,SWIRE3_J003617.94-432402.8,114335,SWIRE3_J003617.94-432402.8,9.07478,-43.40078,0.0104,0.0107,13,113.47,1.15,116.81,1.11,0.65,CA3,0,97.58,1.37,98.46,1.39,0.08,CA3,0,73.24,4.53,81.41,5.93,0.07,CA0,0,144.35,4.63,149.28,6.8,0.22,CA0,0,841.18,26.38,672.58,28.52,0.38,CA0,0,22.604,0.007,21.608,0.006,20.669,0.003,21.893,20.933,20.009,0.02,0.02,0.03,-999.0,-999.0,-999.0,-999.0,-999.0,-999.0,-999.0,-999.0,SVA1_COADD-2970795224,9.074636,-43.400786,22.249418,21.002777,20.53253,20.169235,0.0074,0.0026,0.0025,0.0024,2970795224,2970795224,SVA1_COADD-2970795224         ,9.074625,-43.4007777777778,0.4721,-9.999,4.0,DES_AAOmega         ,                              ,10,21000,4
EI1478  ,ATLAS3_J003618.1-440851C,00:36:18.19,-44:08:51.5,9.075783,-44.147642,0.26,0.4,0.019,1.04,1.483,0.55,0.034,0.55,0.034,0.55,0.034,0.573,0.036,0.573,0.036,0.573,0.036,-999.0,-999.0,P,-0.608,0.428,ELAIS-S1,EI1478*SWIRE3_J003618.18-440851.7*m1*C0  ,-----------------------------------------------------,1,1,1,EI1478  ,SWIRE3_J003618.18-440851.7,202924,SWIRE3_J003618.18-440851.7,9.07579,-44.14771,0.0146,0.0122,22,118.04,1.29,165.17,1.67,0.03,CA2,2,82.32,1.45,109.79,2.17,0.03,CA2,0,55.37,4.85,49.1,5.08,0.06,CA2,0,50.14,4.41,55.0,4.61,0.38,CA0,0,-999.0,-999.0,-999.0,-999.0,-999.0,---,-999,-999.0,-999.0,-999.0,-999.0,-999.0,-999.0,-999.0,-999.0,-999.0,-999.0,-999.0,-999.0,-999.0,-999.0,-999.0,-999.0,-999.0,-999.0,-999.0,-999.0,SVA1_COADD-2970679886,9.075733,-44.147702,25.11083,22.960249,21.735497,20.96552,0.136,0.0238,0.011,0.0077,2970679886,2970679886,SVA1_COADD-2970679886         ,9.07575,-44.1476944444444,0.87326,-9.999,3.0,DES_AAOmega         ,//                            ,3,7200,2
EI1481  ,ATLAS3_J003618.8-432118C,00:36:18.85,-43:21:18.7,9.078521,-43.355181,0.21,0.33,0.017,1.03,1.482,0.696,0.039,0.696,0.039,0.696,0.039,0.725,0.041,0.725,0.041,0.725,0.041,-999.0,-999.0,P,-0.825,0.296,ELAIS-S1,EI1481*SWIRE3_J003618.88-432117.8*m1*C0  ,-----------------------------------------------------,1,1,1,EI1481  ,SWIRE3_J003618.88-432117.8,113068,SWIRE3_J003618.88-432117.8,9.07869,-43.35497,0.011,0.0114,13,153.9,1.44,200.93,1.63,0.03,CA3,2,113.64,1.61,160.77,2.33,0.02,CA3,2,78.9,4.59,114.83,7.62,0.0,CA0,0,63.31,4.85,103.72,7.84,0.05,CA0,0,-999.0,-999.0,-999.0,-999.0,-999.0,---,-999,23.262,0.011,21.853,0.007,20.56,0.002,22.516,21.119,20.231,0.13,0.08,0.29,-999.0,-999.0,-999.0,-999.0,-999.0,-999.0,-999.0,-999.0,SVA1_COADD-2970808260,9.078594,-43.35501,22.569988,20.843271,20.178999,19.813993,0.0097,0.0024,0.0018,0.0017,2970808260,2970808260,S958                          ,9.078666666666669,-43.35498055555556,0.4579,-9.999,-2.0,ATLAS               ,-                             ,-9,-9,2
EI1484  ,ATLAS3_J003619.8-435725C,00:36:19.88,-43:57:25.5,9.082849,-43.957091,0.79,1.22,0.017,1.03,1.488,0.125,0.019,0.125,0.019,0.125,0.019,0.131,0.02,0.131,0.02,0.131,0.02,-999.0,-999.0,P,-999.0,-999.0,ELAIS-S1,EI1484*SWIRE3_J003619.93-435726.3*m1*C0  ,-----------------------------------------------------,1,1,1,EI1484  ,SWIRE3_J003619.93-435726.3,198129,SWIRE3_J003619.93-435726.3,9.08308,-43.95732,0.0122,0.0132,22,85.1,0.95,87.68,0.95,0.08,CA0,0,59.83,1.17,58.76,1.3,0.02,CA0,0,52.5,3.97,61.43,5.37,0.04,CA0,0,41.58,4.37,22.27,3.09,0.35,CA0,0,-99.0,-99.0,-99.0,-99.0,-9.0,---,-99,-99.0,-99.0,23.711,0.038,22.49,0.014,-99.0,23.169,21.869,99.99,0.1,0.02,-999.0,-999.0,-999.0,-999.0,-999.0,-999.0,-999.0,-999.0,SVA1_COADD-2970696803,9.083027,-43.957401,24.447664,22.963219,21.928574,21.50546,0.074,0.0234,0.0128,0.0124,2970696803,2970696803,SVA1_COADD-2970696803         ,9.08304166666667,-43.9573888888889,0.77365,-9.999,3.0,DES_AAOmega         ,AMo 8 0.77365 2 {} | CLi 8 0.7,6,14400,2
EI1488  ,ATLAS3_J003620.2-440314C,00:36:20.29,-44:03:14.4,9.084522,-44.054,0.84,1.3,0.018,1.03,1.487,0.122,0.019,0.122,0.019,0.122,0.019,0.128,0.02,0.128,0.02,0.128,0.02,-999.0,-999.0,P,-999.0,-999.0,ELAIS-S1,EI1488*SWIRE3_J003620.33-440314.5*m1*C0  ,-----------------------------------------------------,1,1,1,EI1488  ,SWIRE3_J003620.33-440314.5,200384,SWIRE3_J003620.33-440314.5,9.08471,-44.05405,0.00886,0.00842,22,160.16,1.61,240.85,1.97,0.03,CA2,2,149.33,1.64,201.99,1.98,0.03,CA2,2,148.4,6.11,138.15,7.74,0.1,CA0,0,911.35,6.43,1056.06,9.13,0.07,CA0,2,1825.87,31.86,1336.22,36.94,0.6,CA0,0,-999.0,-999.0,-999.0,-999.0,-999.0,-999.0,-999.0,-999.0,-999.0,-999.0,-999.0,-999.0,-999.0,-999.0,-999.0,-999.0,-999.0,-999.0,-999.0,-999.0,SVA1_COADD-2970689069,9.084605,-44.053972,21.870134,20.721718,20.155735,19.81143,0.0074,0.0032,0.0027,0.0027,2970689069,2970689069,SVA1_COADD-2970689069         ,9.084625,-44.0539722222222,0.20606,-9.999,4.0,DES_AAOmega         ,//                            ,3,7200,4
EI1490  ,ATLAS3_J003621.1-432621C,00:36:21.17,-43:26:21.0,9.088204,-43.439171,0.52,0.79,0.017,1.03,1.483,0.196,0.02,0.196,0.02,0.196,0.02,0.204,0.021,0.204,0.021,0.204,0.021,-999.0,-999.0,P,0.135,0.922,ELAIS-S1,EI1490*SWIRE3_J003621.20-432621.7*m1*C0  ,-----------------------------------------------------,1,1,1,EI1490  ,SWIRE3_J003621.20-432621.7,114881,SWIRE3_J003621.20-432621.7,9.08837,-43.43938,0.0126,0.0103,13,101.18,1.24,121.31,1.47,0.06,CA3,2,89.58,1.25,109.7,1.68,0.13,CA3,0,68.04,4.49,49.38,4.35,0.49,CA0,0,168.76,4.43,159.87,6.34,0.31,CA0,0,1285.09,27.5,1114.54,38.52,0.44,CA0,0,23.349,0.013,22.121,0.009,21.103,0.004,22.263,21.233,20.12,0.01,0.02,0.03,-999.0,-999.0,-999.0,-999.0,-999.0,-999.0,-999.0,-999.0,SVA1_COADD-2970783739,9.088261,-43.439399,22.913948,21.484028,20.87628,20.470238,0.0131,0.004,0.0033,0.0031,2970783739,2970783739,S894                          ,9.088375,-43.43938055555555,0.4739,-9.999,-2.0,ATLAS               ,-                             ,-9,-9,2
EI1496  ,ATLAS3_J003622.3-431331C,00:36:22.35,-43:13:31.1,9.093124,-43.225302,0.93,1.43,0.02,1.04,1.482,0.126,0.022,0.126,0.022,0.126,0.022,0.131,0.023,0.131,0.023,0.131,0.023,-999.0,-999.0,P,-999.0,-999.0,ELAIS-S1,EI1496*SWIRE3_J003622.41-431329.3*m1*C0  ,-----------------------------------------------------,1,1,1,EI1496  ,SWIRE3_J003622.41-431329.3,108977,SWIRE3_J003622.41-431329.3,9.09338,-43.22483,0.0107,0.00893,13,179.88,1.56,251.23,1.74,0.03,CA3,2,164.36,1.71,232.49,2.15,0.03,CA2,2,107.47,4.72,163.1,8.07,0.0,CA0,0,373.42,5.22,533.83,9.61,0.01,CA0,2,846.3,32.16,672.32,36.53,0.13,CA0,0,21.683,0.003,20.391,0.002,19.753,0.001,20.081,18.919,18.383,0.03,0.03,0.03,-999.0,-999.0,-999.0,-999.0,-999.0,-999.0,-999.0,-999.0,SVA1_COADD-2970845668,9.093268,-43.224846,21.14937,20.116459,19.675436,19.402447,0.0032,0.0013,0.0012,0.0013,2970845668,2970845668,SVA1_COADD-2970845668         ,9.09325,-43.2248333333333,0.27368,-9.999,4.0,DES_AAOmega         ,//                            ,9,21600,4
EI1497  ,ATLAS3_J003622.6-432825C,00:36:22.66,-43:28:25.8,9.094403,-43.473834,0.58,0.89,0.016,1.03,1.483,0.166,0.019,0.166,0.019,0.166,0.019,0.173,0.02,0.173,0.02,0.173,0.02,-999.0,-999.0,P,-999.0,-999.0,ELAIS-S1,EI1497*SWIRE3_J003622.75-432826.6*m1*C0  ,-----------------------------------------------------,1,1,1,EI1497  ,SWIRE3_J003622.75-432826.6,186602,SWIRE3_J003622.75-432826.6,9.0948,-43.47406,0.00799,0.00799,22,157.51,1.78,177.56,1.81,0.84,CA2,-1,162.6,1.67,168.84,1.79,0.91,CA0,0,284.95,6.42,276.9,7.32,0.54,CA0,0,675.44,5.89,622.47,6.85,0.89,CA0,-1,2785.08,33.69,2488.78,44.39,0.96,CA0,0,25.048,0.055,23.664,0.036,22.453,0.012,24.639,22.833,21.613,0.44,0.29,0.14,-999.0,-999.0,-999.0,-999.0,-999.0,-999.0,-999.0,-999.0,SVA1_COADD-2970773548,9.094731,-43.474038,24.513292,22.88218,21.786573,21.034353,0.0602,0.0152,0.008,0.0053,2970773548,2970773548,SVA1_COADD-2970773548         ,9.09475,-43.4740277777778,1.0793,-9.999,3.0,DES_AAOmega         ,                              ,3,7200,2
EI1499  ,ATLAS3_J003623.3-441644C,00:36:23.36,-44:16:44.0,9.097315,-44.278887,0.76,1.16,0.022,1.04,1.478,0.17,0.024,0.17,0.024,0.17,0.024,0.176,0.025,0.176,0.025,0.176,0.025,-999.0,-999.0,P,-999.0,-999.0,ELAIS-S1,EI1499*SWIRE3_J003623.54-441644.5*m1*C0  ,-----------------------------------------------------,2,1,1,EI1499  ,SWIRE3_J003623.54-441644.5,205370,SWIRE3_J003623.54-441644.5,9.0981,-44.27903,0.0168,0.0133,22,60.44,0.91,82.73,1.25,0.07,CA3,2,47.69,1.01,50.45,1.28,0.13,CA3,0,62.27,4.47,58.4,5.15,0.08,CA0,0,62.66,4.18,111.54,7.48,0.4,CA0,0,888.03,25.42,685.22,29.9,0.09,CA0,0,-999.0,-999.0,-999.0,-999.0,-999.0,-999.0,-999.0,-999.0,-999.0,-999.0,-999.0,-999.0,-999.0,-999.0,-999.0,-999.0,-999.0,-999.0,-999.0,-999.0,SVA1_COADD-2970668987,9.098155,-44.279024,22.42985,21.430079,21.001074,20.733337,0.012,0.0059,0.0056,0.0061,2970668987,2970668987,SVA1_COADD-2970668987         ,9.09816666666667,-44.2790277777778,0.55325,-9.999,4.0,DES_AAOmega         ,//                            ,3,7200,4
EI1504  ,ATLAS3_J003623.9-440226C,00:36:23.98,-44:02:26.2,9.099921,-44.040608,0.43,0.67,0.018,1.03,1.488,0.245,0.022,0.245,0.022,0.245,0.022,0.256,0.023,0.256,0.023,0.256,0.023,-999.0,-999.0,P,-0.979,0.876,ELAIS-S1,EI1504*SWIRE3_J003623.97-440225.8*m1*C0  ,-----------------------------------------------------,1,1,1,EI1504  ,SWIRE3_J003623.97-440225.8,199567,SWIRE3_J003623.97-440225.8,9.09991,-44.04051,0.00716,0.00878,22,346.17,2.39,478.34,2.51,0.04,EK0,2,272.42,2.46,369.62,2.94,0.11,CA0,1,207.47,5.79,259.53,8.51,0.08,CA0,0,339.86,5.75,560.74,11.8,0.13,CA0,1,918.02,30.51,665.83,31.21,0.62,CA0,0,-999.0,-999.0,-999.0,-999.0,-999.0,-999.0,-999.0,-999.0,-999.0,-999.0,-999.0,-999.0,-999.0,-999.0,-999.0,-999.0,-999.0,-999.0,-999.0,-999.0,SVA1_COADD-2970690464,9.099847,-44.040531,19.731104,18.731405,18.343643,18.08005,0.0014,0.0007,0.0006,0.0006,2970690464,2970690464,S387                          ,9.099916666666669,-44.04051944444444,0.1472,-9.999,-2.0,ATLAS               ,-                             ,-9,-9,2
EI1510  ,ATLAS3_J003626.0-432333C,00:36:26.06,-43:23:33.2,9.108596,-43.392568,0.82,1.26,0.017,1.03,1.483,0.12,0.019,0.12,0.019,0.12,0.019,0.125,0.019,0.125,0.019,0.125,0.019,-999.0,-999.0,P,-999.0,-999.0,ELAIS-S1,EI1510*SWIRE3_J003626.11-432333.5*m1*C0  ,-----------------------------------------------------,1,1,1,EI1510  ,SWIRE3_J003626.11-432333.5,113080,SWIRE3_J003626.11-432333.5,9.10883,-43.39264,0.0101,0.0108,13,114.55,1.26,127.37,1.31,0.08,CA0,2,109.65,1.42,112.83,1.54,0.11,CA2,0,72.97,5.55,61.54,6.48,0.01,CA0,0,218.41,4.83,211.86,6.79,0.22,CA0,0,610.88,32.75,327.77,21.97,0.47,CA0,0,22.404,0.006,21.32,0.005,20.462,0.002,21.706,20.671,19.831,0.02,0.03,0.03,-999.0,-999.0,-999.0,-999.0,-999.0,-999.0,-999.0,-999.0,SVA1_COADD-2970798083,9.108713,-43.392679,21.979788,20.794195,20.36657,20.008595,0.0058,0.0022,0.0021,0.002,2970798083,2970798083,SVA1_COADD-2970798083         ,9.10870833333333,-43.3926666666667,0.45474,-9.999,4.0,DES_AAOmega         ,//                            ,3,7200,4
EI1516  ,ATLAS3_J003626.9-431622C,00:36:26.92,-43:16:22.6,9.112156,-43.272954,0.86,1.33,0.018,1.04,1.482,0.123,0.02,0.123,0.02,0.123,0.02,0.128,0.021,0.128,0.021,0.128,0.021,-999.0,-999.0,P,-999.0,-999.0,ELAIS-S1,EI1516*SWIRE3_J003626.88-431624.2*m1*C0  ,-----------------------------------------------------,1,1,1,EI1516  ,SWIRE3_J003626.88-431624.2,109680,SWIRE3_J003626.88-431624.2,9.112,-43.27341,0.0104,0.00994,13,96.88,1.14,85.55,1.04,0.98,CA0,0,71.06,1.2,63.11,1.17,0.97,CA0,0,58.61,4.47,44.42,4.92,0.0,CA0,0,67.4,4.49,46.82,4.49,0.25,CA0,0,907.35,32.07,819.43,37.26,0.65,CA0,0,25.354,0.073,23.983,0.049,22.774,0.015,25.263,23.803,22.568,0.48,0.63,0.66,-999.0,-999.0,-999.0,-999.0,-999.0,-999.0,-999.0,-999.0,SVA1_COADD-2970828986,9.111891,-43.273422,24.427864,23.097393,22.118746,21.632332,0.0531,0.0169,0.0104,0.0091,2970828986,2970828986,SVA1_COADD-2970828986         ,9.111875,-43.2734166666667,0.78096,-9.999,4.0,DES_AAOmega         ,//                            ,4,9600,4
EI1522  ,ATLAS3_J003628.8-432832C,00:36:28.83,-43:28:32.7,9.120111,-43.475756,0.29,0.45,0.017,1.02,1.484,0.387,0.026,0.504,0.03,0.504,0.03,0.404,0.027,0.525,0.031,0.525,0.031,5.3,1.0,E,-0.462,0.692,ELAIS-S1,EI1522*SWIRE3_J003628.71-432831.3*m1*C0  ,-----------------------------------------------------,1,1,1,EI1522  ,SWIRE3_J003628.71-432831.3,74555,SWIRE3_J003628.71-432831.3,9.11964,-43.47538,0.00893,0.0107,12,368.86,2.26,648.37,2.86,0.03,EK0,2,308.72,2.15,491.06,2.82,0.03,EK0,2,225.47,5.77,309.73,9.76,0.0,CA0,0,212.93,4.68,225.9,6.23,0.0,CA0,0,-999.0,-999.0,-999.0,-999.0,-999.0,---,-999,22.458,0.006,20.848,0.003,19.601,0.001,21.065,19.439,18.25,0.02,0.03,0.03,-999.0,-999.0,-999.0,-999.0,-999.0,-999.0,-999.0,-999.0,SVA1_COADD-2970773686,9.119422,-43.475432,21.898653,20.057741,19.42925,19.093477,0.0054,0.0012,0.001,0.0009,2970773686,2970773686,S861                          ,9.119625,-43.475369444444446,0.3965,-9.999,-2.0,ATLAS               ,-                             ,-9,-9,2
EI1534  ,ATLAS3_J003632.8-432908C,00:36:32.80,-43:29:08.4,9.136656,-43.48566,0.89,1.37,0.017,1.02,1.484,0.108,0.018,0.108,0.018,0.108,0.018,0.113,0.019,0.113,0.019,0.113,0.019,-999.0,-999.0,P,-999.0,-999.0,ELAIS-S1,EI1534*SWIRE3_J003632.76-432908.7*m1*C0  ,-----------------------------------------------------,1,1,1,EI1534  ,SWIRE3_J003632.76-432908.7,74252,SWIRE3_J003632.76-432908.7,9.13653,-43.48575,0.00986,0.0108,12,156.4,1.48,196.22,1.65,0.04,CA3,2,133.89,1.58,163.77,1.97,0.04,CA3,0,107.73,4.88,144.44,7.74,0.02,CA0,0,206.07,5.03,280.36,9.08,0.04,CA0,0,971.98,25.17,1057.66,39.71,0.06,CA0,0,22.157,0.006,21.135,0.004,20.163,0.002,21.042,20.012,19.173,0.02,0.03,0.03,-999.0,-999.0,-999.0,-999.0,-999.0,-999.0,-999.0,-999.0,SVA1_COADD-2970772060,9.136368,-43.48573,21.856827,20.592216,20.14077,19.816132,0.0054,0.002,0.0019,0.0017,2970772060,2970772060,SVA1_COADD-2970772060         ,9.136375,-43.4857222222222,0.45423,-9.999,4.0,DES_AAOmega         ,//                            ,3,7200,4
EI1535  ,ATLAS3_J003633.0-442746C,00:36:33.05,-44:27:46.6,9.137702,-44.462956,0.81,1.25,0.027,1.05,1.464,0.194,0.03,0.194,0.03,0.194,0.03,0.2,0.031,0.2,0.031,0.2,0.031,-999.0,-999.0,P,-999.0,-999.0,ELAIS-S1,EI1535*SWIRE3_J003633.06-442745.6*m1*C0  ,-----------------------------------------------------,1,1,1,EI1535  ,SWIRE3_J003633.06-442745.6,169591,SWIRE3_J003633.06-442745.6,9.13779,-44.46268,0.0114,0.0104,21,71.95,0.89,72.59,0.93,0.92,CA0,0,86.18,1.28,83.98,1.41,0.94,CA0,0,177.65,4.59,163.37,5.27,0.09,CA0,0,388.98,5.36,386.71,7.07,0.91,CA0,0,1101.87,32.46,1128.64,42.71,0.73,CA0,0,-999.0,-999.0,-999.0,-999.0,-999.0,-999.0,-999.0,-999.0,-999.0,-999.0,-999.0,-999.0,-999.0,-999.0,-999.0,-999.0,-999.0,-999.0,-999.0,-999.0,SVA1_COADD-2970653417,9.137739,-44.462695,23.074623,21.663675,21.136517,20.694841,0.0217,0.0075,0.0063,0.006,2970653417,2970653417,SVA1_COADD-2970653417         ,9.13775,-44.4626944444444,0.31652,-9.999,4.0,DES_AAOmega         ,                              ,5,12000,4
EI1536C2,ATLAS3_J003633.8-434905C,00:36:33.87,-43:49:05.6,9.141142,-43.818214,0.41,0.64,0.016,1.04,1.489,0.14,0.015,0.428,0.047,0.428,0.047,0.146,0.016,0.447,0.049,0.447,0.049,13.8,1.6,E,-999.0,-999.0,ELAIS-S1,EI1536C2*SWIRE3_J003634.25-434904.2*m1*C0,-----------------------------------------------------,4,1,1,EI1536C2,SWIRE3_J003634.25-434904.2,193319,SWIRE3_J003634.25-434904.2,9.14275,-43.81784,0.00914,0.00799,22,187.79,1.98,274.42,2.34,0.03,CA0,2,174.21,2.31,255.88,3.11,0.03,CA2,2,144.12,6.15,188.55,9.42,0.0,CA0,0,569.2,7.18,845.52,12.69,0.01,CA0,2,1658.7,31.02,1668.61,43.34,0.36,CA0,0,21.219,0.003,20.015,0.002,19.426,0.001,19.587,18.554,18.127,0.03,0.03,0.03,-999.0,-999.0,-999.0,-999.0,-999.0,-999.0,-999.0,-999.0,SVA1_COADD-2970714761,9.142699,-43.817804,20.718609,19.776556,19.39536,19.156778,0.003,0.0016,0.0015,0.0016,2970714761,2970714761,0096-00638                    ,9.14273,-43.81783,0.23895,-9.999,4.0,PRIMUS              ,-                             ,-9,-9,4
EI1538  ,ATLAS3_J003633.2-432639C,00:36:33.25,-43:26:39.9,9.138554,-43.444404,0.29,0.45,0.017,1.03,1.484,0.392,0.026,0.392,0.026,0.392,0.026,0.408,0.027,0.408,0.027,0.408,0.027,-999.0,-999.0,P,-1.327,0.55,ELAIS-S1,EI1538*SWIRE3_J003633.24-432638.6*m1*C0  ,-----------------------------------------------------,1,1,1,EI1538  ,SWIRE3_J003633.24-432638.6,73240,SWIRE3_J003633.24-432638.6,9.13852,-43.44406,0.00911,0.00925,12,221.4,2.1,283.35,2.3,0.06,CA3,2,176.57,1.76,207.77,2.03,0.17,CA3,1,132.16,6.23,184.26,9.52,0.11,CA0,0,67.11,4.7,86.23,5.58,0.48,CA0,0,-999.0,-999.0,-999.0,-999.0,-999.0,---,-999,-999.0,-999.0,-999.0,-999.0,-999.0,-999.0,-999.0,-999.0,-999.0,-999.0,-999.0,-999.0,-999.0,-999.0,-999.0,-999.0,-999.0,-999.0,-999.0,-999.0,SVA1_COADD-2970783560,9.138386,-43.444056,22.098993,20.166975,19.551973,19.21888,0.0064,0.0013,0.0011,0.001,2970783560,2970783560,S886                          ,9.138541666666669,-43.44405,0.397,-9.999,-2.0,ATLAS               ,-                             ,-9,-9,2
EI1541  ,ATLAS3_J003634.2-441122C,00:36:34.28,-44:11:22.1,9.142838,-44.189485,1.06,1.63,0.021,1.04,1.481,0.116,0.023,0.116,0.023,0.116,0.023,0.121,0.024,0.121,0.024,0.121,0.024,-999.0,-999.0,P,-999.0,-999.0,ELAIS-S1,EI1541*SWIRE3_J003634.38-441121.7*m1*C0  ,-----------------------------------------------------,1,1,1,EI1541  ,SWIRE3_J003634.38-441121.7,201904,SWIRE3_J003634.38-441121.7,9.14325,-44.18938,0.01,0.00644,22,230.33,1.78,260.71,1.79,0.19,CA2,1,202.95,2.05,228.57,2.21,0.27,CA2,1,141.86,4.95,114.97,5.62,0.12,CA0,0,585.26,6.15,645.63,10.37,0.72,CA0,1,671.6,27.35,449.53,27.43,0.5,CA0,0,-999.0,-999.0,-999.0,-999.0,-999.0,-999.0,-999.0,-999.0,-999.0,-999.0,-999.0,-999.0,-999.0,-999.0,-999.0,-999.0,-999.0,-999.0,-999.0,-999.0,SVA1_COADD-2970677705,9.143249,-44.189392,21.442265,20.166142,19.607649,19.206545,0.0052,0.002,0.0017,0.0016,2970677705,2970677705,S268                          ,9.143291666666666,-44.18936111111111,0.2104,-9.999,-2.0,ATLAS               ,-                             ,-9,-9,2
EI1543  ,ATLAS3_J003634.6-432415C,00:36:34.61,-43:24:15.8,9.14422,-43.404393,0.86,1.33,0.017,1.03,1.484,0.112,0.018,0.112,0.018,0.112,0.018,0.117,0.019,0.117,0.019,0.117,0.019,-999.0,-999.0,P,-999.0,-999.0,ELAIS-S1,EI1543*SWIRE3_J003634.53-432415.0*m1*C0  ,-----------------------------------------------------,1,1,1,EI1543  ,SWIRE3_J003634.53-432415.0,112177,SWIRE3_J003634.53-432415.0,9.14391,-43.40419,0.00972,0.0085,13,146.79,1.54,147.03,1.44,0.55,CA0,0,123.14,1.4,123.77,1.41,0.29,CA0,0,114.65,5.2,114.45,7.13,0.08,CA0,0,156.95,4.58,148.46,6.31,0.63,CA0,0,-99.0,-99.0,-99.0,-99.0,-9.0,---,-99,23.206,0.012,21.947,0.009,20.902,0.003,22.572,21.287,20.221,0.01,0.02,0.03,-999.0,-999.0,-999.0,-999.0,-999.0,-999.0,-999.0,-999.0,SVA1_COADD-2970793030,9.143803,-43.404189,22.685917,21.255117,20.642511,20.219051,0.0122,0.0036,0.003,0.0027,2970793030,2970793030,0098-02249                    ,9.14391,-43.40422,0.4558362,-9.999,4.0,PRIMUS              ,-                             ,-9,-9,4
EI1545  ,ATLAS3_J003635.2-432318C,00:36:35.28,-43:23:18.4,9.146981,-43.388432,1.03,1.6,0.017,1.03,1.484,0.092,0.018,0.092,0.018,0.092,0.018,0.096,0.019,0.096,0.019,0.096,0.019,-999.0,-999.0,P,-999.0,-999.0,ELAIS-S1,EI1545*SWIRE3_J003635.41-432319.6*m1*C0  ,-----------------------------------------------------,1,1,1,EI1545  ,SWIRE3_J003635.41-432319.6,111647,SWIRE3_J003635.41-432319.6,9.14757,-43.38878,0.00871,0.00817,13,225.6,2.11,296.72,2.25,0.03,CA2,2,186.52,2.17,236.3,2.58,0.03,CA0,2,142.15,6.05,159.79,8.31,0.04,CA0,0,192.35,6.32,231.82,9.76,0.01,CA0,0,854.45,31.43,923.24,40.98,0.54,CA2,0,22.119,0.005,21.086,0.004,20.086,0.002,20.911,19.882,18.939,0.02,0.03,0.03,-999.0,-999.0,-999.0,-999.0,-999.0,-999.0,-999.0,-999.0,SVA1_COADD-2970798584,9.14744,-43.388762,21.763714,20.4517,19.926264,19.568924,0.006,0.002,0.0018,0.0016,2970798584,2970798584,0099-00983                    ,9.14755,-43.3888,0.45315272,-9.999,4.0,PRIMUS              ,-                             ,-9,-9,4
EI1546  ,ATLAS3_J003635.2-430143C,00:36:35.29,-43:01:43.6,9.147024,-43.028769,0.27,0.42,0.025,1.04,1.474,0.65,0.042,0.87,0.05,0.87,0.05,0.674,0.044,0.902,0.052,0.902,0.052,5.6,1.0,E,-1.689,0.397,ELAIS-S1,EI1546*SWIRE3_J003635.40-430148.0*m1*C0  ,-----------------------------------------------------,1,1,1,EI1546  ,SWIRE3_J003635.40-430148.0,102275,SWIRE3_J003635.40-430148.0,9.14754,-43.03,0.00626,0.00688,13,176.47,1.86,173.22,1.73,0.76,CA0,0,199.92,2.21,183.86,2.01,0.92,CA0,0,294.99,7.2,258.46,7.65,0.67,CA0,0,492.93,6.64,506.25,10.23,0.96,CA0,0,2451.08,30.93,2437.75,45.71,0.88,CA3,0,23.521,0.017,22.624,0.015,21.832,0.008,23.084,22.149,21.236,0.15,0.15,0.07,-999.0,-999.0,-999.0,-999.0,-999.0,-999.0,-999.0,-999.0,SVA1_COADD-2970472504,9.147471,-43.029992,23.213728,22.206728,21.342346,20.932741,0.0183,0.008,0.0052,0.0048,2970472504,2970472504,SVA1_COADD-2970472504         ,9.14745833333333,-43.03,0.80493,-9.999,4.0,DES_AAOmega         ,                              ,3,7200,4
EI1548  ,ATLAS3_J003635.8-435826C,00:36:35.83,-43:58:26.0,9.149289,-43.973881,1.11,1.71,0.018,1.03,1.49,0.094,0.019,0.094,0.019,0.094,0.019,0.098,0.02,0.098,0.02,0.098,0.02,-999.0,-999.0,P,-999.0,-999.0,ELAIS-S1,EI1548*SWIRE3_J003635.88-435825.4*m1*C0  ,-----------------------------------------------------,1,1,1,EI1548  ,SWIRE3_J003635.88-435825.4,196730,SWIRE3_J003635.88-435825.4,9.14953,-43.97374,0.0124,0.0105,22,78.16,1.31,87.44,1.38,0.03,CA3,0,82.0,1.52,95.96,1.8,0.02,CA3,0,47.87,4.36,45.76,4.33,0.09,CA0,0,301.34,6.05,347.55,8.52,0.36,CA0,0,575.58,25.73,371.82,22.61,0.53,CA0,0,-999.0,-999.0,-999.0,-999.0,-999.0,-999.0,-999.0,-999.0,-999.0,-999.0,-999.0,-999.0,-999.0,-999.0,-999.0,-999.0,-999.0,-999.0,-999.0,-999.0,SVA1_COADD-2970695423,9.149433,-43.973745,21.054865,20.411482,20.096052,19.963673,0.0039,0.0025,0.0025,0.0031,2970695423,2970695423,SVA1_COADD-2970695423         ,9.14941666666667,-43.97375,0.25825,-9.999,4.0,DES_AAOmega         ,//                            ,3,7200,4
EI1549  ,ATLAS3_J003635.9-442801C,00:36:35.97,-44:28:01.9,9.149878,-44.467208,1.0,1.55,0.027,1.05,1.463,0.157,0.029,0.157,0.029,0.157,0.029,0.162,0.03,0.162,0.03,0.162,0.03,-999.0,-999.0,P,-999.0,-999.0,ELAIS-S1,EI1549*SWIRE3_J003636.03-442759.5*m1*C0  ,-----------------------------------------------------,1,1,1,EI1549  ,SWIRE3_J003636.03-442759.5,169280,SWIRE3_J003636.03-442759.5,9.15015,-44.46655,0.00839,0.00886,21,130.98,1.18,145.07,1.22,0.15,CA3,1,129.85,1.53,136.07,1.64,0.34,CA2,0,242.06,5.15,298.85,7.87,0.01,CA0,0,1209.4,6.94,1233.23,8.93,0.9,CA0,-1,1348.95,31.02,1175.38,39.37,0.53,CA0,0,-999.0,-999.0,-999.0,-999.0,-999.0,-999.0,-999.0,-999.0,-999.0,-999.0,-999.0,-999.0,-999.0,-999.0,-999.0,-999.0,-999.0,-999.0,-999.0,-999.0,SVA1_COADD-2970653184,9.150047,-44.466569,20.928787,20.15038,19.752966,19.563541,0.0036,0.002,0.0019,0.0022,2970653184,2970653184,SVA1_COADD-2970653184         ,9.15004166666667,-44.4665555555556,0.19691,-9.999,4.0,DES_AAOmega         ,CLi 8 0.19691 4 {} | JAB 8 0.1,3,7200,4
EI1553  ,ATLAS3_J003636.2-441854C,00:36:36.23,-44:18:54.4,9.15097,-44.315109,0.92,1.42,0.023,1.04,1.476,0.148,0.026,0.148,0.026,0.148,0.026,0.154,0.027,0.154,0.027,0.154,0.027,-999.0,-999.0,P,-999.0,-999.0,ELAIS-S1,EI1553*SWIRE3_J003636.22-441852.6*m1*C0  ,-----------------------------------------------------,1,1,1,EI1553  ,SWIRE3_J003636.22-441852.6,204659,SWIRE3_J003636.22-441852.6,9.15093,-44.31463,0.00673,0.00972,22,159.58,1.81,203.51,1.88,0.03,CA0,2,158.46,1.71,189.78,1.82,0.03,CA0,2,121.3,5.88,135.69,7.03,0.0,CA0,0,792.28,6.25,949.54,9.28,0.04,CA0,2,1074.33,30.72,735.29,29.23,0.64,CA0,0,-999.0,-999.0,-999.0,-999.0,-999.0,-999.0,-999.0,-999.0,-999.0,-999.0,-999.0,-999.0,-999.0,-999.0,-999.0,-999.0,-999.0,-999.0,-999.0,-999.0,SVA1_COADD-2970665877,9.150846,-44.314664,21.487936,20.602488,20.164362,19.899908,0.0055,0.0029,0.0027,0.0029,2970665877,2970665877,S161                          ,9.150916666666664,-44.31466944444444,0.223,-9.999,-2.0,ATLAS               ,-                             ,-9,-9,2
EI1555  ,ATLAS3_J003636.7-432340C,00:36:36.76,-43:23:40.5,9.153162,-43.394587,0.95,1.47,0.017,1.03,1.484,0.101,0.018,0.101,0.018,0.101,0.018,0.105,0.019,0.105,0.019,0.105,0.019,-999.0,-999.0,P,-999.0,-999.0,ELAIS-S1,EI1555*SWIRE3_J003636.75-432339.9*m1*C0  ,-----------------------------------------------------,1,1,1,EI1555  ,SWIRE3_J003636.75-432339.9,111611,SWIRE3_J003636.75-432339.9,9.15313,-43.39444,0.0101,0.0102,13,85.45,1.33,78.12,1.23,0.95,CA0,0,85.07,1.29,79.45,1.27,0.63,CA0,0,69.51,5.46,48.76,3.96,0.16,CA0,0,197.2,4.76,164.85,6.3,0.74,CA0,0,573.16,33.31,418.78,30.77,0.51,CA0,0,23.291,0.013,22.019,0.009,21.058,0.004,23.068,21.748,20.797,0.36,0.28,0.8,-999.0,-999.0,-999.0,-999.0,-999.0,-999.0,-999.0,-999.0,SVA1_COADD-2970795781,9.152997,-43.394454,22.656858,21.304802,20.785734,20.349102,0.0148,0.0049,0.0047,0.004,2970795781,2970795781,SVA1_COADD-2970795781         ,9.153,-43.3944444444444,0.46073,-9.999,4.0,DES_AAOmega         ,CLi 8 0.46073 3 {Contaminated ,13,25200,4
EI1556  ,ATLAS3_J003636.8-432153C,00:36:36.83,-43:21:53.5,9.153453,-43.364865,0.44,0.68,0.017,1.03,1.483,0.234,0.021,0.234,0.021,0.234,0.021,0.243,0.022,0.243,0.022,0.243,0.022,-999.0,-999.0,P,-0.815,0.834,ELAIS-S1,EI1556*SWIRE3_J003636.80-432152.6*m1*C0  ,-----------------------------------------------------,1,1,1,EI1556  ,SWIRE3_J003636.80-432152.6,110798,SWIRE3_J003636.80-432152.6,9.15335,-43.36463,0.00742,0.00767,13,204.81,1.82,274.74,1.99,0.03,CA0,2,165.96,1.71,217.52,2.2,0.03,CA0,2,144.25,4.91,134.05,4.83,0.09,CA0,0,1288.53,7.13,1576.81,9.74,0.04,CA0,2,2962.57,31.02,2681.72,42.41,0.9,CA0,0,20.191,0.001,19.482,0.001,19.113,0.001,18.84,18.205,17.887,0.03,0.03,0.03,-999.0,-999.0,-999.0,-999.0,-999.0,-999.0,-999.0,-999.0,SVA1_COADD-2970805843,9.153185,-43.364615,19.936811,19.455667,19.147902,19.058918,0.0017,0.001,0.0012,0.0013,2970805843,2970805843,SWIRE3 J003636.80-432152.6    ,9.153333333333332,-43.3646111111111,0.15536,-9.999,-2.0,ATLAS               ,-                             ,-9,-9,2
EI1560  ,ATLAS3_J003638.0-432056C,00:36:38.01,-43:20:56.0,9.158379,-43.348898,0.69,1.06,0.017,1.03,1.483,0.142,0.019,0.142,0.019,0.142,0.019,0.148,0.02,0.148,0.02,0.148,0.02,-999.0,-999.0,P,-999.0,-999.0,ELAIS-S1,EI1560*SWIRE3_J003638.00-432055.2*m1*C0  ,-----------------------------------------------------,1,1,1,EI1560  ,SWIRE3_J003638.00-432055.2,110182,SWIRE3_J003638.00-432055.2,9.15836,-43.34868,0.0105,0.00972,13,259.34,1.86,386.17,2.22,0.03,EK3,2,200.14,2.24,298.03,3.04,0.04,CA3,2,104.29,5.14,139.09,8.37,0.0,CA0,0,95.59,5.81,142.12,8.68,0.03,CA0,0,-999.0,-999.0,-999.0,-999.0,-999.0,---,-999,22.009,0.004,20.183,0.002,19.299,0.001,20.926,19.116,18.239,0.03,0.03,0.03,-999.0,-999.0,-999.0,-999.0,-999.0,-999.0,-999.0,-999.0,SVA1_COADD-2970811151,9.15821,-43.348685,21.150206,19.602514,19.092606,18.739656,0.0041,0.0011,0.0011,0.001,2970811151,2970811151,SVA1_COADD-2970811151         ,9.15820833333333,-43.3486944444444,0.26589,-9.999,4.0,DES_AAOmega         ,//                            ,6,10800,4
EI1562  ,ATLAS3_J003638.2-432721C,00:36:38.28,-43:27:21.5,9.159495,-43.455982,0.73,1.13,0.017,1.03,1.484,0.133,0.019,0.133,0.019,0.133,0.019,0.138,0.019,0.138,0.019,0.138,0.019,-999.0,-999.0,P,-999.0,-999.0,ELAIS-S1,EI1562*SWIRE3_J003638.40-432720.7*m1*C0  ,-----------------------------------------------------,2,1,1,EI1562  ,SWIRE3_J003638.40-432720.7,72902,SWIRE3_J003638.40-432720.7,9.16004,-43.45576,0.012,0.0117,12,61.72,0.96,57.88,0.94,0.97,CA3,0,61.67,1.17,52.97,1.13,0.96,CA3,0,71.15,4.75,99.94,6.46,0.04,CA0,0,81.33,4.74,72.56,5.46,0.31,CA0,0,684.18,32.12,635.99,33.42,0.55,CA0,0,23.823,0.02,22.329,0.012,21.122,0.004,23.55,21.934,20.774,0.25,0.32,0.78,-999.0,-999.0,-999.0,-999.0,-999.0,-999.0,-999.0,-999.0,SVA1_COADD-2970777712,9.15989,-43.455723,23.149155,21.397661,20.91798,20.517372,0.023,0.005,0.0053,0.005,2970777712,2970777712,S874                          ,9.160041666666666,-43.45576111111112,0.4033,-9.999,-2.0,ATLAS               ,-                             ,-9,-9,2
EI1563  ,ATLAS3_J003638.5-441814C,00:36:38.55,-44:18:14.6,9.160613,-44.304058,0.16,0.25,0.024,1.04,1.476,29.121,1.485,29.121,1.485,29.121,1.485,30.47,1.562,30.47,1.562,30.47,1.562,-999.0,-999.0,P,-0.857,0.1,ELAIS-S1,EI1563*SWIRE3_J003638.49-441814.0*m1*C0  ,-----------------------------------------------------,1,1,1,EI1563  ,SWIRE3_J003638.49-441814.0,204165,SWIRE3_J003638.49-441814.0,9.16041,-44.30391,0.0123,0.0125,22,154.02,1.79,237.61,2.28,0.04,CA0,2,100.49,1.52,158.86,2.32,0.04,CA0,2,57.95,5.58,57.48,6.41,0.13,CA2,0,67.43,4.46,59.56,5.87,0.05,CA0,0,-999.0,-999.0,-999.0,-999.0,-999.0,---,-999,-999.0,-999.0,-999.0,-999.0,-999.0,-999.0,-999.0,-999.0,-999.0,-999.0,-999.0,-999.0,-999.0,-999.0,-999.0,-999.0,-999.0,-999.0,-999.0,-999.0,SVA1_COADD-2970666692,9.160441,-44.304,24.77484,22.875288,21.724804,20.867516,0.0989,0.0217,0.0106,0.0069,2970666692,2970666692,SVA1_COADD-2970666692         ,9.16045833333333,-44.304,0.94656,-9.999,3.0,DES_AAOmega         ,                              ,14,33700,2
EI1564  ,ATLAS3_J003639.4-430402C,00:36:39.49,-43:04:02.2,9.164548,-43.067282,0.98,1.51,0.023,1.04,1.479,0.136,0.025,0.136,0.025,0.136,0.025,0.141,0.026,0.141,0.026,0.141,0.026,-999.0,-999.0,P,-999.0,-999.0,ELAIS-S1,EI1564*SWIRE3_J003639.51-430400.2*m1*C0  ,-----------------------------------------------------,1,1,1,EI1564  ,SWIRE3_J003639.51-430400.2,102623,SWIRE3_J003639.51-430400.2,9.16465,-43.06673,0.00716,0.00648,13,145.23,1.73,137.42,1.58,0.96,CA2,0,216.68,2.29,199.78,2.09,0.98,CA0,0,276.93,6.97,236.05,6.24,0.61,CA0,0,394.97,6.37,307.33,7.1,0.97,CA0,0,1201.53,26.2,826.35,28.44,0.79,CA0,0,20.314,0.002,20.28,0.002,19.875,0.002,20.178,20.103,19.694,0.98,0.98,0.98,-999.0,-999.0,-999.0,-999.0,-999.0,-999.0,-999.0,-999.0,SVA1_COADD-2970468384,9.164545,-43.066749,20.444502,20.180359,20.241497,20.293161,0.0018,0.0014,0.002,0.0026,2970468384,2970468384,DES13E1czg                    ,9.16445833333333,-43.06675,1.31647,-9.999,4.0,DES_AAOmega         ,                              ,3,7200,4
EI1565  ,ATLAS3_J003639.5-430718C,00:36:39.56,-43:07:18.7,9.164835,-43.121858,1.1,1.7,0.022,1.04,1.483,0.115,0.024,0.115,0.024,0.115,0.024,0.12,0.025,0.12,0.025,0.12,0.025,-999.0,-999.0,P,-999.0,-999.0,ELAIS-S1,EI1565*SWIRE3_J003639.52-430718.0*m1*C0  ,-----------------------------------------------------,1,1,1,EI1565  ,SWIRE3_J003639.52-430718.0,104012,SWIRE3_J003639.52-430718.0,9.1647,-43.12167,0.00994,0.0103,13,132.83,1.54,168.64,1.72,0.03,CA2,2,132.01,1.78,174.06,2.25,0.03,CA0,2,74.47,5.04,86.19,7.75,0.0,CA0,0,353.29,5.51,431.97,9.23,0.02,CA0,0,1541.79,25.65,1336.74,33.77,0.46,CA0,0,21.997,0.005,20.643,0.003,19.97,0.002,20.654,19.469,18.861,0.03,0.03,0.03,-999.0,-999.0,-999.0,-999.0,-999.0,-999.0,-999.0,-999.0,SVA1_COADD-2970463036,9.164567,-43.121692,21.465033,20.345457,19.886463,19.608196,0.0041,0.0016,0.0015,0.0014,2970463036,2970463036,0099-00219                    ,9.16467,-43.12172,0.27290496,-9.999,4.0,PRIMUS              ,-                             ,-9,-9,4
EI1567  ,ATLAS3_J003639.7-432734C,00:36:39.75,-43:27:34.4,9.165637,-43.459542,0.83,1.27,0.017,1.03,1.484,0.118,0.018,0.118,0.018,0.118,0.018,0.123,0.019,0.123,0.019,0.123,0.019,-999.0,-999.0,P,-999.0,-999.0,ELAIS-S1,EI1567*SWIRE3_J003639.83-432732.4*m1*C0  ,-----------------------------------------------------,2,1,1,EI1567  ,SWIRE3_J003639.83-432732.4,72774,SWIRE3_J003639.83-432732.4,9.16599,-43.45901,0.00896,0.00889,12,152.79,1.67,174.89,1.6,0.12,CA3,0,142.33,1.77,161.99,2.01,0.11,CA3,0,103.78,6.04,131.63,8.13,0.0,CA1,0,162.67,5.03,187.92,7.89,0.4,CA2,0,611.62,28.06,527.12,30.31,0.49,CA0,0,22.116,0.005,20.917,0.004,19.99,0.002,21.589,20.262,19.388,0.03,0.03,0.03,-999.0,-999.0,-999.0,-999.0,-999.0,-999.0,-999.0,-999.0,SVA1_COADD-2970777513,9.165819,-43.458994,21.594141,20.316008,19.9145,19.525467,0.006,0.0023,0.0022,0.0021,2970777513,2970777513,S870                          ,9.165958333333332,-43.45903055555556,0.3992,-9.999,-2.0,ATLAS               ,-                             ,-9,-9,2
EI1568C1,ATLAS3_J003640.2-434241C,00:36:40.23,-43:42:41.9,9.167611,-43.711628,0.16,0.25,0.016,1.04,1.489,9.906,0.496,9.906,0.496,13.136,0.5329549699552486,10.303,0.52,10.303,0.52,13.662,0.558583923864624,-999.0,-999.0,P,-0.637,0.101,ELAIS-S1,EI1568C1*SWIRE3_J003640.20-434241.7*m2*C0,-----------------------------------------------------,1,2,1,EI1568C1,SWIRE3_J003640.20-434241.7,190021,SWIRE3_J003640.20-434241.7,9.1675,-43.71161,0.0094,0.0103,22,253.33,2.31,365.57,2.69,0.03,EK3,2,212.41,2.08,293.85,2.83,0.06,CA0,2,154.34,6.22,192.85,9.43,0.11,CA0,0,123.38,5.18,133.03,7.91,0.6,CA0,0,-999.0,-999.0,-999.0,-999.0,-999.0,---,-999,22.356,0.007,20.994,0.004,19.725,0.002,21.728,20.091,18.881,0.09,0.03,0.03,-999.0,-999.0,-999.0,-999.0,-999.0,-999.0,-999.0,-999.0,SVA1_COADD-2970729356,9.16742,-43.711658,21.756247,19.989199,19.432684,19.06729,0.0069,0.0018,0.0015,0.0014,2970729356,2970729356,S649                          ,9.1675,-43.711619444444445,0.3977,-9.999,-2.0,ATLAS               ,-                             ,-9,-9,2
EI1572  ,ATLAS3_J003640.9-431820C,00:36:40.97,-43:18:20.0,9.170726,-43.305556,0.23,0.35,0.017,1.04,1.484,0.606,0.036,0.606,0.036,0.606,0.036,0.631,0.037,0.631,0.037,0.631,0.037,-999.0,-999.0,P,-0.298,0.336,ELAIS-S1,EI1572*SWIRE3_J003640.97-431819.2*m1*C0  ,-----------------------------------------------------,1,1,1,EI1572  ,SWIRE3_J003640.97-431819.2,108526,SWIRE3_J003640.97-431819.2,9.17071,-43.30536,0.00932,0.0106,13,162.76,1.46,197.42,1.64,0.38,CA0,1,144.07,1.58,165.09,1.93,0.27,CA0,1,182.89,5.14,188.4,6.65,0.01,CA0,0,403.56,5.25,406.65,7.54,0.81,CA0,0,1146.37,31.82,825.12,35.04,0.75,CA2,0,23.496,0.014,21.766,0.008,20.769,0.003,22.115,20.407,19.525,0.0,0.02,0.03,-999.0,-999.0,-999.0,-999.0,-999.0,-999.0,-999.0,-999.0,SVA1_COADD-2970825180,9.170603,-43.305409,22.679754,21.091684,20.565262,20.19293,0.0161,0.0047,0.004,0.0038,2970825180,2970825180,S1000                         ,9.170666666666667,-43.305388888888885,0.3915,-9.999,-2.0,ATLAS               ,-                             ,-9,-9,2
EI1573  ,ATLAS3_J003641.3-441435C,00:36:41.35,-44:14:35.5,9.172281,-44.243188,0.54,0.83,0.022,1.04,1.479,0.241,0.026,0.241,0.026,0.241,0.026,0.25,0.027,0.25,0.027,0.25,0.027,-999.0,-999.0,P,-999.0,-999.0,ELAIS-S1,EI1573*SWIRE3_J003641.29-441435.0*m1*C0  ,-----------------------------------------------------,1,1,1,EI1573  ,SWIRE3_J003641.29-441435.0,202377,SWIRE3_J003641.29-441435.0,9.17206,-44.24307,0.00716,0.00752,22,174.97,1.66,179.89,1.59,0.9,CA0,-1,197.15,1.8,194.17,1.72,0.72,CA0,0,177.09,5.69,152.84,6.02,0.28,CA0,0,730.74,6.06,690.22,7.86,0.87,CA0,-1,1909.76,30.5,1908.45,44.46,0.88,CA0,0,-999.0,-999.0,-999.0,-999.0,-999.0,-999.0,-999.0,-999.0,-999.0,-999.0,-999.0,-999.0,-999.0,-999.0,-999.0,-999.0,-999.0,-999.0,-999.0,-999.0,SVA1_COADD-2970672211,9.17201,-44.243093,21.59976,20.445862,19.906403,19.589504,0.006,0.0026,0.0022,0.0022,2970672211,2970672211,S219                          ,9.172041666666663,-44.24308055555556,0.2784,-9.999,-2.0,ATLAS               ,-                             ,-9,-9,2
EI1576  ,ATLAS3_J003641.9-441522C,00:36:41.91,-44:15:22.3,9.174609,-44.256198,0.83,1.28,0.022,1.04,1.478,0.155,0.024,0.155,0.024,0.155,0.024,0.161,0.025,0.161,0.025,0.161,0.025,-999.0,-999.0,P,-999.0,-999.0,ELAIS-S1,EI1576*SWIRE3_J003641.88-441519.8*m1*C0  ,-----------------------------------------------------,1,1,1,EI1576  ,SWIRE3_J003641.88-441519.8,202605,SWIRE3_J003641.88-441519.8,9.17453,-44.25552,0.00749,0.00817,22,131.18,1.61,132.25,1.55,0.97,CA0,0,145.65,1.75,135.19,1.65,0.89,CA0,0,164.94,6.27,166.77,7.77,0.58,CA0,0,373.19,5.86,328.21,7.11,0.84,CA0,0,3009.07,31.82,2414.92,38.19,0.96,CA0,0,-999.0,-999.0,-999.0,-999.0,-999.0,-999.0,-999.0,-999.0,-999.0,-999.0,-999.0,-999.0,-999.0,-999.0,-999.0,-999.0,-999.0,-999.0,-999.0,-999.0,SVA1_COADD-2970807845,9.17445,-44.25553,21.415094,20.255358,19.878874,19.550444,0.0057,0.0026,0.0022,0.0022,2970807845,2970807845,SVA1_COADD-2970807845         ,9.17445833333334,-44.2555277777778,0.31948,-9.999,4.0,DES_AAOmega         ,//                            ,3,7200,4
EI1578  ,ATLAS3_J003642.3-432718C,00:36:42.33,-43:27:18.3,9.176378,-43.455081,0.78,1.2,0.017,1.03,1.484,0.126,0.019,0.126,0.019,0.126,0.019,0.131,0.019,0.131,0.019,0.131,0.019,-999.0,-999.0,P,-999.0,-999.0,ELAIS-S1,EI1578*SWIRE3_J003642.27-432718.3*m1*C0  ,-----------------------------------------------------,1,1,1,EI1578  ,SWIRE3_J003642.27-432718.3,72305,SWIRE3_J003642.27-432718.3,9.17614,-43.45511,0.0127,0.0127,12,88.28,1.04,109.5,1.24,0.04,CA2,2,86.72,1.23,100.13,1.54,0.05,CA0,0,93.73,4.93,88.44,6.07,0.0,CA0,0,162.21,4.5,186.35,7.24,0.13,CA0,0,682.64,31.59,373.47,28.4,0.38,CA0,0,62.015,0.025,23.101,0.022,22.039,0.008,61.6,22.11,21.124,0.0,0.0,0.01,-999.0,-999.0,-999.0,-999.0,-999.0,-999.0,-999.0,-999.0,SVA1_COADD-2970777740,9.17592,-43.455153,23.781355,22.509851,22.016396,21.625635,0.0404,0.0159,0.0142,0.0137,2970777740,2970777740,SVA1_COADD-2970777740         ,9.17591666666667,-43.4551666666667,0.53007,-9.999,4.0,DES_AAOmega         ,NES 10 0.53007 4 {} | CLi 10 0,3,7200,4
EI1580  ,ATLAS3_J003643.5-434408C,00:36:43.52,-43:44:08.3,9.181352,-43.735632,0.2,0.31,0.016,1.03,1.49,0.759,0.042,0.759,0.042,0.759,0.042,0.793,0.044,0.793,0.044,0.793,0.044,-999.0,-999.0,P,-1.232,0.29,ELAIS-S1,EI1580*SWIRE3_J003643.51-434408.0*m1*C0  ,-----------------------------------------------------,1,1,1,EI1580  ,SWIRE3_J003643.51-434408.0,190165,SWIRE3_J003643.51-434408.0,9.1813,-43.73557,0.0103,0.0102,22,96.51,1.25,91.89,1.2,0.97,CA2,0,84.44,1.59,81.76,1.77,0.81,CA0,0,77.08,4.56,71.52,5.56,0.04,CA0,0,184.68,5.82,174.79,8.2,0.65,CA0,0,-99.0,-99.0,-99.0,-99.0,-9.0,---,-99,24.03,0.025,22.451,0.014,21.354,0.006,23.367,21.862,20.917,0.0,0.01,0.03,-999.0,-999.0,-999.0,-999.0,-999.0,-999.0,-999.0,-999.0,SVA1_COADD-2970722394,9.1812,-43.735577,23.368507,21.677727,21.073996,20.632994,0.0281,0.0078,0.0064,0.0058,2970722394,2970722394,S626                          ,9.181291666666668,-43.73556111111111,0.3913,-9.999,-2.0,ATLAS               ,-                             ,-9,-9,2
EI1581  ,ATLAS3_J003643.6-435213C,00:36:43.68,-43:52:13.8,9.181987,-43.870506,0.61,0.94,0.017,1.03,1.49,0.16,0.019,0.16,0.019,0.16,0.019,0.168,0.02,0.168,0.02,0.168,0.02,-999.0,-999.0,P,-999.0,-999.0,ELAIS-S1,EI1581*SWIRE3_J003643.72-435213.8*m1*C0  ,-----------------------------------------------------,1,1,1,EI1581  ,SWIRE3_J003643.72-435213.8,193411,SWIRE3_J003643.72-435213.8,9.1822,-43.87051,0.00817,0.00752,22,164.14,1.47,173.91,1.45,0.7,CA3,1,148.91,1.98,150.05,2.07,0.51,CA2,0,134.34,4.9,150.26,7.2,0.02,CA0,0,947.42,7.9,961.64,10.06,0.84,CA0,-1,1266.23,32.89,938.01,38.12,0.72,CA0,0,21.567,0.003,20.409,0.002,19.741,0.001,20.875,19.645,19.091,0.03,0.03,0.03,-999.0,-999.0,-999.0,-999.0,-999.0,-999.0,-999.0,-999.0,SVA1_COADD-2970710476,9.1821,-43.870499,21.000223,20.062653,19.594154,19.342653,0.0036,0.0019,0.0016,0.0018,2970710476,2970710476,SVA1_COADD-2970710476         ,9.18208333333333,-43.8705,0.21419,-9.999,4.0,DES_AAOmega         ,//                            ,3,7200,4
EI1583  ,ATLAS3_J003643.9-432754C,00:36:43.99,-43:27:54.4,9.183282,-43.465099,0.44,0.68,0.017,1.03,1.484,0.233,0.021,0.233,0.021,0.233,0.021,0.242,0.022,0.242,0.022,0.242,0.022,-999.0,-999.0,P,-2.169,0.993,ELAIS-S1,EI1583*SWIRE3_J003643.99-432755.4*m1*C0  ,-----------------------------------------------------,1,1,1,EI1583  ,SWIRE3_J003643.99-432755.4,72349,SWIRE3_J003643.99-432755.4,9.1833,-43.46541,0.0125,0.012,12,69.37,1.04,64.25,1.03,0.97,CA0,0,57.74,1.16,57.2,1.35,0.86,CA0,0,64.44,4.67,63.82,5.23,0.05,CA0,0,58.92,4.59,38.44,4.23,0.07,CA0,0,-99.0,-99.0,-99.0,-99.0,-9.0,---,-99,24.656,0.042,23.596,0.034,22.629,0.014,24.476,23.306,22.419,0.61,0.72,0.83,-999.0,-999.0,-999.0,-999.0,-999.0,-999.0,-999.0,-999.0,SVA1_COADD-2970773677,9.183204,-43.465401,24.16628,22.98404,22.140352,21.637873,0.0575,0.0249,0.0159,0.0139,2970773677,2970773677,SVA1_COADD-2970773677         ,9.18320833333333,-43.4653888888889,0.79345,-9.999,4.0,DES_AAOmega         ,CLi 8 0.79345 4 {} | NES 4 0.7,23,55200,4
EI1584  ,ATLAS3_J003644.1-430932C,00:36:44.14,-43:09:32.3,9.18393,-43.158964,1.11,1.71,0.02,1.04,1.485,0.105,0.022,0.105,0.022,0.105,0.022,0.109,0.022,0.109,0.022,0.109,0.022,-999.0,-999.0,P,-999.0,-999.0,ELAIS-S1,EI1584*SWIRE3_J003644.20-430931.6*m1*C0  ,-----------------------------------------------------,1,1,1,EI1584  ,SWIRE3_J003644.20-430931.6,104345,SWIRE3_J003644.20-430931.6,9.18417,-43.15878,0.0129,0.0128,13,67.43,1.21,78.23,1.47,0.9,CA3,0,55.18,1.39,70.73,2.09,0.77,CA2,0,45.83,5.27,34.89,5.21,0.01,CA0,0,52.07,5.44,32.04,3.8,0.41,CA0,0,-999.0,-999.0,-999.0,-999.0,-999.0,---,-999,22.935,0.009,21.985,0.008,21.142,0.004,22.419,21.378,20.53,0.08,0.17,0.33,-999.0,-999.0,-999.0,-999.0,-999.0,-999.0,-999.0,-999.0,SVA1_COADD-2970458903,9.184016,-43.158747,22.572617,21.44213,20.937824,20.484688,0.0175,0.007,0.0057,0.0049,2970458903,2970458903,SVA1_COADD-2970458903         ,9.184,-43.15875,0.4576,-9.999,4.0,DES_AAOmega         ,//                            ,4,9600,4
EI1586  ,ATLAS3_J003644.3-440306C,00:36:44.34,-44:03:06.9,9.18475,-44.051921,1.1,1.7,0.019,1.03,1.488,0.097,0.02,0.183,0.021,0.183,0.021,0.101,0.021,0.191,0.022,0.191,0.022,9.1,2.3,E,-999.0,-999.0,ELAIS-S1,EI1586*SWIRE3_J003644.29-440309.6*m1*C0  ,-----------------------------------------------------,4,1,1,EI1586  ,SWIRE3_J003644.29-440309.6,197497,SWIRE3_J003644.29-440309.6,9.18455,-44.05267,0.0114,0.0111,22,81.01,1.28,77.3,1.24,0.98,CA0,0,63.34,1.21,62.3,1.51,0.64,CA0,0,48.99,4.3,43.56,3.96,0.48,CA0,0,40.61,4.42,26.59,3.55,0.35,CA0,0,857.53,32.63,942.45,43.38,0.5,CA2,0,-999.0,-999.0,-999.0,-999.0,-999.0,-999.0,-999.0,-999.0,-999.0,-999.0,-999.0,-999.0,-999.0,-999.0,-999.0,-999.0,-999.0,-999.0,-999.0,-999.0,SVA1_COADD-2970855609,9.184508,-44.052665,23.871733,22.886003,21.785477,21.208948,0.0438,0.0224,0.0115,0.0098,2970855609,2970855609,SVA1_COADD-2970855609         ,9.1845,-44.0526666666667,0.94806,-9.999,4.0,DES_AAOmega         ,CLi 9 0.94806 4 {} | rgs 9 0.9,11,24000,4
EI1587  ,ATLAS3_J003645.1-440719C,00:36:45.16,-44:07:19.8,9.188171,-44.122173,0.34,0.52,0.02,1.03,1.485,0.38,0.028,1.003,0.054,1.003,0.054,0.396,0.029,1.045,0.056,1.045,0.056,12.3,0.9,E,-1.822,0.335,ELAIS-S1,EI1587*SWIRE3_J003645.16-440719.7*m1*C0  ,-----------------------------------------------------,1,1,1,EI1587  ,SWIRE3_J003645.16-440719.7,198949,SWIRE3_J003645.16-440719.7,9.1882,-44.12215,0.00716,0.00544,22,1150.57,4.91,3180.95,7.22,0.03,EK3,2,760.39,4.53,1959.76,6.74,0.03,EK2,2,775.78,10.55,1924.73,21.83,0.02,EK0,2,2490.1,11.48,7927.72,25.03,0.03,EK0,2,5317.59,32.57,6907.1,64.32,0.02,EK0,2,-999.0,-999.0,-999.0,-999.0,-999.0,-999.0,-999.0,-999.0,-999.0,-999.0,-999.0,-999.0,-999.0,-999.0,-999.0,-999.0,-999.0,-999.0,-999.0,-999.0,SVA1_COADD-2970850386,9.188045,-44.122145,18.593582,17.690598,17.32427,17.029554,0.0011,0.0006,0.0004,0.0003,2970850386,2970850386,g0036452-440720               ,9.188208333333334,-44.12211111111111,0.058945,-9.999,4.0,6dF                 ,-                             ,-9,-9,4
EI1596  ,ATLAS3_J003646.3-441124C,00:36:46.38,-44:11:24.1,9.193237,-44.190021,0.39,0.6,0.022,1.04,1.481,0.346,0.028,0.346,0.028,0.346,0.028,0.36,0.03,0.36,0.03,0.36,0.03,-999.0,-999.0,P,0.436,0.714,ELAIS-S1,EI1596*SWIRE3_J003646.40-441123.0*m1*C0  ,-----------------------------------------------------,1,1,1,EI1596  ,SWIRE3_J003646.40-441123.0,200448,SWIRE3_J003646.40-441123.0,9.19334,-44.18973,0.0108,0.0113,22,188.44,1.78,267.82,2.06,0.07,CA0,2,127.37,1.56,167.26,1.98,0.04,CA2,2,106.73,5.19,148.1,8.03,0.03,CA0,0,56.5,4.41,66.15,5.38,0.34,CA0,0,-999.0,-999.0,-999.0,-999.0,-999.0,---,-999,-999.0,-999.0,-999.0,-999.0,-999.0,-999.0,-999.0,-999.0,-999.0,-999.0,-999.0,-999.0,-999.0,-999.0,-999.0,-999.0,-999.0,-999.0,-999.0,-999.0,SVA1_COADD-2970830225,9.193278,-44.189731,24.55943,22.415184,21.209627,20.442968,0.0821,0.015,0.007,0.0049,2970830225,2970830225,SVA1_COAAD-2970830225         ,9.19329166666667,-44.1897222222222,0.86802,-9.999,4.0,DES_AAOmega         ,                              ,4,9600,4
EI1611  ,ATLAS3_J003650.4-435711C,00:36:50.41,-43:57:11.7,9.210021,-43.953261,0.98,1.51,0.018,1.03,1.491,0.107,0.02,0.107,0.02,0.107,0.02,0.112,0.02,0.112,0.02,0.112,0.02,-999.0,-999.0,P,-999.0,-999.0,ELAIS-S1,EI1611*SWIRE3_J003650.49-435710.8*m1*C0  ,-----------------------------------------------------,1,1,1,EI1611  ,SWIRE3_J003650.49-435710.8,194501,SWIRE3_J003650.49-435710.8,9.21038,-43.953,0.0174,0.0135,22,66.35,0.82,80.77,1.02,0.03,CA3,0,59.1,1.1,67.97,1.43,0.35,CA3,0,52.48,3.7,76.85,5.57,0.13,CA0,0,105.57,4.33,98.26,5.91,0.55,CA0,0,-999.0,-999.0,-999.0,-999.0,-999.0,---,-999,24.422,0.032,22.769,0.016,21.707,0.007,23.732,21.858,20.817,0.0,0.0,0.02,-999.0,-999.0,-999.0,-999.0,-999.0,-999.0,-999.0,-999.0,SVA1_COADD-2970863863,9.210273,-43.952993,23.819317,22.118717,21.446396,20.986414,0.0429,0.0115,0.0084,0.0078,2970863863,2970863863,SVA1_COADD-2970863863         ,9.21029166666667,-43.953,0.38089,-9.999,3.0,DES_AAOmega         ,                              ,9,21700,2
EI1616  ,ATLAS3_J003651.5-440413C,00:36:51.58,-44:04:13.9,9.214915,-44.07052,0.44,0.69,0.019,1.03,1.488,0.258,0.023,0.258,0.023,0.258,0.023,0.269,0.025,0.269,0.025,0.269,0.025,-999.0,-999.0,P,-1.08,0.911,ELAIS-S1,EI1616*SWIRE3_J003651.60-440414.0*m1*C0  ,-----------------------------------------------------,1,1,1,EI1616  ,SWIRE3_J003651.60-440414.0,197083,SWIRE3_J003651.60-440414.0,9.21502,-44.07058,0.0094,0.00914,22,165.56,1.84,193.19,1.89,0.03,CA3,2,118.41,1.85,145.22,2.23,0.04,CA2,0,111.59,5.85,103.62,7.75,0.01,CA0,0,126.29,5.67,123.04,7.81,0.15,CA0,0,1105.88,25.02,1080.99,37.48,0.06,CA0,0,-999.0,-999.0,-999.0,-999.0,-999.0,-999.0,-999.0,-999.0,-999.0,-999.0,-999.0,-999.0,-999.0,-999.0,-999.0,-999.0,-999.0,-999.0,-999.0,-999.0,SVA1_COADD-2970851057,9.214966,-44.070527,23.605452,22.261494,21.305094,20.862314,0.0347,0.013,0.0075,0.0071,2970851057,2970851057,SVA1_COADD-2970851057         ,9.21495833333333,-44.0705277777778,0.78884,-9.999,3.0,DES_AAOmega         ,//                            ,2,4800,2
EI1619  ,ATLAS3_J003652.8-440037C,00:36:52.88,-44:00:37.5,9.220336,-44.010403,1.06,1.64,0.019,1.03,1.489,0.101,0.02,0.101,0.02,0.101,0.02,0.105,0.021,0.105,0.021,0.105,0.021,-999.0,-999.0,P,-999.0,-999.0,ELAIS-S1,EI1619*SWIRE3_J003652.90-440036.3*m1*C0  ,-----------------------------------------------------,1,1,1,EI1619  ,SWIRE3_J003652.90-440036.3,195481,SWIRE3_J003652.90-440036.3,9.22042,-44.01009,0.0103,0.00929,22,113.48,1.53,117.05,1.47,0.08,CA0,0,84.16,1.6,88.83,1.83,0.09,CA0,0,122.23,6.43,126.51,9.82,0.01,CA0,0,104.41,5.56,121.46,7.51,0.6,CA0,0,1467.41,30.57,1096.91,34.95,0.9,CA0,0,-999.0,-999.0,-999.0,-999.0,-999.0,-999.0,-999.0,-999.0,-999.0,-999.0,-999.0,-999.0,-999.0,-999.0,-999.0,-999.0,-999.0,-999.0,-999.0,-999.0,SVA1_COADD-2970859639,9.22059,-44.010046,23.621233,22.603064,21.779354,21.387903,0.0343,0.0172,0.0112,0.0111,2970859639,2970859639,SVA1_COADD-2970859639         ,9.22058333333333,-44.0100555555556,0.78822,-9.999,3.0,DES_AAOmega         ,AMo 11 0.01599 2 {} | CLi 10 0,3,7200,2
EI1622  ,ATLAS3_J003654.0-434422C,00:36:54.02,-43:44:22.1,9.2251,-43.739475,0.56,0.86,0.017,1.03,1.491,0.18,0.02,0.18,0.02,0.18,0.02,0.188,0.021,0.188,0.021,0.188,0.021,-999.0,-999.0,P,-1.099,1.149,ELAIS-S1,EI1622*SWIRE3_J003654.03-434422.2*m1*C0  ,-----------------------------------------------------,1,1,1,EI1622  ,SWIRE3_J003654.03-434422.2,189004,SWIRE3_J003654.03-434422.2,9.22514,-43.73951,0.00922,0.0104,22,146.28,1.39,164.15,1.48,0.47,CA0,1,125.33,1.86,136.35,2.17,0.58,CA0,0,154.92,5.64,143.51,6.67,0.38,CA0,0,116.51,5.58,97.48,6.33,0.62,CA0,0,451.56,26.38,253.26,18.21,0.03,CA0,0,24.628,0.041,23.219,0.024,21.872,0.008,23.747,22.261,21.077,0.0,0.0,0.02,-999.0,-999.0,-999.0,-999.0,-999.0,-999.0,-999.0,-999.0,SVA1_COADD-2970722105,9.224987,-43.739493,24.033672,22.25652,21.298296,20.772211,0.0512,0.013,0.0075,0.0065,2970722105,2970722105,SVA1_COADD-2970722105         ,9.225,-43.7395,0.62433,-9.999,3.0,DES_AAOmega         ,AMo 7 0.62433 1 {} | CLi 7 0.6,6,12600,2
EI1627  ,ATLAS3_J003654.8-431431C,00:36:54.87,-43:14:31.6,9.228643,-43.242115,0.3,0.47,0.018,1.03,1.487,0.391,0.027,0.644,0.037,0.644,0.037,0.408,0.028,0.672,0.038,0.672,0.038,7.7,0.9,E,-0.456,0.794,ELAIS-S1,EI1627*SWIRE3_J003654.86-431429.4*m1*C0  ,-----------------------------------------------------,1,1,1,EI1627  ,SWIRE3_J003654.86-431429.4,105018,SWIRE3_J003654.86-431429.4,9.2286,-43.24151,0.00396,0.00533,13,907.87,3.51,1778.87,4.16,0.03,EK2,2,593.28,3.47,1114.69,4.15,0.03,EK0,2,651.07,7.94,1178.2,11.66,0.02,CA0,2,1923.86,9.58,3868.84,13.86,0.03,EK0,2,2747.73,27.34,2597.0,38.02,0.03,CA0,2,18.944,0.001,18.024,0.001,17.454,0.0,17.113,16.362,15.872,0.03,0.03,0.03,-999.0,-999.0,-999.0,-999.0,-999.0,-999.0,-999.0,-999.0,SVA1_COADD-2970841805,9.228492,-43.241514,18.654242,17.80565,17.472717,17.19241,0.0009,0.0004,0.0004,0.0003,2970841805,2970841805,S1061                         ,9.228625,-43.24153055555556,0.0539,-9.999,-2.0,ATLAS               ,-                             ,-9,-9,2
EI1632  ,ATLAS3_J003656.3-430656C,00:36:56.34,-43:06:56.1,9.234761,-43.11557,0.61,0.94,0.021,1.03,1.486,0.205,0.024,0.205,0.024,0.205,0.024,0.214,0.025,0.214,0.025,0.214,0.025,-999.0,-999.0,P,0.925,1.332,ELAIS-S1,EI1632*SWIRE3_J003656.31-430656.3*m1*C0  ,-----------------------------------------------------,1,1,1,EI1632  ,SWIRE3_J003656.31-430656.3,101671,SWIRE3_J003656.31-430656.3,9.23466,-43.11565,0.00871,0.00864,13,150.1,1.4,152.82,1.34,0.94,CA0,0,132.43,1.66,126.71,1.62,0.6,CA0,0,123.16,5.03,126.45,6.29,0.72,CA2,0,330.96,5.58,330.98,7.54,0.87,CA0,0,1166.01,31.46,766.83,30.63,0.73,CA0,0,23.266,0.012,21.765,0.007,20.812,0.003,22.501,21.022,20.067,0.01,0.02,0.03,-999.0,-999.0,-999.0,-999.0,-999.0,-999.0,-999.0,-999.0,SVA1_COADD-2970463564,9.234529,-43.115687,22.664772,21.178152,20.598896,20.119555,0.0114,0.0034,0.0028,0.0023,2970463564,2970463564,SVA1_COADD-2970463564         ,9.23454166666667,-43.1156944444444,0.40134,-9.999,4.0,DES_AAOmega         ,//                            ,6,14400,4
EI1634  ,ATLAS3_J003656.7-430454C,00:36:56.73,-43:04:54.3,9.236358,-43.081758,0.68,1.05,0.022,1.03,1.484,0.192,0.025,0.192,0.025,0.192,0.025,0.2,0.026,0.2,0.026,0.2,0.026,-999.0,-999.0,P,-999.0,-999.0,ELAIS-S1,EI1634*SWIRE3_J003656.74-430452.9*m1*C0  ,-----------------------------------------------------,1,1,1,EI1634  ,SWIRE3_J003656.74-430452.9,100793,SWIRE3_J003656.74-430452.9,9.23643,-43.08137,0.0086,0.00846,13,159.94,1.8,174.19,1.8,0.4,CA0,1,151.13,1.98,163.38,2.18,0.74,CA0,0,91.49,5.94,121.96,10.43,0.0,CA0,0,245.1,5.95,226.62,8.12,0.81,CA0,0,1086.82,26.75,805.82,30.33,0.34,CA0,0,21.339,0.003,20.242,0.002,19.581,0.001,20.839,19.592,18.948,0.04,0.03,0.04,-999.0,-999.0,-999.0,-999.0,-999.0,-999.0,-999.0,-999.0,SVA1_COADD-2970467510,9.236333,-43.081389,20.892914,19.913736,19.550451,19.214756,0.0025,0.0011,0.0011,0.001,2970467510,2970467510,SVA1_COADD-2970467510         ,9.23633333333333,-43.0813888888889,0.32193,-9.999,4.0,DES_AAOmega         ,//                            ,7,15000,4
EI1635  ,ATLAS3_J003656.8-434330C,00:36:56.83,-43:43:30.6,9.236775,-43.725154,0.79,1.22,0.017,1.03,1.491,0.124,0.019,0.124,0.019,0.124,0.019,0.13,0.02,0.13,0.02,0.13,0.02,-999.0,-999.0,P,-999.0,-999.0,ELAIS-S1,EI1635*SWIRE3_J003656.90-434331.7*m1*C0  ,-----------------------------------------------------,1,1,1,EI1635  ,SWIRE3_J003656.90-434331.7,188334,SWIRE3_J003656.90-434331.7,9.23712,-43.72548,0.00943,0.00796,22,153.29,1.77,188.4,1.82,0.03,CA0,2,144.31,1.99,177.37,2.19,0.04,CA0,0,121.89,5.94,111.2,7.07,0.07,CA0,0,496.68,6.87,549.55,8.72,0.03,CA0,2,915.28,30.22,612.15,28.6,0.18,CA0,0,22.474,0.006,21.169,0.004,20.436,0.002,21.129,19.847,19.266,0.02,0.03,0.03,-999.0,-999.0,-999.0,-999.0,-999.0,-999.0,-999.0,-999.0,SVA1_COADD-2970723582,9.237039,-43.725483,21.970707,20.837595,20.31133,19.994051,0.0083,0.0037,0.0031,0.0033,2970723582,2970723582,SVA1_COADD-2970723582         ,9.23704166666667,-43.7254722222222,0.25848,-9.999,4.0,DES_AAOmega         ,                              ,6,11500,4
EI1644  ,ATLAS3_J003658.2-434622C,00:36:58.20,-43:46:22.0,9.24248,-43.772789,0.69,1.06,0.017,1.03,1.492,0.144,0.019,0.288,0.022,0.288,0.022,0.15,0.02,0.302,0.023,0.302,0.023,9.7,1.5,E,-999.0,-999.0,ELAIS-S1,EI1644*SWIRE3_J003658.55-434618.9*m1*C0  ,-----------------------------------------------------,4,1,1,EI1644  ,SWIRE3_J003658.55-434618.9,189224,SWIRE3_J003658.55-434618.9,9.244,-43.77193,0.00976,0.0118,22,129.31,1.42,183.52,1.75,0.03,CA0,2,131.25,1.52,163.72,1.97,0.07,CA0,2,160.45,5.38,183.69,8.0,0.34,CA0,0,319.17,5.14,303.41,7.11,0.75,CA0,0,3084.2,26.9,2754.0,38.03,0.91,CA0,0,22.447,0.006,21.103,0.004,20.151,0.002,21.511,19.962,19.124,0.02,0.03,0.03,-999.0,-999.0,-999.0,-999.0,-999.0,-999.0,-999.0,-999.0,SVA1_COADD-2970719358,9.243919,-43.771956,21.856066,20.489147,20.084667,19.695517,0.0074,0.0028,0.0026,0.0025,2970719358,2970719358,S596                          ,9.244,-43.77195,0.3118,-9.999,-2.0,ATLAS               ,-                             ,-9,-9,2
EI1646  ,ATLAS3_J003658.5-434222C,00:36:58.59,-43:42:22.9,9.244135,-43.706348,0.19,0.29,0.017,1.03,1.491,0.992,0.054,0.992,0.054,0.992,0.054,1.037,0.056,1.037,0.056,1.037,0.056,-999.0,-999.0,P,-0.593,0.229,ELAIS-S1,EI1646*SWIRE3_J003658.58-434222.5*m1*C0  ,-----------------------------------------------------,1,1,1,EI1646  ,SWIRE3_J003658.58-434222.5,187731,SWIRE3_J003658.58-434222.5,9.24409,-43.70627,0.0108,0.0104,22,133.83,1.48,146.61,1.55,0.65,CA0,1,92.45,1.53,96.03,1.83,0.86,CA0,0,72.7,4.43,48.19,4.07,0.41,CA0,0,57.12,5.41,36.92,4.44,0.48,CA0,0,-999.0,-999.0,-999.0,-999.0,-999.0,---,-999,-99.0,-99.0,24.018,0.054,22.701,0.018,-99.0,23.5,22.275,99.99,0.2,0.19,-999.0,-999.0,-999.0,-999.0,-999.0,-999.0,-999.0,-999.0,SVA1_COADD-2970727450,9.243995,-43.706295,25.040848,23.001095,21.77681,20.99465,0.129,0.0257,0.0116,0.008,2970727450,2970727450,SVA1_COADD-2970727450         ,9.244,-43.7063055555556,0.89092,-9.999,3.0,DES_AAOmega         ,//                            ,6,14400,2
EI1647  ,ATLAS3_J003658.8-435140C,00:36:58.88,-43:51:40.4,9.245321,-43.861227,0.22,0.34,0.017,1.03,1.492,0.658,0.038,0.658,0.038,0.658,0.038,0.688,0.04,0.688,0.04,0.688,0.04,-999.0,-999.0,P,-0.059,0.342,ELAIS-S1,EI1647*SWIRE3_J003658.83-435139.8*m1*C0  ,-----------------------------------------------------,1,1,1,EI1647  ,SWIRE3_J003658.83-435139.8,191320,SWIRE3_J003658.83-435139.8,9.24513,-43.86108,0.0103,0.01,22,236.59,2.22,361.47,2.66,0.03,EK0,2,192.91,2.11,280.68,2.87,0.03,CA0,2,116.85,5.91,158.71,9.52,0.02,CA0,0,84.8,5.02,75.12,6.26,0.56,CA0,0,-999.0,-999.0,-999.0,-999.0,-999.0,---,-999,22.075,0.004,20.301,0.002,19.312,0.001,21.034,19.179,18.274,0.03,0.03,0.03,-999.0,-999.0,-999.0,-999.0,-999.0,-999.0,-999.0,-999.0,SVA1_COADD-2970712136,9.245008,-43.861081,21.193932,19.644215,19.156078,18.827684,0.0042,0.0013,0.0011,0.0011,2970712136,2970712136,S523                          ,9.245125,-43.861069444444446,0.2885,-9.999,-2.0,ATLAS               ,-                             ,-9,-9,2
EI1648  ,ATLAS3_J003659.3-442622C,00:36:59.33,-44:26:22.9,9.247207,-44.439699,0.68,1.05,0.029,1.04,1.467,0.249,0.032,0.249,0.032,0.249,0.032,0.257,0.034,0.257,0.034,0.257,0.034,-999.0,-999.0,P,-999.0,-999.0,ELAIS-S1,EI1648*SWIRE3_J003659.26-442622.8*m1*C0  ,-----------------------------------------------------,1,1,1,EI1648  ,SWIRE3_J003659.26-442622.8,165579,SWIRE3_J003659.26-442622.8,9.24694,-44.43968,0.00846,0.00886,21,176.79,1.7,171.61,1.58,0.99,CA0,-1,118.18,1.8,108.97,1.74,0.96,CA0,0,135.9,6.17,131.34,7.08,0.08,CA2,0,128.4,6.24,87.44,6.34,0.52,CA0,0,1867.81,32.12,1574.19,38.92,0.94,CA0,0,-999.0,-999.0,-999.0,-999.0,-999.0,-999.0,-999.0,-999.0,-999.0,-999.0,-999.0,-999.0,-999.0,-999.0,-999.0,-999.0,-999.0,-999.0,-999.0,-999.0,SVA1_COADD-2970758250,9.246835,-44.439662,21.987545,20.513264,19.8989,19.656952,0.0091,0.0032,0.0023,0.0024,2970758250,2970758250,SVA1_COADD-2970758250         ,9.24683333333333,-44.4396666666667,0.65477,-9.999,4.0,DES_AAOmega         ,//                            ,3,7200,4
EI1651  ,ATLAS3_J003700.0-432528C,00:37:00.02,-43:25:28.9,9.250089,-43.424682,0.82,1.26,0.017,1.03,1.483,0.118,0.018,0.118,0.018,0.118,0.018,0.123,0.019,0.123,0.019,0.123,0.019,-999.0,-999.0,P,-999.0,-999.0,ELAIS-S1,EI1651*SWIRE3_J003700.05-432527.9*m1*C0  ,-----------------------------------------------------,1,1,1,EI1651  ,SWIRE3_J003700.05-432527.9,69108,SWIRE3_J003700.05-432527.9,9.25022,-43.42444,0.00803,0.00749,12,164.59,1.4,163.86,1.31,0.83,CA0,0,167.43,1.47,161.37,1.43,0.93,CA0,0,112.97,5.0,82.15,4.74,0.37,CA0,0,874.65,5.57,821.67,6.63,0.89,CA0,-1,1529.26,31.83,973.99,31.52,0.9,CA0,0,21.811,0.004,20.49,0.003,19.771,0.002,21.305,19.897,19.228,0.03,0.03,0.03,-999.0,-999.0,-999.0,-999.0,-999.0,-999.0,-999.0,-999.0,SVA1_COADD-2970788067,9.250101,-43.424465,21.185867,20.15322,19.661827,19.390385,0.0043,0.0021,0.0018,0.0018,2970788067,2970788067,0102-00753                    ,9.25023,-43.42445,0.22389618,-9.999,4.0,PRIMUS              ,-                             ,-9,-9,4
EI1655  ,ATLAS3_J003701.0-433801C,00:37:01.00,-43:38:01.3,9.254163,-43.633688,0.57,0.88,0.017,1.03,1.489,0.175,0.02,0.175,0.02,0.175,0.02,0.182,0.02,0.182,0.02,0.182,0.02,-999.0,-999.0,P,0.398,1.607,ELAIS-S1,EI1655*SWIRE3_J003700.98-433757.3*m1*C0  ,-----------------------------------------------------,2,1,1,EI1655  ,SWIRE3_J003700.98-433757.3,74311,SWIRE3_J003700.98-433757.3,9.25412,-43.6326,0.0104,0.00961,12,115.21,1.27,110.51,1.15,0.59,CA3,0,76.23,1.28,81.87,1.59,0.15,CA3,0,79.5,4.71,81.39,5.66,0.52,CA2,0,78.53,4.82,111.37,7.21,0.03,CA0,0,710.96,26.41,591.8,30.78,0.16,CA0,0,24.392,0.032,23.236,0.028,22.039,0.01,23.97,22.538,21.421,0.0,0.04,0.01,-999.0,-999.0,-999.0,-999.0,-999.0,-999.0,-999.0,-999.0,SVA1_COADD-2970738500,9.254106,-43.632563,23.901678,22.469845,21.57786,21.111034,0.0452,0.0154,0.0094,0.0086,2970738500,2970738500,SVA1_COADD-2970738500         ,9.254125,-43.6325555555556,0.70443,-9.999,3.0,DES_AAOmega         ,//                            ,3,7200,2
EI1658  ,ATLAS3_J003702.3-431715C,00:37:02.31,-43:17:15.3,9.259631,-43.287583,1.11,1.71,0.018,1.03,1.486,0.092,0.019,0.092,0.019,0.092,0.019,0.096,0.02,0.096,0.02,0.096,0.02,-999.0,-999.0,P,-999.0,-999.0,ELAIS-S1,EI1658*SWIRE3_J003702.37-431716.3*m1*C0  ,-----------------------------------------------------,2,1,1,EI1658  ,SWIRE3_J003702.37-431716.3,105193,SWIRE3_J003702.37-431716.3,9.2599,-43.28788,0.0106,0.0116,13,94.53,1.39,101.66,1.47,0.23,CA3,0,98.69,1.53,106.13,1.7,0.57,CA3,0,61.02,5.48,42.41,6.85,0.0,CA0,0,285.44,5.48,296.47,8.53,0.64,CA2,0,690.54,31.63,737.69,42.07,0.0,CA2,0,22.903,0.008,21.563,0.007,20.81,0.004,22.384,20.986,20.301,0.02,0.02,0.03,-999.0,-999.0,-999.0,-999.0,-999.0,-999.0,-999.0,-999.0,SVA1_COADD-2970825895,9.259796,-43.287897,22.241219,21.131912,20.62609,20.325073,0.0109,0.0049,0.0043,0.0043,2970825895,2970825895,SVA1_COADD-2970825895         ,9.25979166666667,-43.2878888888889,0.28397,-9.999,4.0,DES_AAOmega         ,CLi 9 0.28397 4 {} | EMa 9 0.2,8,16800,4
EI1664  ,ATLAS3_J003703.1-441454C,00:37:03.13,-44:14:54.7,9.26304,-44.248536,0.61,0.94,0.023,1.03,1.478,0.221,0.026,0.221,0.026,0.221,0.026,0.23,0.027,0.23,0.027,0.23,0.027,-999.0,-999.0,P,-999.0,-999.0,ELAIS-S1,EI1664*SWIRE3_J003703.00-441455.1*m1*C0  ,-----------------------------------------------------,1,1,1,EI1664  ,SWIRE3_J003703.00-441455.1,199812,SWIRE3_J003703.00-441455.1,9.26252,-44.24864,0.00914,0.00839,22,129.3,1.07,133.17,1.04,0.27,CA0,0,136.9,1.41,126.82,1.32,0.83,CA0,0,114.46,4.14,120.95,6.06,0.16,CA0,0,392.24,4.79,359.36,6.12,0.96,CA0,0,1185.78,30.93,837.13,32.72,0.78,CA0,0,-999.0,-999.0,-999.0,-999.0,-999.0,-999.0,-999.0,-999.0,-999.0,-999.0,-999.0,-999.0,-999.0,-999.0,-999.0,-999.0,-999.0,-999.0,-999.0,-999.0,SVA1_COADD-2970810547,9.262435,-44.248681,22.309357,21.002964,20.518953,20.074375,0.0114,0.0045,0.0038,0.0035,2970810547,2970810547,SVA1_COADD-2970810547         ,9.26241666666667,-44.2486944444445,0.39242,-9.999,4.0,DES_AAOmega         ,                              ,5,12000,4
EI1671  ,ATLAS3_J003705.0-441733C,00:37:05.05,-44:17:33.1,9.271043,-44.292541,0.74,1.15,0.024,1.03,1.477,0.191,0.027,0.191,0.027,0.191,0.027,0.198,0.028,0.198,0.028,0.198,0.028,-999.0,-999.0,P,-999.0,-999.0,ELAIS-S1,EI1671*SWIRE3_J003705.04-441731.8*m1*C0  ,-----------------------------------------------------,1,1,1,EI1671  ,SWIRE3_J003705.04-441731.8,200662,SWIRE3_J003705.04-441731.8,9.27103,-44.29218,0.012,0.0117,22,148.86,1.56,196.19,1.78,0.11,CA0,1,121.16,1.31,150.08,1.72,0.1,CA0,0,79.28,5.09,69.2,5.83,0.0,CA0,0,57.78,4.05,66.54,4.77,0.46,CA0,0,-999.0,-999.0,-999.0,-999.0,-999.0,---,-999,-999.0,-999.0,-999.0,-999.0,-999.0,-999.0,-999.0,-999.0,-999.0,-999.0,-999.0,-999.0,-999.0,-999.0,-999.0,-999.0,-999.0,-999.0,-999.0,-999.0,SVA1_COADD-2970797884,9.27098,-44.292211,21.888035,20.254742,19.724457,19.385,0.0082,0.0026,0.002,0.0019,2970797884,2970797884,S174                          ,9.271041666666669,-44.29219166666667,0.3626,-9.999,-2.0,ATLAS               ,-                             ,-9,-9,2
EI1676  ,ATLAS3_J003705.6-435202C,00:37:05.65,-43:52:02.0,9.273562,-43.867228,0.18,0.29,0.018,1.03,1.492,1.172,0.063,1.172,0.063,1.172,0.063,1.225,0.066,1.225,0.066,1.225,0.066,-999.0,-999.0,P,-0.61,0.213,ELAIS-S1,EI1676*SWIRE3_J003705.63-435201.3*m1*C0  ,-----------------------------------------------------,1,1,1,EI1676  ,SWIRE3_J003705.63-435201.3,190589,SWIRE3_J003705.63-435201.3,9.27347,-43.86705,0.00763,0.00904,22,214.66,2.06,261.84,2.16,0.06,CA0,2,167.96,2.14,199.35,2.48,0.06,CA0,2,161.69,6.22,189.39,8.7,0.09,CA0,0,150.77,5.68,122.6,6.57,0.66,CA0,0,629.25,31.38,414.13,27.47,0.49,CA0,0,23.639,0.014,22.103,0.01,20.802,0.004,22.665,21.063,19.816,0.01,0.01,0.03,-999.0,-999.0,-999.0,-999.0,-999.0,-999.0,-999.0,-999.0,SVA1_COADD-2970710808,9.273324,-43.867109,23.059235,21.255123,20.510143,20.050425,0.0279,0.0063,0.0043,0.004,2970710808,2970710808,S514*                         ,9.273458333333334,-43.86705,0.5523,-9.999,-2.0,ATLAS               ,-                             ,-9,-9,2
EI1679  ,ATLAS3_J003706.2-433936C,00:37:06.26,-43:39:36.2,9.276075,-43.660065,1.09,1.68,0.018,1.03,1.49,0.093,0.019,0.093,0.019,0.093,0.019,0.097,0.02,0.097,0.02,0.097,0.02,-999.0,-999.0,P,-999.0,-999.0,ELAIS-S1,EI1679*SWIRE3_J003706.37-433935.8*m1*C0  ,-----------------------------------------------------,2,1,1,EI1679  ,SWIRE3_J003706.37-433935.8,74307,SWIRE3_J003706.37-433935.8,9.27657,-43.65995,0.0108,0.00983,12,117.8,1.09,110.03,0.98,0.89,CA3,0,87.26,1.08,87.57,1.11,0.83,CA3,0,52.16,3.88,62.13,5.09,0.27,CA2,0,89.97,3.83,129.05,7.1,0.0,CA0,0,890.17,27.21,723.4,30.83,0.58,CA0,0,-999.0,-999.0,-999.0,-999.0,-999.0,-999.0,-999.0,-999.0,-999.0,-999.0,-999.0,-999.0,-999.0,-999.0,-999.0,-999.0,-999.0,-999.0,-999.0,-999.0,SVA1_COADD-2970732788,9.276451,-43.659782,24.765476,22.510841,22.168104,21.770607,0.1404,0.0809,0.0336,0.0395,2970732788,2970732788,SVA1_COADD-2970732788         ,9.27645833333333,-43.6597777777778,0.89224,-9.999,4.0,DES_AAOmega         ,CLi 8 0.89224 4 {} | rgs 8 0.8,9,21600,4
EI1680  ,ATLAS3_J003706.4-431442C,00:37:06.41,-43:14:42.9,9.276714,-43.245243,0.61,0.95,0.018,1.03,1.488,0.175,0.021,0.175,0.021,0.175,0.021,0.183,0.022,0.183,0.022,0.183,0.022,-999.0,-999.0,P,-999.0,-999.0,ELAIS-S1,EI1680*SWIRE3_J003706.38-431442.2*m1*C0  ,-----------------------------------------------------,1,1,1,EI1680  ,SWIRE3_J003706.38-431442.2,103607,SWIRE3_J003706.38-431442.2,9.2766,-43.24507,0.0095,0.00896,13,215.04,1.7,248.4,1.7,0.13,CA0,1,142.51,1.58,165.41,1.89,0.1,CA0,0,126.3,4.9,106.58,6.62,0.04,CA0,0,113.46,4.58,127.0,6.84,0.61,CA0,0,1054.07,31.4,926.64,36.72,0.57,CA0,0,23.056,0.011,21.996,0.01,20.9,0.004,22.566,21.297,20.156,0.09,0.02,0.03,-999.0,-999.0,-999.0,-999.0,-999.0,-999.0,-999.0,-999.0,SVA1_COADD-2970839870,9.276489,-43.245097,22.62681,21.3024,20.577951,20.196392,0.0152,0.0057,0.004,0.0038,2970839870,2970839870,SWIRE4 J003706.38-431442.3    ,9.276583333333331,-43.245083333333326,0.66842,-9.999,-2.0,ATLAS               ,-                             ,-9,-9,2
EI1682  ,ATLAS3_J003707.0-432730C,00:37:07.06,-43:27:30.1,9.279411,-43.458349,0.72,1.12,0.017,1.03,1.482,0.14,0.019,0.14,0.019,0.14,0.019,0.146,0.02,0.146,0.02,0.146,0.02,-999.0,-999.0,P,-0.219,1.287,ELAIS-S1,EI1682*SWIRE3_J003707.05-432729.6*m1*C0  ,-----------------------------------------------------,1,1,1,EI1682  ,SWIRE3_J003707.05-432729.6,69047,SWIRE3_J003707.05-432729.6,9.27938,-43.45823,0.00954,0.00907,12,121.27,1.31,118.05,1.24,0.91,CA0,0,105.1,1.41,101.76,1.41,0.53,CA0,0,80.69,4.68,69.02,5.01,0.49,CA0,0,615.0,5.87,640.86,9.39,0.84,CA0,-1,710.0,32.38,653.62,40.68,0.0,CA0,0,22.921,0.008,21.55,0.006,20.771,0.003,22.284,20.918,20.224,0.02,0.03,0.03,-999.0,-999.0,-999.0,-999.0,-999.0,-999.0,-999.0,-999.0,SVA1_COADD-2970777514,9.279284,-43.458237,22.363325,21.206758,20.661274,20.302193,0.0211,0.0079,0.006,0.0058,2970777514,2970777514,SVA1_COADD-2970777514         ,9.27929166666667,-43.45825,0.20683,-9.999,4.0,DES_AAOmega         ,//                            ,3,7200,4
EI1690  ,ATLAS3_J003708.6-432352C,00:37:08.64,-43:23:52.7,9.285998,-43.397976,0.16,0.26,0.017,1.04,1.482,3.286,0.168,3.286,0.168,3.286,0.168,3.116,0.161,3.116,0.161,3.116,0.161,-999.0,-999.0,P,0.931,0.115,ELAIS-S1,EI1690*SWIRE3_J003708.60-432352.9*m1*C0  ,-----------------------------------------------------,1,1,1,EI1690  ,SWIRE3_J003708.60-432352.9,67177,SWIRE3_J003708.60-432352.9,9.28584,-43.39803,0.00864,0.00828,12,147.55,1.21,148.29,1.18,0.97,CA0,0,181.76,1.35,177.78,1.34,0.95,CA0,0,226.55,4.91,191.02,4.72,0.49,CA0,0,261.58,3.9,224.07,4.99,0.9,CA0,0,-99.0,-99.0,-99.0,-99.0,-9.0,---,-99,21.459,0.004,20.953,0.004,20.423,0.003,21.311,20.756,20.249,0.98,0.96,0.98,-999.0,-999.0,-999.0,-999.0,-999.0,-999.0,-999.0,-999.0,SVA1_COADD-2970795406,9.285747,-43.397993,20.246634,19.938734,20.045818,20.189304,0.004,0.0038,0.0054,0.008,2970795406,2970795406,SVA1_COADD-2970795406         ,9.28575,-43.398,1.24878,-9.999,4.0,DES_AAOmega         ,/qso/                         ,23,53400,4
EI1691  ,ATLAS3_J003708.6-432645C,00:37:08.65,-43:26:45.4,9.286061,-43.44594,0.8,1.24,0.017,1.04,1.482,0.126,0.019,0.126,0.019,0.126,0.019,0.131,0.02,0.131,0.02,0.131,0.02,-999.0,-999.0,P,-999.0,-999.0,ELAIS-S1,EI1691*SWIRE3_J003708.69-432646.5*m1*C0  ,-----------------------------------------------------,1,1,1,EI1691  ,SWIRE3_J003708.69-432646.5,68491,SWIRE3_J003708.69-432646.5,9.28621,-43.44626,0.0108,0.00922,12,218.25,1.51,316.05,1.74,0.03,CA0,2,193.68,1.88,276.69,2.38,0.03,CA0,2,132.21,4.86,187.92,6.75,0.0,CA0,0,273.98,5.19,399.71,10.15,0.0,CA0,0,1025.05,26.66,1063.63,38.92,0.56,CA0,0,21.814,0.004,20.784,0.004,19.746,0.002,20.39,19.397,18.468,0.03,0.03,0.03,-999.0,-999.0,-999.0,-999.0,-999.0,-999.0,-999.0,-999.0,SVA1_COADD-2970783065,9.286136,-43.446239,21.478151,20.223728,19.759203,19.473919,0.0106,0.0049,0.0043,0.0046,2970783065,2970783065,SVA1_COADD-2970783065         ,9.286125,-43.44625,0.4591,-9.999,4.0,DES_AAOmega         ,//                            ,3,7200,4
EI1693  ,ATLAS3_J003709.2-433211C,00:37:09.24,-43:32:11.7,9.28851,-43.536597,0.56,0.87,0.018,1.03,1.483,0.189,0.021,0.35,0.025,0.35,0.025,0.197,0.022,0.365,0.026,0.365,0.026,8.9,1.3,E,-0.925,0.598,ELAIS-S1,EI1693*SWIRE3_J003709.15-433212.5*m1*C0  ,-----------------------------------------------------,1,1,1,EI1693  ,SWIRE3_J003709.15-433212.5,70865,SWIRE3_J003709.15-433212.5,9.28816,-43.53683,0.00659,0.00774,12,1263.32,4.08,2793.12,5.56,0.03,EK3,2,767.98,4.57,1636.15,6.58,0.03,EK3,2,708.81,8.95,1245.32,15.71,0.03,CA0,2,606.14,7.26,846.83,13.95,0.28,CA0,1,899.75,32.59,759.24,36.19,0.31,CA0,0,18.523,0.001,17.474,0.0,16.856,0.0,17.031,15.986,15.407,0.03,0.03,0.03,-999.0,-999.0,-999.0,-999.0,-999.0,-999.0,-999.0,-999.0,SVA1_COADD-2970761641,9.288141,-43.53687,18.139297,17.291998,16.953325,16.677881,0.0006,0.0003,0.0003,0.0002,2970761641,2970761641,S808                          ,9.288166666666667,-43.536830555555554,0.0446,-9.999,-2.0,ATLAS               ,-                             ,-9,-9,2
EI1699  ,ATLAS3_J003711.7-435642C,00:37:11.70,-43:56:42.3,9.298731,-43.945092,0.32,0.5,0.019,1.04,1.489,0.394,0.028,0.394,0.028,0.394,0.028,0.411,0.029,0.411,0.029,0.411,0.029,-999.0,-999.0,P,-2.314,0.655,ELAIS-S1,EI1699*SWIRE3_J003711.71-435641.5*m1*C0  ,-----------------------------------------------------,1,1,1,EI1699  ,SWIRE3_J003711.71-435641.5,191788,SWIRE3_J003711.71-435641.5,9.29882,-43.94487,0.00842,0.00835,22,178.6,1.92,226.63,2.07,0.08,CA2,2,184.74,2.18,205.81,2.38,0.34,CA2,0,218.88,6.88,267.46,11.21,0.16,CA0,0,234.32,5.98,218.78,8.5,0.89,CA2,0,1042.32,31.49,814.81,37.07,0.07,CA0,0,22.394,0.008,21.763,0.01,21.057,0.005,21.772,20.819,20.019,0.85,0.27,0.03,-999.0,-999.0,-999.0,-999.0,-999.0,-999.0,-999.0,-999.0,SVA1_COADD-2970864994,9.298687,-43.944906,22.949732,21.754715,21.03997,20.799137,0.0232,0.0105,0.0081,0.0081,2970864994,2970864994,S454                          ,9.298833333333334,-43.94485833333333,0.5985,-9.999,-2.0,ATLAS               ,-                             ,-9,-9,2
EI1703  ,ATLAS3_J003713.5-431342C,00:37:13.54,-43:13:42.8,9.30641,-43.228554,0.27,0.41,0.019,1.02,1.49,2.006,0.09,2.838,0.119,2.838,0.119,2.095,0.094,2.965,0.124,2.965,0.124,6.2,0.6,E,-0.654,0.255,ELAIS-S1,EI1703*SWIRE3_J003713.53-431342.8*m1*C0  ,-----------------------------------------------------,1,1,1,EI1703  ,SWIRE3_J003713.53-431342.8,102295,SWIRE3_J003713.53-431342.8,9.30641,-43.22857,0.00853,0.00774,13,425.61,2.87,670.51,3.36,0.03,EK0,2,331.3,2.84,513.6,3.65,0.03,EK0,2,215.61,6.65,244.47,8.41,0.02,CA0,0,165.94,5.75,195.33,8.93,0.47,CA0,0,-999.0,-999.0,-999.0,-999.0,-999.0,---,-999,21.146,0.002,19.399,0.001,18.562,0.001,20.112,18.326,17.528,0.03,0.03,0.03,-999.0,-999.0,-999.0,-999.0,-999.0,-999.0,-999.0,-999.0,SVA1_COADD-2970845273,9.306288,-43.22855,20.310627,18.904531,18.473284,18.142479,0.0023,0.0008,0.0007,0.0006,2970845273,2970845273,SWIRE4 J003713.54-431342.8    ,9.306416666666664,-43.22855555555555,0.2214,-9.999,-2.0,ATLAS               ,5                             ,-9,-9,2
EI1704  ,ATLAS3_J003714.0-432111C,00:37:14.03,-43:21:11.9,9.308478,-43.353304,0.88,1.35,0.018,1.03,1.483,0.119,0.02,0.119,0.02,0.119,0.02,0.124,0.02,0.124,0.02,0.124,0.02,-999.0,-999.0,P,-999.0,-999.0,ELAIS-S1,EI1704*SWIRE3_J003713.90-432110.4*m1*C0  ,-----------------------------------------------------,1,1,1,EI1704  ,SWIRE3_J003713.90-432110.4,105335,SWIRE3_J003713.90-432110.4,9.30795,-43.35289,0.00904,0.00936,13,141.01,1.4,160.12,1.4,0.04,CA0,2,135.46,1.39,149.32,1.55,0.03,CA0,0,123.77,4.85,130.81,5.09,0.0,CA0,0,536.49,5.23,582.56,7.42,0.06,CA0,2,1141.07,32.33,1070.03,39.41,0.6,CA0,0,21.677,0.003,20.472,0.003,19.827,0.002,20.815,19.562,18.973,0.03,0.03,0.03,-999.0,-999.0,-999.0,-999.0,-999.0,-999.0,-999.0,-999.0,SVA1_COADD-2970808875,9.307831,-43.352898,21.1333,20.23109,19.81981,19.597271,0.0044,0.0023,0.0021,0.0021,2970808875,2970808875,SVA1_COADD-2970808875         ,9.30783333333333,-43.3528888888889,0.25896,-9.999,4.0,DES_AAOmega         ,                              ,6,11500,4
EI1705  ,ATLAS3_J003714.1-430834C,00:37:14.17,-43:08:34.0,9.309039,-43.142768,0.28,0.44,0.02,1.02,1.491,0.48,0.032,0.48,0.032,0.48,0.032,0.502,0.033,0.502,0.033,0.502,0.033,-999.0,-999.0,P,-0.151,0.471,ELAIS-S1,EI1705*SWIRE3_J003714.11-430833.2*m1*C0  ,-----------------------------------------------------,1,1,1,EI1705  ,SWIRE3_J003714.11-430833.2,100070,SWIRE3_J003714.11-430833.2,9.3088,-43.14256,0.00824,0.00918,13,376.43,2.46,609.72,2.99,0.03,EK2,2,292.69,2.74,477.57,3.52,0.03,EK2,2,178.33,5.7,227.3,9.06,0.1,CA0,0,168.58,5.53,275.99,11.54,0.0,CA0,0,-999.0,-999.0,-999.0,-999.0,-999.0,---,-999,21.238,0.002,19.538,0.002,18.7,0.001,20.081,18.365,17.59,0.03,0.03,0.03,-999.0,-999.0,-999.0,-999.0,-999.0,-999.0,-999.0,-999.0,SVA1_COADD-2970461437,9.308692,-43.142586,20.469358,19.076971,18.619297,18.309065,0.0018,0.0006,0.0005,0.0004,2970461437,2970461437,SWIRE4 J003714.11-430833.3    ,9.308791666666666,-43.14258333333333,0.2221,-9.999,-2.0,ATLAS               ,5                             ,-9,-9,2
EI1706  ,ATLAS3_J003714.4-440511C,00:37:14.44,-44:05:11.8,9.310177,-44.086614,0.95,1.46,0.025,1.04,1.482,0.153,0.027,0.153,0.027,0.153,0.027,0.159,0.028,0.159,0.028,0.159,0.028,-999.0,-999.0,P,-999.0,-999.0,ELAIS-S1,EI1706*SWIRE3_J003714.45-440511.4*m1*C0  ,-----------------------------------------------------,1,1,1,EI1706  ,SWIRE3_J003714.45-440511.4,194750,SWIRE3_J003714.45-440511.4,9.31021,-44.08651,0.0183,0.0184,22,36.42,0.65,45.57,0.89,0.01,CA0,0,36.7,1.02,41.62,1.48,0.04,CA0,0,38.06,3.38,41.2,3.51,0.35,CA0,0,58.41,4.56,77.24,6.11,0.14,CA0,0,836.99,26.14,866.08,34.44,0.49,CA0,0,-999.0,-999.0,-999.0,-999.0,-999.0,-999.0,-999.0,-999.0,-999.0,-999.0,-999.0,-999.0,-999.0,-999.0,-999.0,-999.0,-999.0,-999.0,-999.0,-999.0,SVA1_COADD-2970848750,9.31019,-44.086422,22.969048,21.8918,21.53444,21.2355,0.021,0.01,0.0095,0.0101,2970848750,2970848750,SVA1_COADD-2970848750         ,9.31020833333333,-44.0864166666667,0.36474,-9.999,3.0,DES_AAOmega         ,                              ,6,14500,2
EI1707  ,ATLAS3_J003715.3-443550C,00:37:15.30,-44:35:50.4,9.313736,-44.597333,0.42,0.65,0.051,1.06,1.436,0.766,0.067,0.766,0.067,0.766,0.067,0.78,0.068,0.78,0.068,0.78,0.068,-999.0,-999.0,P,-0.626,1.077,ELAIS-S1,EI1707*SWIRE3_J003715.23-443550.0*m1*C0  ,-----------------------------------------------------,1,1,1,EI1707  ,SWIRE3_J003715.23-443550.0,167563,SWIRE3_J003715.23-443550.0,9.31346,-44.59723,0.0112,0.0105,21,246.83,1.85,426.21,2.43,0.04,EK3,2,196.54,1.83,296.65,2.52,0.1,CA3,2,161.66,5.34,257.57,9.6,0.01,CA2,0,85.67,4.8,76.84,6.05,0.34,CA0,0,-999.0,-999.0,-999.0,-999.0,-999.0,---,-999,-999.0,-999.0,-999.0,-999.0,-999.0,-999.0,-999.0,-999.0,-999.0,-999.0,-999.0,-999.0,-999.0,-999.0,-999.0,-999.0,-999.0,-999.0,-999.0,-999.0,SVA1_COADD-2970728515,9.313383,-44.597245,22.056416,20.123028,19.53441,19.161823,0.0094,0.0024,0.0017,0.0017,2970728515,2970728515,S26                           ,9.313458333333331,-44.59724166666667,0.4079,-9.999,-2.0,ATLAS               ,-                             ,-9,-9,2
EI1708  ,ATLAS3_J003715.3-432251C,00:37:15.33,-43:22:51.6,9.313886,-43.381006,0.85,1.32,0.018,1.04,1.481,0.12,0.019,0.12,0.019,0.12,0.019,0.125,0.02,0.125,0.02,0.125,0.02,-999.0,-999.0,P,-999.0,-999.0,ELAIS-S1,EI1708*SWIRE3_J003715.42-432250.5*m1*C0  ,-----------------------------------------------------,1,1,1,EI1708  ,SWIRE3_J003715.42-432250.5,65713,SWIRE3_J003715.42-432250.5,9.31426,-43.3807,0.00824,0.00774,12,233.25,1.92,371.49,2.17,0.03,CA2,2,178.55,1.83,295.49,2.49,0.03,CA0,2,165.8,5.44,230.79,8.33,0.0,CA0,0,880.95,6.77,1423.96,10.87,0.02,CA0,2,1322.88,32.82,1108.16,39.82,0.36,CA0,0,20.791,0.002,19.773,0.002,19.181,0.001,19.222,18.311,17.798,0.03,0.03,0.03,-999.0,-999.0,-999.0,-999.0,-999.0,-999.0,-999.0,-999.0,SVA1_COADD-2970802550,9.314109,-43.38072,20.42153,19.643368,19.293404,19.070936,0.0026,0.0014,0.0013,0.0013,2970802550,2970802550,S940                          ,9.31425,-43.38073055555556,0.1558,-9.999,-2.0,ATLAS               ,-                             ,-9,-9,2
EI1719C1,ATLAS3_J003717.5-443016C,00:37:17.52,-44:30:16.5,9.323017,-44.504574,0.16,0.25,0.039,1.05,1.459,43.315,2.167,43.315,2.167,90.985,3.2224391382926068,44.762,2.247,44.762,2.247,94.024,3.341367684047956,-999.0,-999.0,P,-0.796,0.1,ELAIS-S1,EI1719C1*SWIRE3_J003717.89-443013.9*m2*C0,-----------------------------------------------------,1,2,1,EI1719C1,SWIRE3_J003717.89-443013.9,164855,SWIRE3_J003717.89-443013.9,9.32455,-44.50388,0.00814,0.00781,21,141.68,1.3,146.22,1.3,0.94,CA2,0,190.56,2.12,190.25,2.11,0.64,CA2,0,259.61,5.72,222.64,6.02,0.8,CA0,0,439.7,6.04,380.11,7.0,0.96,CA0,0,1239.7,26.15,952.63,30.76,0.81,CA0,0,-999.0,-999.0,-999.0,-999.0,-999.0,-999.0,-999.0,-999.0,-999.0,-999.0,-999.0,-999.0,-999.0,-999.0,-999.0,-999.0,-999.0,-999.0,-999.0,-999.0,SVA1_COADD-2970746282,9.324472,-44.503906,21.24531,20.573458,20.438437,20.394217,0.0051,0.0033,0.0035,0.0045,2970746282,2970746282,SVA1_COADD-2970746282         ,9.32445833333333,-44.5039166666667,1.32429,-9.999,4.0,DES_AAOmega         ,                              ,3,7200,4
EI1720  ,ATLAS3_J003717.9-435051C,00:37:17.90,-43:50:51.4,9.324587,-43.847604,0.42,0.65,0.019,1.03,1.494,0.279,0.024,0.279,0.024,0.279,0.024,0.292,0.025,0.292,0.025,0.292,0.025,-999.0,-999.0,P,-1.993,0.818,ELAIS-S1,EI1720*SWIRE3_J003717.89-435051.1*m1*C0  ,-----------------------------------------------------,1,1,1,EI1720  ,SWIRE3_J003717.89-435051.1,188703,SWIRE3_J003717.89-435051.1,9.32457,-43.84754,0.00965,0.0108,22,76.59,1.29,76.44,1.34,0.78,CA0,0,71.23,1.5,65.87,1.7,0.83,CA0,0,83.98,5.84,95.65,6.37,0.51,CA0,0,166.77,5.75,157.44,7.45,0.71,CA0,0,1370.31,31.07,1389.7,43.6,0.38,CA0,0,22.586,0.008,22.184,0.01,21.751,0.008,22.094,21.659,21.244,0.03,0.04,0.03,-999.0,-999.0,-999.0,-999.0,-999.0,-999.0,-999.0,-999.0,SVA1_COADD-2970712513,9.324468,-43.847546,22.506058,22.106241,21.602772,21.347492,0.0128,0.0115,0.0097,0.0109,2970712513,2970712513,SVA1_COADD-2970712513         ,9.32445833333333,-43.8475555555556,1.09086,-9.999,3.0,DES_AAOmega         ,                              ,6,14400,2
EI1724  ,ATLAS3_J003718.8-431445C,00:37:18.88,-43:14:45.9,9.328647,-43.246076,0.73,1.13,0.018,1.02,1.489,0.145,0.02,0.145,0.02,0.145,0.02,0.152,0.021,0.152,0.021,0.152,0.021,-999.0,-999.0,P,-999.0,-999.0,ELAIS-S1,EI1724*SWIRE3_J003718.89-431445.7*m1*C0  ,-----------------------------------------------------,1,1,1,EI1724  ,SWIRE3_J003718.89-431445.7,102029,SWIRE3_J003718.89-431445.7,9.32875,-43.24604,0.00929,0.0115,13,110.74,1.22,116.37,1.29,0.32,CA0,0,106.77,1.37,109.36,1.5,0.46,CA0,0,75.78,5.11,87.07,7.32,0.0,CA0,0,287.6,4.64,340.68,8.33,0.38,CA0,0,-99.0,-99.0,-99.0,-99.0,-9.0,---,-99,23.123,0.01,21.629,0.007,20.761,0.004,22.364,20.836,20.115,0.01,0.02,0.03,-999.0,-999.0,-999.0,-999.0,-999.0,-999.0,-999.0,-999.0,SVA1_COADD-2970839638,9.328584,-43.246066,22.345943,21.10211,20.586555,20.21972,0.0119,0.0048,0.004,0.0039,2970839638,2970839638,SVA1_COADD-2970839638         ,9.32858333333333,-43.2460555555556,0.25907,-9.999,4.0,DES_AAOmega         ,                              ,12,25800,4
EI1725  ,ATLAS3_J003719.2-434439C,00:37:19.25,-43:44:39.8,9.33021,-43.744391,0.85,1.31,0.018,1.02,1.495,0.123,0.02,0.123,0.02,0.123,0.02,0.129,0.021,0.129,0.021,0.129,0.021,-999.0,-999.0,P,-999.0,-999.0,ELAIS-S1,EI1725*SWIRE3_J003719.29-434439.7*m1*C0  ,-----------------------------------------------------,1,1,1,EI1725  ,SWIRE3_J003719.29-434439.7,186091,SWIRE3_J003719.29-434439.7,9.33041,-43.74437,0.00799,0.00745,22,170.65,1.84,173.18,1.72,0.9,CA0,-1,178.85,2.15,174.56,2.02,0.82,CA0,0,95.97,5.98,95.93,7.25,0.25,CA0,0,463.08,6.66,450.17,9.49,0.89,CA0,0,1022.55,24.5,763.57,27.81,0.47,CA0,0,22.072,0.004,20.683,0.003,19.933,0.002,21.412,20.072,19.359,0.04,0.05,0.04,-999.0,-999.0,-999.0,-999.0,-999.0,-999.0,-999.0,-999.0,SVA1_COADD-2970721781,9.33028,-43.744406,21.477144,20.291647,19.82617,19.405394,0.0054,0.0024,0.0021,0.0019,2970721781,2970721781,SVA1_COADD-2970721781         ,9.33029166666667,-43.7444166666667,0.33624,-9.999,4.0,DES_AAOmega         ,//                            ,3,7200,4
EI1729  ,ATLAS3_J003721.0-434240C,00:37:21.04,-43:42:40.5,9.337657,-43.711257,0.19,0.29,0.018,1.02,1.495,1.072,0.058,1.072,0.058,1.072,0.058,1.122,0.06,1.122,0.06,1.122,0.06,-999.0,-999.0,P,-1.318,0.398,ELAIS-S1,EI1729*SWIRE3_J003721.04-434240.2*m1*C0  ,-----------------------------------------------------,1,1,1,EI1729  ,SWIRE3_J003721.04-434240.2,73717,SWIRE3_J003721.04-434240.2,9.33767,-43.71117,0.00457,0.00461,12,574.98,3.4,892.18,3.85,0.07,EK3,2,727.11,4.1,1080.17,4.97,0.49,EK2,1,1232.55,10.13,1318.48,11.39,0.53,CA0,1,3596.44,12.69,3603.8,12.89,0.79,CA0,1,27766.62,36.15,24711.58,48.12,0.82,CA0,-1,19.925,0.001,18.902,0.001,18.318,0.001,19.141,17.989,17.402,0.03,0.03,0.03,-999.0,-999.0,-999.0,-999.0,-999.0,-999.0,-999.0,-999.0,SVA1_COADD-2970727470,9.337718,-43.711125,19.550257,18.693754,18.37495,18.215675,0.0013,0.0007,0.0007,0.0007,2970727470,2970727470,SWIRE4 J003721.05-434240.0    ,9.337708333333332,-43.71111111111111,0.2251,-9.999,-2.0,ATLAS               ,5                             ,-9,-9,2
EI1733  ,ATLAS3_J003722.2-430423C,00:37:22.21,-43:04:23.1,9.342551,-43.073084,0.85,1.32,0.022,1.02,1.488,0.149,0.024,0.149,0.024,0.149,0.024,0.156,0.025,0.156,0.025,0.156,0.025,-999.0,-999.0,P,-999.0,-999.0,ELAIS-S1,EI1733*SWIRE3_J003722.19-430424.1*m1*C0  ,-----------------------------------------------------,1,1,1,EI1733  ,SWIRE3_J003722.19-430424.1,97151,SWIRE3_J003722.19-430424.1,9.34248,-43.07337,0.0104,0.0114,13,88.27,1.35,87.36,1.3,0.67,CA3,0,75.21,1.51,83.31,1.85,0.2,CA3,0,52.02,5.36,40.53,4.88,0.5,CA0,0,89.95,5.6,84.54,6.6,0.5,CA0,0,-999.0,-999.0,-999.0,-999.0,-999.0,---,-999,23.801,0.018,22.594,0.015,21.349,0.006,23.173,21.751,20.617,0.0,0.0,0.02,-999.0,-999.0,-999.0,-999.0,-999.0,-999.0,-999.0,-999.0,SVA1_COADD-2970467826,9.34236,-43.073388,23.340652,21.775673,21.182684,20.769508,0.0209,0.0055,0.0046,0.004,2970467826,2970467826,SVA1_COADD-2970467826         ,9.342375,-43.0733888888889,0.46163,-9.999,3.0,DES_AAOmega         ,                              ,6,12600,2
EI1734  ,ATLAS3_J003722.8-440226C,00:37:22.87,-44:02:26.3,9.34529,-44.040635,0.96,1.49,0.024,1.04,1.482,0.144,0.026,0.144,0.026,0.144,0.026,0.15,0.027,0.15,0.027,0.15,0.027,-999.0,-999.0,P,-999.0,-999.0,ELAIS-S1,EI1734*SWIRE3_J003722.85-440225.8*m1*C0  ,-----------------------------------------------------,1,1,1,EI1734  ,SWIRE3_J003722.85-440225.8,192708,SWIRE3_J003722.85-440225.8,9.34523,-44.0405,0.00997,0.01,22,86.23,1.09,84.49,1.06,0.86,CA0,0,84.91,1.4,78.52,1.41,0.73,CA0,0,55.15,4.47,47.14,4.77,0.45,CA0,0,249.73,5.2,210.8,6.43,0.83,CA0,0,-99.0,-99.0,-99.0,-99.0,-9.0,---,-99,-999.0,-999.0,-999.0,-999.0,-999.0,-999.0,-999.0,-999.0,-999.0,-999.0,-999.0,-999.0,-999.0,-999.0,-999.0,-999.0,-999.0,-999.0,-999.0,-999.0,SVA1_COADD-2970857115,9.345168,-44.040505,22.51473,21.178795,20.732342,20.320513,0.0141,0.0058,0.0047,0.0044,2970857115,2970857115,SVA1_COADD-2970857115         ,9.34516666666667,-44.0405,0.35229,-9.999,3.0,DES_AAOmega         ,"//HK,O2,O3                    ",3,7200,2
EI1735  ,ATLAS3_J003723.0-440437C,00:37:23.05,-44:04:37.8,9.346028,-44.07716,0.76,1.17,0.026,1.04,1.48,0.197,0.028,0.197,0.028,0.197,0.028,0.205,0.03,0.205,0.03,0.205,0.03,-999.0,-999.0,P,-999.0,-999.0,ELAIS-S1,EI1735*SWIRE3_J003723.06-440436.9*m1*C0  ,-----------------------------------------------------,1,1,1,EI1735  ,SWIRE3_J003723.06-440436.9,193555,SWIRE3_J003723.06-440436.9,9.34611,-44.07692,0.00623,0.00767,22,292.46,1.94,342.45,1.91,0.15,CA0,1,273.01,2.12,309.33,2.14,0.04,CA0,2,204.23,5.36,220.93,6.29,0.18,CA0,0,885.19,6.56,1040.83,9.23,0.04,CA0,2,1278.46,30.69,984.42,33.35,0.83,CA0,0,-999.0,-999.0,-999.0,-999.0,-999.0,-999.0,-999.0,-999.0,-999.0,-999.0,-999.0,-999.0,-999.0,-999.0,-999.0,-999.0,-999.0,-999.0,-999.0,-999.0,SVA1_COADD-2970857079,9.346031,-44.07692,21.27915,20.026638,19.500444,19.078781,0.0054,0.0023,0.0017,0.0015,2970857079,2970857079,SVA1_COADD-2970857079         ,9.34604166666667,-44.0769166666667,0.22608,-9.999,4.0,DES_AAOmega         ,//                            ,5,12000,4
EI1737  ,ATLAS3_J003723.3-442245C,00:37:23.33,-44:22:45.1,9.347217,-44.379194,0.16,0.25,0.03,1.03,1.475,43.938,2.241,43.938,2.241,43.938,2.241,43.497,2.23,43.497,2.23,43.497,2.23,-999.0,-999.0,P,0.193,0.1,ELAIS-S1,EI1737*SWIRE3_J003723.33-442244.6*m1*C0  ,-----------------------------------------------------,1,1,1,EI1737  ,SWIRE3_J003723.33-442244.6,161401,SWIRE3_J003723.33-442244.6,9.34724,-44.37906,0.0146,0.0135,21,53.57,0.8,66.91,1.1,0.48,CA0,0,65.0,1.35,68.1,1.74,0.86,CA0,0,79.98,4.12,58.91,3.39,0.09,CA0,0,116.87,5.22,74.48,5.03,0.69,CA0,0,552.79,27.9,728.79,36.04,0.07,CA1,0,-999.0,-999.0,-999.0,-999.0,-999.0,-999.0,-999.0,-999.0,-999.0,-999.0,-999.0,-999.0,-999.0,-999.0,-999.0,-999.0,-999.0,-999.0,-999.0,-999.0,SVA1_COADD-2970771858,9.347071,-44.379088,21.716946,21.365488,21.394255,21.439796,0.0074,0.0063,0.0082,0.012,2970771858,2970771858,S109                          ,9.347208333333334,-44.3791,1.3305,-9.999,-2.0,ATLAS               ,-                             ,-9,-9,2
EI1742  ,ATLAS3_J003723.7-441806C,00:37:23.76,-44:18:06.1,9.349015,-44.301682,1.01,1.56,0.026,1.02,1.477,0.147,0.028,0.147,0.028,0.147,0.028,0.153,0.029,0.153,0.029,0.153,0.029,-999.0,-999.0,P,-999.0,-999.0,ELAIS-S1,EI1742*SWIRE3_J003723.79-441804.6*m1*C0  ,-----------------------------------------------------,1,1,1,EI1742  ,SWIRE3_J003723.79-441804.6,159617,SWIRE3_J003723.79-441804.6,9.34916,-44.30128,0.00976,0.00936,21,112.92,1.26,104.13,1.14,0.94,CA0,0,86.76,1.42,78.33,1.42,0.87,CA0,0,104.99,4.81,94.24,5.96,0.24,CA0,0,123.44,5.23,100.16,6.52,0.53,CA0,0,1177.39,33.25,824.22,32.32,0.77,CA0,0,-999.0,-999.0,-999.0,-999.0,-999.0,-999.0,-999.0,-999.0,-999.0,-999.0,-999.0,-999.0,-999.0,-999.0,-999.0,-999.0,-999.0,-999.0,-999.0,-999.0,SVA1_COADD-2970794436,9.349097,-44.30132,23.871323,22.088514,21.302765,20.864649,0.0444,0.0112,0.0074,0.007,2970794436,2970794436,SVA1_COADD-2970794436         ,9.34908333333333,-44.3013333333333,0.5805,-9.999,4.0,DES_AAOmega         ,//                            ,8,19200,4
EI1748  ,ATLAS3_J003725.9-440451C,00:37:25.92,-44:04:51.5,9.358015,-44.080973,0.99,1.53,0.026,1.04,1.479,0.155,0.029,0.155,0.029,0.155,0.029,0.161,0.03,0.161,0.03,0.161,0.03,-999.0,-999.0,P,-999.0,-999.0,ELAIS-S1,EI1748*SWIRE3_J003725.82-440451.7*m1*C0  ,-----------------------------------------------------,1,1,1,EI1748  ,SWIRE3_J003725.82-440451.7,193321,SWIRE3_J003725.82-440451.7,9.35759,-44.08104,0.01,0.009,22,95.19,1.45,99.08,1.41,0.24,CA0,0,104.42,1.4,100.13,1.37,0.87,CA0,0,80.91,5.65,97.83,7.96,0.28,CA0,0,472.28,5.56,450.82,6.86,0.85,CA0,0,1684.69,27.42,1429.78,34.31,0.92,CA0,0,-999.0,-999.0,-999.0,-999.0,-999.0,-999.0,-999.0,-999.0,-999.0,-999.0,-999.0,-999.0,-999.0,-999.0,-999.0,-999.0,-999.0,-999.0,-999.0,-999.0,SVA1_COADD-2970850218,9.357565,-44.081061,21.770449,20.704344,20.268576,19.96539,0.0078,0.0038,0.0032,0.0033,2970850218,2970850218,SVA1_COADD-2970850218         ,9.35758333333333,-44.0810555555556,0.22557,-9.999,4.0,DES_AAOmega         ,//                            ,5,10200,4
EI1753  ,ATLAS3_J003727.5-432746C,00:37:27.56,-43:27:46.1,9.364838,-43.462815,1.03,1.59,0.019,1.04,1.477,0.11,0.021,0.11,0.021,0.11,0.021,0.114,0.022,0.114,0.022,0.114,0.022,-999.0,-999.0,P,-999.0,-999.0,ELAIS-S1,EI1753*SWIRE3_J003727.52-432745.0*m1*C0  ,-----------------------------------------------------,1,1,1,EI1753  ,SWIRE3_J003727.52-432745.0,66225,SWIRE3_J003727.52-432745.0,9.3647,-43.46251,0.00882,0.00731,12,192.78,1.62,208.33,1.57,0.33,CA0,1,175.47,1.84,184.73,1.9,0.16,CA0,0,167.3,5.24,156.44,5.86,0.2,CA0,0,575.66,5.84,554.64,7.83,0.85,CA0,0,1460.55,25.98,1151.34,29.83,0.87,CA0,0,22.579,0.006,21.061,0.004,20.214,0.002,21.766,20.223,19.451,0.02,0.03,0.03,-999.0,-999.0,-999.0,-999.0,-999.0,-999.0,-999.0,-999.0,SVA1_COADD-2970777337,9.364631,-43.462553,21.86069,20.644339,20.090633,19.722692,0.0079,0.0032,0.0026,0.0024,2970777337,2970777337,SVA1_COADD-2970777337         ,9.364625,-43.4625555555556,0.27517,-9.999,4.0,DES_AAOmega         ,//                            ,6,14400,4
EI1757  ,ATLAS3_J003729.4-441159C,00:37:29.40,-44:11:59.6,9.372519,-44.199891,0.39,0.6,0.027,1.03,1.476,0.435,0.036,0.435,0.036,0.435,0.036,0.451,0.037,0.451,0.037,0.451,0.037,-999.0,-999.0,P,-0.307,0.723,ELAIS-S1,EI1757*SWIRE3_J003729.37-441159.2*m1*C0  ,-----------------------------------------------------,1,1,1,EI1757  ,SWIRE3_J003729.37-441159.2,195588,SWIRE3_J003729.37-441159.2,9.37241,-44.19978,0.0126,0.0135,22,61.14,0.94,62.98,1.01,0.86,CA3,0,55.62,1.13,56.34,1.32,0.86,CA3,0,56.6,4.28,37.66,4.36,0.04,CA0,0,68.2,4.59,95.19,6.71,0.16,CA0,0,1186.19,30.49,843.78,33.06,0.67,CA0,0,-999.0,-999.0,-999.0,-999.0,-999.0,-999.0,-999.0,-999.0,-999.0,-999.0,-999.0,-999.0,-999.0,-999.0,-999.0,-999.0,-999.0,-999.0,-999.0,-999.0,SVA1_COADD-2970826140,9.372372,-44.199804,25.615623,24.107239,23.091717,22.198624,0.2135,0.0733,0.0378,0.0238,2970826140,2970826140,SVA1_COADD-2970826140         ,9.372375,-44.1998055555556,1.09338,-9.999,3.0,DES_AAOmega         ,NES 11 0.18885 1 {} | CLi 9 1.,19,46200,2
EI1758  ,ATLAS3_J003729.9-435308C,00:37:29.95,-43:53:08.8,9.374804,-43.885779,0.89,1.37,0.021,1.03,1.491,0.137,0.023,0.137,0.023,0.137,0.023,0.144,0.024,0.144,0.024,0.144,0.024,-999.0,-999.0,P,-999.0,-999.0,ELAIS-S1,EI1758*SWIRE3_J003729.95-435309.0*m1*C0  ,-----------------------------------------------------,1,1,1,EI1758  ,SWIRE3_J003729.95-435309.0,188138,SWIRE3_J003729.95-435309.0,9.37482,-43.88586,0.0102,0.00986,22,136.59,1.37,159.4,1.49,0.04,CA0,2,121.52,1.5,138.16,1.67,0.04,CA0,0,108.95,4.77,93.28,5.8,0.03,CA0,0,207.38,4.83,207.1,6.99,0.09,CA0,0,898.17,25.37,743.93,29.59,0.6,CA0,0,22.955,0.009,21.712,0.008,20.704,0.003,22.02,20.889,19.886,0.01,0.02,0.03,-999.0,-999.0,-999.0,-999.0,-999.0,-999.0,-999.0,-999.0,SVA1_COADD-2970708857,9.374742,-43.885853,22.547382,21.138308,20.596865,20.160194,0.0133,0.0047,0.0039,0.0037,2970708857,2970708857,0101-00611                    ,9.37483,-43.88585,0.4524865,-9.999,4.0,PRIMUS              ,-                             ,-9,-9,4
EI1761  ,ATLAS3_J003730.3-430607C,00:37:30.31,-43:06:07.5,9.37628,-43.102073,0.89,1.38,0.02,1.02,1.491,0.131,0.022,0.131,0.022,0.131,0.022,0.137,0.023,0.137,0.023,0.137,0.023,-999.0,-999.0,P,-999.0,-999.0,ELAIS-S1,EI1761*SWIRE3_J003730.27-430607.3*m1*C0  ,-----------------------------------------------------,1,1,1,EI1761  ,SWIRE3_J003730.27-430607.3,96870,SWIRE3_J003730.27-430607.3,9.37613,-43.10205,0.00713,0.00785,13,250.8,2.21,304.27,2.27,0.11,CA0,1,220.26,2.32,256.94,2.54,0.22,CA0,1,184.85,6.33,200.8,8.7,0.11,CA0,0,414.57,6.47,422.89,9.29,0.93,CA0,0,1055.02,27.54,757.83,28.37,0.7,CA0,0,22.695,0.006,20.924,0.004,19.854,0.002,21.643,19.79,18.838,0.02,0.03,0.03,-999.0,-999.0,-999.0,-999.0,-999.0,-999.0,-999.0,-999.0,SVA1_COADD-2970465340,9.376051,-43.102075,21.788305,20.263428,19.71399,19.326372,0.0071,0.0022,0.0019,0.0016,2970465340,2970465340,0103-00580                    ,9.37618,-43.1021,0.33149225,-9.999,4.0,PRIMUS              ,-                             ,-9,-9,4
EI1765  ,ATLAS3_J003731.8-433750C,00:37:31.80,-43:37:50.2,9.382521,-43.630623,1.04,1.61,0.019,1.03,1.489,0.105,0.02,0.105,0.02,0.105,0.02,0.11,0.021,0.11,0.021,0.11,0.021,-999.0,-999.0,P,-999.0,-999.0,ELAIS-S1,EI1765*SWIRE3_J003731.79-433748.7*m1*C0  ,-----------------------------------------------------,1,1,1,EI1765  ,SWIRE3_J003731.79-433748.7,70276,SWIRE3_J003731.79-433748.7,9.38248,-43.6302,0.00965,0.0099,12,110.92,1.24,111.64,1.19,0.5,CA0,0,115.61,1.48,118.66,1.58,0.12,CA0,0,91.67,4.88,95.79,6.56,0.02,CA0,0,286.74,5.16,285.44,7.54,0.49,CA2,0,584.94,31.45,483.13,32.7,0.52,CA0,0,23.311,0.012,21.867,0.009,21.017,0.005,22.625,21.149,20.377,0.01,0.02,0.03,-999.0,-999.0,-999.0,-999.0,-999.0,-999.0,-999.0,-999.0,SVA1_COADD-2970738883,9.382361,-43.630236,22.712292,21.3975,20.85754,20.41318,0.0155,0.0059,0.005,0.0046,2970738883,2970738883,0100-02033                    ,9.38248,-43.63019,0.3391927,-9.999,4.0,PRIMUS              ,-                             ,-9,-9,4
EI1766  ,ATLAS3_J003732.2-440813C,00:37:32.26,-44:08:13.8,9.384426,-44.137155,0.35,0.55,0.028,1.04,1.475,0.506,0.039,0.827,0.05,0.827,0.05,0.525,0.04,0.858,0.052,0.858,0.052,7.7,1.0,E,0.746,0.897,ELAIS-S1,EI1766*SWIRE3_J003731.96-440812.9*m1*C0  ,-----------------------------------------------------,4,1,1,EI1766  ,SWIRE3_J003731.96-440812.9,193857,SWIRE3_J003731.96-440812.9,9.38317,-44.13692,0.00508,0.00475,22,1403.01,5.43,5298.0,8.83,0.03,EK2,2,1005.52,5.15,3455.42,8.23,0.03,EK0,2,1179.82,12.37,3925.28,25.75,0.02,EK0,2,3431.65,13.25,13133.9,27.48,0.03,EK0,2,9959.22,32.83,12252.3,60.33,0.03,EK0,2,-999.0,-999.0,-999.0,-999.0,-999.0,-999.0,-999.0,-999.0,-999.0,-999.0,-999.0,-999.0,-999.0,-999.0,-999.0,-999.0,-999.0,-999.0,-999.0,-999.0,SVA1_COADD-2970844855,9.383156,-44.136929,18.561369,17.664984,17.312521,17.001385,0.0011,0.0006,0.0004,0.0003,2970844855,2970844855,g0037320-440813               ,9.383166666666668,-44.13688888888889,0.05317,-9.999,4.0,6dF                 ,-                             ,-9,-9,4
EI1767  ,ATLAS3_J003732.3-433137C,00:37:32.33,-43:31:37.4,9.384722,-43.527061,0.77,1.19,0.021,1.04,1.478,0.156,0.023,0.156,0.023,0.156,0.023,0.162,0.024,0.162,0.024,0.162,0.024,-999.0,-999.0,P,-999.0,-999.0,ELAIS-S1,EI1767*SWIRE3_J003732.27-433137.9*m1*C0  ,-----------------------------------------------------,1,1,1,EI1767  ,SWIRE3_J003732.27-433137.9,67408,SWIRE3_J003732.27-433137.9,9.38446,-43.52721,0.00922,0.00752,12,226.81,1.75,271.16,1.79,0.11,CA0,1,201.05,1.67,235.26,1.88,0.24,CA0,1,172.61,5.25,178.16,7.15,0.06,CA0,0,653.99,5.19,648.77,6.81,0.85,CA0,-1,3011.82,25.35,2415.71,32.97,0.97,CA2,0,21.041,0.002,19.849,0.002,19.254,0.001,20.385,19.113,18.494,0.06,0.04,0.03,-999.0,-999.0,-999.0,-999.0,-999.0,-999.0,-999.0,-999.0,SVA1_COADD-2970758039,9.384373,-43.52721,20.497536,19.608418,19.215055,18.966713,0.0026,0.0013,0.0012,0.0013,2970758039,2970758039,SVA1_COADD-2970758039         ,9.384375,-43.5272222222222,0.22673,-9.999,4.0,DES_AAOmega         ,//                            ,3,7200,4
EI1768  ,ATLAS3_J003732.5-441203C,00:37:32.57,-44:12:03.4,9.385691,-44.200951,0.34,0.52,0.028,1.03,1.476,0.528,0.039,0.528,0.039,0.528,0.039,0.548,0.041,0.548,0.041,0.548,0.041,-999.0,-999.0,P,-0.466,0.639,ELAIS-S1,EI1768*SWIRE3_J003732.52-441203.0*m1*C0  ,-----------------------------------------------------,1,1,1,EI1768  ,SWIRE3_J003732.52-441203.0,195255,SWIRE3_J003732.52-441203.0,9.38553,-44.20086,0.0117,0.0118,22,139.5,1.38,172.81,1.55,0.32,CA0,1,113.86,1.28,133.75,1.55,0.23,CA0,0,78.0,5.14,77.73,5.89,0.57,CA0,0,59.45,3.85,59.25,4.41,0.4,CA0,0,-99.0,-99.0,-99.0,-99.0,-9.0,---,-99,-999.0,-999.0,-999.0,-999.0,-999.0,-999.0,-999.0,-999.0,-999.0,-999.0,-999.0,-999.0,-999.0,-999.0,-999.0,-999.0,-999.0,-999.0,-999.0,-999.0,SVA1_COADD-2970826560,9.38557,-44.200894,21.984478,20.325527,19.787746,19.443033,0.0088,0.0027,0.0021,0.002,2970826560,2970826560,S253                          ,9.385541666666668,-44.20086944444445,0.3677,-9.999,-2.0,ATLAS               ,-                             ,-9,-9,2
EI1770C2,ATLAS3_J003734.5-431404C,00:37:34.59,-43:14:04.9,9.394134,-43.234688,0.17,0.27,0.019,1.02,1.491,2.079,0.108,2.534,0.133,4.461,0.1955760721560794,2.135,0.112,2.602,0.138,4.588,0.2019999999999999,4.5,0.9,E,-0.42,0.118,ELAIS-S1,EI1770C2*SWIRE3_J003734.58-431404.4*m3*C0,-----------------------------------------------------,1,3,1,EI1770C2,SWIRE3_J003734.58-431404.4,99703,SWIRE3_J003734.58-431404.4,9.39412,-43.23458,0.00893,0.0117,13,415.68,2.32,902.7,3.46,0.03,EK2,2,313.27,2.68,597.44,4.16,0.03,EK2,2,204.09,5.4,327.37,10.15,0.05,CA0,0,133.91,5.44,181.79,9.22,0.01,CA0,0,-999.0,-999.0,-999.0,-999.0,-999.0,---,-999,20.912,0.002,19.294,0.001,18.491,0.001,19.479,17.789,17.058,0.03,0.03,0.03,-999.0,-999.0,-999.0,-999.0,-999.0,-999.0,-999.0,-999.0,SVA1_COADD-2970845375,9.394034,-43.234596,20.04049,18.811071,18.411377,18.072475,0.0019,0.0008,0.0007,0.0006,2970845375,2970845375,S1058                         ,9.394166666666669,-43.23463055555556,0.1867,-9.999,-2.0,ATLAS               ,-                             ,-9,-9,2
EI1774  ,ATLAS3_J003734.1-433339C,00:37:34.10,-43:33:39.9,9.392085,-43.561072,0.19,0.29,0.021,1.04,1.481,1.194,0.065,1.194,0.065,1.194,0.065,1.242,0.067,1.242,0.067,1.242,0.067,-999.0,-999.0,P,-0.785,0.225,ELAIS-S1,EI1774*SWIRE3_J003734.09-433339.3*m1*C0  ,-----------------------------------------------------,1,1,1,EI1774  ,SWIRE3_J003734.09-433339.3,68047,SWIRE3_J003734.09-433339.3,9.39207,-43.56093,0.00702,0.00684,12,330.37,1.81,519.78,2.38,0.11,EK3,1,403.85,2.59,532.28,3.05,0.6,EK3,1,516.7,7.42,546.04,9.58,0.87,CA0,0,1849.85,8.03,1788.33,9.11,0.9,CA0,-1,7288.24,33.02,6251.18,42.02,0.8,CA2,1,21.93,0.004,20.46,0.003,19.692,0.002,20.027,18.601,17.924,0.02,0.03,0.03,-999.0,-999.0,-999.0,-999.0,-999.0,-999.0,-999.0,-999.0,SVA1_COADD-2970752296,9.392038,-43.560998,21.393326,20.144188,19.53943,19.23512,0.0052,0.0021,0.0016,0.0016,2970752296,2970752296,SWIRE4 J003734.09-433339.3    ,9.392041666666666,-43.56091666666666,0.2263,-9.999,-2.0,ATLAS               ,5                             ,-9,-9,2
EI1775  ,ATLAS3_J003734.1-433818C,00:37:34.12,-43:38:18.3,9.392187,-43.63842,0.99,1.52,0.019,1.03,1.49,0.113,0.021,0.113,0.021,0.113,0.021,0.118,0.022,0.118,0.022,0.118,0.022,-999.0,-999.0,P,-999.0,-999.0,ELAIS-S1,EI1775*SWIRE3_J003734.20-433818.6*m1*C0  ,-----------------------------------------------------,1,1,1,EI1775  ,SWIRE3_J003734.20-433818.6,70162,SWIRE3_J003734.20-433818.6,9.39253,-43.6385,0.0113,0.0113,12,131.85,1.36,156.17,1.49,0.25,CA0,1,113.43,1.63,121.93,1.93,0.15,CA0,0,71.73,4.72,70.97,5.92,0.04,CA2,0,86.24,5.12,55.29,4.02,0.02,CA0,0,-999.0,-999.0,-999.0,-999.0,-999.0,---,-999,-99.0,-99.0,24.289,0.077,23.217,0.031,-99.0,24.089,22.468,99.99,0.44,0.03,-999.0,-999.0,-999.0,-999.0,-999.0,-999.0,-999.0,-999.0,SVA1_COADD-2970736995,9.392278,-43.638543,24.824865,23.644209,22.549809,21.627674,0.1046,0.0448,0.0231,0.014,2970736995,2970736995,0100-00971                    ,9.39253,-43.6385,0.86642563,-9.999,3.0,PRIMUS              ,-                             ,-9,-9,3
EI1779  ,ATLAS3_J003735.5-434436C,00:37:35.51,-43:44:36.4,9.397978,-43.743446,0.7,1.09,0.02,1.02,1.497,0.163,0.022,0.163,0.022,0.163,0.022,0.171,0.023,0.171,0.023,0.171,0.023,-999.0,-999.0,P,-999.0,-999.0,ELAIS-S1,EI1779*SWIRE3_J003735.43-434434.9*m1*C0  ,-----------------------------------------------------,1,1,1,EI1779  ,SWIRE3_J003735.43-434434.9,72747,SWIRE3_J003735.43-434434.9,9.39765,-43.74305,0.00832,0.00889,12,245.29,2.12,289.89,2.15,0.13,CA0,1,202.25,1.74,239.05,2.01,0.05,CA0,2,164.14,6.38,164.62,8.72,0.13,CA0,0,238.01,4.68,262.82,7.85,0.29,CA0,0,768.31,31.0,428.31,25.54,0.55,CA0,0,22.174,0.005,21.078,0.005,20.024,0.002,21.513,20.351,19.255,0.03,0.03,0.03,-999.0,-999.0,-999.0,-999.0,-999.0,-999.0,-999.0,-999.0,SVA1_COADD-2970722202,9.397497,-43.743074,21.812162,20.423038,19.909372,19.504675,0.0071,0.0026,0.0022,0.0021,2970722202,2970722202,SVA1_COADD-2970722202         ,9.3975,-43.7430833333333,0.45473,-9.999,4.0,DES_AAOmega         ,//                            ,3,7200,4
EI1783  ,ATLAS3_J003736.7-442721C,00:37:36.71,-44:27:21.0,9.40297,-44.45582,0.88,1.36,0.036,1.03,1.469,0.236,0.039,0.236,0.039,0.236,0.039,0.244,0.04,0.244,0.04,0.244,0.04,-999.0,-999.0,P,-999.0,-999.0,ELAIS-S1,EI1783*SWIRE3_J003736.64-442718.7*m1*C0  ,-----------------------------------------------------,1,1,1,EI1783  ,SWIRE3_J003736.64-442718.7,161626,SWIRE3_J003736.64-442718.7,9.40267,-44.4552,0.0105,0.01,21,110.01,1.53,110.98,1.5,0.15,CA3,0,113.93,1.47,113.82,1.53,0.15,CA3,0,99.14,6.03,114.08,7.94,0.14,CA0,0,126.41,4.73,150.4,7.67,0.62,CA2,0,890.27,31.85,679.28,35.1,0.42,CA0,0,-999.0,-999.0,-999.0,-999.0,-999.0,-999.0,-999.0,-999.0,-999.0,-999.0,-999.0,-999.0,-999.0,-999.0,-999.0,-999.0,-999.0,-999.0,-999.0,-999.0,SVA1_COADD-2970753700,9.402732,-44.455117,23.390858,22.03029,21.482315,21.018074,0.0297,0.011,0.0088,0.008,2970753700,2970753700,SVA1_COADD-2970753700         ,9.40275,-44.4551111111111,0.3663,-9.999,3.0,DES_AAOmega         ,                              ,15,36100,2
EI1787  ,ATLAS3_J003737.4-434221C,00:37:37.42,-43:42:21.8,9.405907,-43.706055,0.59,0.92,0.02,1.02,1.496,0.194,0.023,0.194,0.023,0.194,0.023,0.204,0.024,0.204,0.024,0.204,0.024,-999.0,-999.0,P,-999.0,-999.0,ELAIS-S1,EI1787*SWIRE3_J003737.46-434221.8*m1*C0  ,-----------------------------------------------------,1,1,1,EI1787  ,SWIRE3_J003737.46-434221.8,71453,SWIRE3_J003737.46-434221.8,9.40611,-43.70607,0.00641,0.01,12,161.02,1.82,185.92,1.85,0.06,CA0,2,165.23,2.13,192.36,2.43,0.03,CA0,0,115.95,6.07,126.13,8.44,0.0,CA0,0,504.39,6.95,533.99,10.11,0.16,CA0,0,725.65,31.51,501.85,30.32,0.6,CA0,0,23.235,0.014,21.924,0.011,21.093,0.006,21.938,20.546,19.811,0.01,0.01,0.03,-999.0,-999.0,-999.0,-999.0,-999.0,-999.0,-999.0,-999.0,SVA1_COADD-2970727500,9.406009,-43.70611,22.743576,21.510899,20.943924,20.540724,0.0161,0.0067,0.0055,0.0053,2970727500,2970727500,S658                          ,9.406083333333331,-43.70608888888889,0.2881,-9.999,-2.0,ATLAS               ,-                             ,-9,-9,2
EI1795  ,ATLAS3_J003740.0-440334C,00:37:40.05,-44:03:34.3,9.416866,-44.059515,0.91,1.4,0.027,1.05,1.473,0.175,0.03,0.175,0.03,0.175,0.03,0.182,0.031,0.182,0.031,0.182,0.031,-999.0,-999.0,P,-999.0,-999.0,ELAIS-S1,EI1795*SWIRE3_J003739.96-440333.9*m1*C0  ,-----------------------------------------------------,1,1,1,EI1795  ,SWIRE3_J003739.96-440333.9,191054,SWIRE3_J003739.96-440333.9,9.41651,-44.05943,0.0125,0.0117,22,100.0,1.21,118.94,1.34,0.03,CA2,2,103.3,1.46,126.17,1.86,0.02,CA2,0,81.97,4.71,107.48,7.08,0.0,CA0,0,64.79,4.58,78.52,5.32,0.06,CA0,0,-999.0,-999.0,-999.0,-999.0,-999.0,---,-999,-999.0,-999.0,-999.0,-999.0,-999.0,-999.0,-999.0,-999.0,-999.0,-999.0,-999.0,-999.0,-999.0,-999.0,-999.0,-999.0,-999.0,-999.0,-999.0,-999.0,SVA1_COADD-2970855073,9.41649,-44.059264,25.57814,24.323042,23.32418,22.244957,0.2155,0.0857,0.0481,0.025,2970855073,2970855073,SVA1_COADD-2970855073         ,9.4165,-44.0592777777778,1.09835,-9.999,3.0,DES_AAOmega         ,//                            ,6,14400,2
EI1797  ,ATLAS3_J003740.3-433046C,00:37:40.33,-43:30:46.4,9.418038,-43.512878,0.77,1.19,0.022,1.04,1.475,0.164,0.024,0.164,0.024,0.164,0.024,0.17,0.025,0.17,0.025,0.17,0.025,-999.0,-999.0,P,-999.0,-999.0,ELAIS-S1,EI1797*SWIRE3_J003740.37-433044.4*m1*C0  ,-----------------------------------------------------,1,1,1,EI1797  ,SWIRE3_J003740.37-433044.4,65792,SWIRE3_J003740.37-433044.4,9.41823,-43.51234,0.00554,0.00673,12,292.76,2.45,317.74,2.23,0.38,CA2,1,249.12,2.0,258.35,1.91,0.4,CA0,1,203.5,6.77,219.18,8.92,0.13,CA0,0,1286.09,7.23,1336.36,8.94,0.32,CA0,1,1570.12,30.19,1320.82,38.66,0.85,CA0,0,21.285,0.003,20.068,0.002,19.395,0.001,20.509,19.267,18.608,0.03,0.03,0.03,-999.0,-999.0,-999.0,-999.0,-999.0,-999.0,-999.0,-999.0,SVA1_COADD-2970765228,9.41813,-43.51235,20.8373,19.814075,19.381624,19.04751,0.0061,0.0032,0.0022,0.0021,2970765228,2970765228,0100-00465                    ,9.4182,-43.51236,0.19265632,-9.999,4.0,PRIMUS              ,-                             ,-9,-9,4
EI1801  ,ATLAS3_J003741.4-433609C,00:37:41.47,-43:36:09.8,9.422808,-43.602719,0.67,1.04,0.021,1.04,1.486,0.185,0.024,0.185,0.024,0.185,0.024,0.192,0.025,0.192,0.025,0.192,0.025,-999.0,-999.0,P,-999.0,-999.0,ELAIS-S1,EI1801*SWIRE3_J003741.52-433608.1*m1*C0  ,-----------------------------------------------------,1,1,1,EI1801  ,SWIRE3_J003741.52-433608.1,68154,SWIRE3_J003741.52-433608.1,9.42304,-43.60226,0.0085,0.00886,12,124.82,1.3,124.37,1.26,0.95,CA0,0,139.3,1.59,138.97,1.63,0.21,CA0,0,99.41,5.06,95.11,5.89,0.53,CA0,0,621.25,5.82,617.13,8.1,0.77,CA0,1,1690.5,33.34,1360.86,39.18,0.85,CA0,0,21.174,0.003,20.123,0.002,19.632,0.002,20.708,19.674,19.169,0.03,0.03,0.03,-999.0,-999.0,-999.0,-999.0,-999.0,-999.0,-999.0,-999.0,SVA1_COADD-2970743535,9.422908,-43.60229,20.73861,19.992786,19.611595,19.438698,0.0031,0.0018,0.0017,0.0019,2970743535,2970743535,SVA1_COADD-2970743535         ,9.42291666666667,-43.6022777777778,0.2704,-9.999,4.0,DES_AAOmega         ,                              ,6,11500,4
EI1803  ,ATLAS3_J003741.9-440227C,00:37:41.91,-44:02:27.2,9.424609,-44.040875,0.37,0.57,0.027,1.05,1.473,0.472,0.037,0.472,0.037,0.472,0.037,0.489,0.039,0.489,0.039,0.489,0.039,-999.0,-999.0,P,-0.68,0.64,ELAIS-S1,EI1803*SWIRE3_J003741.91-440226.9*m1*C0  ,-----------------------------------------------------,1,1,1,EI1803  ,SWIRE3_J003741.91-440226.9,190332,SWIRE3_J003741.91-440226.9,9.42465,-44.04081,0.00738,0.00803,22,114.32,1.23,108.48,1.15,0.92,CA0,0,149.77,1.65,145.2,1.73,0.9,CA0,0,226.31,5.45,181.68,4.78,0.84,CA0,0,914.71,6.41,874.0,7.98,0.88,CA0,-1,7588.47,33.36,5891.16,39.31,0.96,CA3,-1,-999.0,-999.0,-999.0,-999.0,-999.0,-999.0,-999.0,-999.0,-999.0,-999.0,-999.0,-999.0,-999.0,-999.0,-999.0,-999.0,-999.0,-999.0,-999.0,-999.0,SVA1_COADD-2970857111,9.424658,-44.040864,21.289244,20.524275,20.360064,19.806755,0.0058,0.0033,0.0034,0.0028,2970857111,2970857111,S386                          ,9.424666666666669,-44.04080833333333,0.3483,-9.999,-2.0,ATLAS               ,-                             ,-9,-9,2
EI1811  ,ATLAS3_J003745.3-430958C,00:37:45.39,-43:09:58.7,9.439125,-43.166307,0.58,0.89,0.02,1.02,1.493,0.198,0.022,0.198,0.022,0.198,0.022,0.207,0.023,0.207,0.023,0.207,0.023,-999.0,-999.0,P,-0.894,1.165,ELAIS-S1,EI1811*SWIRE3_J003745.39-430958.1*m1*C0  ,-----------------------------------------------------,1,1,1,EI1811  ,SWIRE3_J003745.39-430958.1,96534,SWIRE3_J003745.39-430958.1,9.43915,-43.16615,0.00716,0.00796,13,236.21,2.24,316.02,2.36,0.03,CA0,2,225.52,2.39,310.98,2.82,0.03,CA0,2,157.07,6.24,220.19,10.35,0.0,CA0,0,513.68,7.0,697.02,11.21,0.01,CA0,2,1593.25,29.86,1431.86,37.97,0.62,CA0,0,21.575,0.003,20.337,0.002,19.497,0.001,20.128,18.919,18.249,0.03,0.03,0.03,-999.0,-999.0,-999.0,-999.0,-999.0,-999.0,-999.0,-999.0,SVA1_COADD-2970458391,9.43906,-43.166181,21.033327,19.921751,19.49522,19.126877,0.0039,0.0017,0.0016,0.0015,2970458391,2970458391,0102-01130                    ,9.43921,-43.1662,0.31467304,-9.999,4.0,PRIMUS              ,-                             ,-9,-9,4
EI1812  ,ATLAS3_J003745.5-435151C,00:37:45.52,-43:51:51.8,9.43968,-43.864402,0.6,0.93,0.022,1.03,1.492,0.215,0.025,0.215,0.025,0.215,0.025,0.225,0.026,0.225,0.026,0.225,0.026,-999.0,-999.0,P,-0.039,1.091,ELAIS-S1,EI1812*SWIRE3_J003745.49-435150.5*m1*C0  ,-----------------------------------------------------,1,1,1,EI1812  ,SWIRE3_J003745.49-435150.5,74434,SWIRE3_J003745.49-435150.5,9.43955,-43.86405,0.00896,0.00853,12,181.31,1.73,192.8,1.68,0.29,CA2,1,132.92,1.57,145.51,1.72,0.09,CA2,0,150.5,5.67,138.26,6.65,0.16,CA0,0,204.05,4.95,184.85,6.83,0.36,CA0,0,1281.98,25.87,824.58,24.6,0.85,CA0,0,21.845,0.004,21.132,0.005,20.194,0.002,21.105,20.392,19.46,0.03,0.03,0.03,-999.0,-999.0,-999.0,-999.0,-999.0,-999.0,-999.0,-999.0,SVA1_COADD-2970711046,9.439405,-43.864062,21.64101,20.61046,20.19834,19.872519,0.0061,0.003,0.0028,0.0032,2970711046,2970711046,S519                          ,9.439541666666669,-43.864041666666665,0.5516,-9.999,-2.0,ATLAS               ,-                             ,-9,-9,2
EI1819  ,ATLAS3_J003746.8-440051C,00:37:46.85,-44:00:51.8,9.445227,-44.014389,0.91,1.41,0.026,1.05,1.473,0.17,0.029,0.17,0.029,0.17,0.029,0.176,0.03,0.176,0.03,0.176,0.03,-999.0,-999.0,P,-999.0,-999.0,ELAIS-S1,EI1819*SWIRE3_J003746.71-440052.0*m1*C0  ,-----------------------------------------------------,1,1,1,EI1819  ,SWIRE3_J003746.71-440052.0,189163,SWIRE3_J003746.71-440052.0,9.44465,-44.01446,0.00986,0.0103,22,105.16,1.2,104.07,1.2,0.65,CA2,0,88.35,1.33,85.8,1.58,0.48,CA2,0,109.89,4.72,103.72,5.83,0.54,CA0,0,164.5,4.7,149.38,6.31,0.73,CA0,0,1452.49,31.93,1091.24,34.97,0.88,CA0,0,-999.0,-999.0,-999.0,-999.0,-999.0,-999.0,-999.0,-999.0,-999.0,-999.0,-999.0,-999.0,-999.0,-999.0,-999.0,-999.0,-999.0,-999.0,-999.0,-999.0,SVA1_COADD-2970859373,9.444612,-44.014482,23.688564,22.269218,21.572208,21.14472,0.0393,0.0138,0.0097,0.0092,2970859373,2970859373,SVA1_COADD-2970859373         ,9.444625,-44.0144722222222,0.63936,-9.999,3.0,DES_AAOmega         ,                              ,9,21700,2
EI1825  ,ATLAS3_J003748.7-430211C,00:37:48.72,-43:02:11.5,9.452991,-43.036526,0.59,0.91,0.026,1.03,1.484,0.259,0.03,0.259,0.03,0.259,0.03,0.27,0.031,0.27,0.031,0.27,0.031,-999.0,-999.0,P,-999.0,-999.0,ELAIS-S1,EI1825*SWIRE3_J003748.71-430211.9*m1*C0  ,-----------------------------------------------------,1,1,1,EI1825  ,SWIRE3_J003748.71-430211.9,93026,SWIRE3_J003748.71-430211.9,9.45299,-43.03665,0.00752,0.00616,13,199.88,1.99,228.28,1.95,0.03,CA0,2,198.17,2.23,217.31,2.25,0.06,CA0,0,148.4,6.19,131.1,5.71,0.0,CA0,0,1105.73,8.3,1236.57,10.53,0.05,CA0,2,1741.86,32.36,1397.58,38.67,0.88,CA0,0,21.34,0.003,20.343,0.002,19.685,0.002,20.28,19.212,18.65,0.03,0.03,0.03,-999.0,-999.0,-999.0,-999.0,-999.0,-999.0,-999.0,-999.0,SVA1_COADD-2970472327,9.45282,-43.036648,20.918245,20.135176,19.731297,19.502085,0.0036,0.0021,0.002,0.0019,2970472327,2970472327,SWIRE4 J003748.72-430211.9    ,9.453,-43.03663888888888,0.2203,-9.999,-2.0,ATLAS               ,5                             ,-9,-9,2
EI1826  ,ATLAS3_J003749.3-442232C,00:37:49.33,-44:22:32.9,9.455521,-44.375819,0.95,1.47,0.031,1.03,1.476,0.19,0.034,0.19,0.034,0.19,0.034,0.197,0.035,0.197,0.035,0.197,0.035,-999.0,-999.0,P,-999.0,-999.0,ELAIS-S1,EI1826*SWIRE3_J003749.25-442231.9*m1*C0  ,-----------------------------------------------------,1,1,1,EI1826  ,SWIRE3_J003749.25-442231.9,158371,SWIRE3_J003749.25-442231.9,9.45523,-44.37554,0.00976,0.00914,21,115.24,1.56,123.01,1.57,0.89,CA3,0,112.06,1.74,115.74,1.98,0.74,CA1,0,76.54,5.69,66.88,6.62,0.06,CA0,0,274.53,6.24,294.36,9.34,0.73,CA0,0,581.42,25.83,646.35,34.34,0.02,CA0,0,-999.0,-999.0,-999.0,-999.0,-999.0,-999.0,-999.0,-999.0,-999.0,-999.0,-999.0,-999.0,-999.0,-999.0,-999.0,-999.0,-999.0,-999.0,-999.0,-999.0,SVA1_COADD-2970775427,9.455151,-44.375566,22.293192,20.949045,20.421045,19.993692,0.0117,0.0045,0.0035,0.0032,2970775427,2970775427,SVA1_COADD-2970775427         ,9.45516666666667,-44.3755555555556,0.3156,-9.999,4.0,DES_AAOmega         ,//                            ,2,4800,4
EI1827  ,ATLAS3_J003749.3-433406C,00:37:49.34,-43:34:06.0,9.455587,-43.568339,0.46,0.71,0.023,1.04,1.479,0.309,0.029,0.309,0.029,0.309,0.029,0.322,0.03,0.322,0.03,0.322,0.03,-999.0,-999.0,P,-0.135,0.881,ELAIS-S1,EI1827*SWIRE3_J003749.37-433406.0*m1*C0  ,-----------------------------------------------------,1,1,1,EI1827  ,SWIRE3_J003749.37-433406.0,66060,SWIRE3_J003749.37-433406.0,9.45574,-43.56834,0.0104,0.00965,12,150.83,1.42,156.81,1.4,0.9,CA0,-1,96.16,1.41,98.94,1.54,0.36,CA0,0,75.08,4.66,71.53,5.37,0.29,CA0,0,49.56,4.58,29.23,3.56,0.4,CA0,0,-999.0,-999.0,-999.0,-999.0,-999.0,---,-999,24.189,0.026,22.782,0.02,21.619,0.007,23.519,22.297,21.13,0.03,0.13,0.2,-999.0,-999.0,-999.0,-999.0,-999.0,-999.0,-999.0,-999.0,SVA1_COADD-2970749686,9.455585,-43.568343,23.681284,22.004162,20.685493,20.150928,0.0376,0.0102,0.0043,0.0037,2970749686,2970749686,0101-00984                    ,9.45569,-43.56836,0.8903334,-9.999,4.0,PRIMUS              ,-                             ,-9,-9,4
EI1828  ,ATLAS3_J003749.4-433725C,00:37:49.45,-43:37:25.9,9.45606,-43.623855,1.03,1.59,0.023,1.04,1.487,0.127,0.025,0.127,0.025,0.127,0.025,0.133,0.026,0.133,0.026,0.133,0.026,-999.0,-999.0,P,-999.0,-999.0,ELAIS-S1,EI1828*SWIRE3_J003749.63-433727.3*m1*C0  ,-----------------------------------------------------,1,1,1,EI1828  ,SWIRE3_J003749.63-433727.3,67650,SWIRE3_J003749.63-433727.3,9.45681,-43.62426,0.0106,0.0106,12,80.66,1.08,76.99,1.02,0.82,CA0,0,81.73,1.27,78.02,1.33,0.73,CA0,0,62.91,4.89,56.09,5.08,0.47,CA0,0,201.55,4.69,170.29,6.22,0.74,CA0,0,786.39,31.12,557.47,31.12,0.53,CA0,0,22.526,0.007,21.493,0.006,20.654,0.003,22.234,21.159,20.327,0.03,0.04,0.04,-999.0,-999.0,-999.0,-999.0,-999.0,-999.0,-999.0,-999.0,SVA1_COADD-2970740345,9.456695,-43.624234,22.123209,20.973564,20.596159,20.20885,0.0093,0.0041,0.004,0.0039,2970740345,2970740345,0100-00750                    ,9.45679,-43.62428,0.43025255,-9.999,4.0,PRIMUS              ,-                             ,-9,-9,4
EI1839  ,ATLAS3_J003753.4-442145C,00:37:53.49,-44:21:45.4,9.47286,-44.362604,0.79,1.23,0.03,1.03,1.476,0.221,0.033,0.221,0.033,0.221,0.033,0.229,0.035,0.229,0.035,0.229,0.035,-999.0,-999.0,P,-999.0,-999.0,ELAIS-S1,EI1839*SWIRE3_J003753.48-442145.6*m1*C0  ,-----------------------------------------------------,1,1,1,EI1839  ,SWIRE3_J003753.48-442145.6,157526,SWIRE3_J003753.48-442145.6,9.47286,-44.36269,0.0102,0.0118,21,236.1,1.99,342.4,2.35,0.06,EK2,2,152.22,1.63,194.58,2.14,0.16,CA0,1,113.25,6.5,121.3,7.45,0.24,CA0,0,75.12,4.66,93.36,5.9,0.47,CA0,0,-999.0,-999.0,-999.0,-999.0,-999.0,---,-999,-999.0,-999.0,-999.0,-999.0,-999.0,-999.0,-999.0,-999.0,-999.0,-999.0,-999.0,-999.0,-999.0,-999.0,-999.0,-999.0,-999.0,-999.0,-999.0,-999.0,SVA1_COADD-2970778773,9.472795,-44.362744,23.182713,21.208319,20.180851,19.717468,0.0275,0.0055,0.0029,0.0025,2970778773,2970778773,S123                          ,9.472875,-44.36273888888889,0.6422,-9.999,-2.0,ATLAS               ,-                             ,-9,-9,2
EI1841  ,ATLAS3_J003753.6-433928C,00:37:53.67,-43:39:28.4,9.473604,-43.657895,1.08,1.66,0.023,1.03,1.491,0.12,0.024,0.207,0.025,0.207,0.025,0.125,0.025,0.216,0.026,0.216,0.026,8.2,2.3,E,-999.0,-999.0,ELAIS-S1,EI1841*SWIRE3_J003753.68-433925.4*m1*C0  ,-----------------------------------------------------,1,1,1,EI1841  ,SWIRE3_J003753.68-433925.4,67967,SWIRE3_J003753.68-433925.4,9.47368,-43.65707,0.00929,0.00864,12,175.17,1.59,299.13,2.02,0.03,CA3,2,123.37,1.94,206.23,2.95,0.02,CA2,2,123.21,4.87,172.15,8.83,0.0,CA0,0,998.64,8.39,1362.16,12.74,0.02,CA0,2,1227.86,31.94,1101.35,41.93,0.54,CA0,0,20.25,0.001,19.566,0.001,19.122,0.001,18.708,18.071,17.67,0.03,0.03,0.03,-999.0,-999.0,-999.0,-999.0,-999.0,-999.0,-999.0,-999.0,SVA1_COADD-2970734733,9.473577,-43.657078,20.06921,19.550516,19.26316,19.129372,0.0019,0.0013,0.0013,0.0016,2970734733,2970734733,0100-01406                    ,9.47369,-43.65708,0.11841511,-9.999,4.0,PRIMUS              ,-                             ,-9,-9,4
EI1845  ,ATLAS3_J003754.7-435329C,00:37:54.73,-43:53:29.6,9.478059,-43.891559,0.88,1.35,0.024,1.04,1.487,0.158,0.026,0.158,0.026,0.158,0.026,0.165,0.027,0.165,0.027,0.165,0.027,-999.0,-999.0,P,-999.0,-999.0,ELAIS-S1,EI1845*SWIRE3_J003754.72-435329.8*m1*C0  ,-----------------------------------------------------,1,1,1,EI1845  ,SWIRE3_J003754.72-435329.8,73897,SWIRE3_J003754.72-435329.8,9.47802,-43.89162,0.0134,0.00958,12,93.84,1.1,138.05,1.28,0.03,CA0,2,99.37,1.54,141.75,1.87,0.02,CA0,0,59.32,4.7,74.2,6.85,0.06,CA0,0,267.07,5.54,286.29,8.19,0.02,CA0,0,1110.45,30.62,1116.91,41.34,0.16,CA0,0,21.918,0.004,20.931,0.004,20.296,0.002,21.216,20.174,19.528,0.03,0.03,0.03,-999.0,-999.0,-999.0,-999.0,-999.0,-999.0,-999.0,-999.0,SVA1_COADD-2970871564,9.478113,-43.891479,21.604435,20.70996,20.419386,20.052483,0.0066,0.0037,0.0035,0.0035,2970871564,2970871564,SVA1_COADD-2970871564         ,9.478125,-43.8914722222222,0.38968,-9.999,4.0,DES_AAOmega         ,//                            ,3,7200,4
EI1848  ,ATLAS3_J003755.5-430416C,00:37:55.57,-43:04:16.9,9.481545,-43.071351,0.56,0.86,0.024,1.03,1.487,0.256,0.028,0.256,0.028,0.256,0.028,0.267,0.029,0.267,0.029,0.267,0.029,-999.0,-999.0,P,-0.166,1.386,ELAIS-S1,EI1848*SWIRE3_J003755.55-430415.6*m1*C0  ,-----------------------------------------------------,1,1,1,EI1848  ,SWIRE3_J003755.55-430415.6,93005,SWIRE3_J003755.55-430415.6,9.48147,-43.07102,0.0114,0.00792,13,140.92,1.69,194.08,1.98,0.03,CA0,2,111.22,1.79,151.24,2.41,0.03,CA0,0,134.21,6.27,151.94,7.68,0.04,CA0,0,375.69,6.45,378.57,7.38,0.06,CA0,0,6032.23,32.87,5572.97,53.36,0.77,CA0,1,19.078,0.001,18.451,0.001,18.285,0.001,18.129,17.478,17.298,0.03,0.03,0.03,-999.0,-999.0,-999.0,-999.0,-999.0,-999.0,-999.0,-999.0,SVA1_COADD-2970468968,9.481341,-43.070974,18.634161,18.637074,18.810844,18.722239,0.0008,0.0007,0.0009,0.0009,2970468968,2970468968,SVA1_COADD-2970468968         ,9.48133333333333,-43.0709722222222,0.04517,-9.999,4.0,DES_AAOmega         ,//                            ,7,14400,4
EI1849  ,ATLAS3_J003756.0-430112C,00:37:56.00,-43:01:12.7,9.483324,-43.020206,0.68,1.06,0.028,1.04,1.481,0.236,0.031,0.368,0.033,0.368,0.033,0.246,0.032,0.383,0.035,0.383,0.035,7.2,1.6,E,-999.0,-999.0,ELAIS-S1,EI1849*SWIRE3_J003755.93-430113.1*m1*C0  ,-----------------------------------------------------,1,1,1,EI1849  ,SWIRE3_J003755.93-430113.1,91703,SWIRE3_J003755.93-430113.1,9.48305,-43.02032,0.00864,0.009,13,185.47,1.92,225.84,1.98,0.05,CA3,2,155.89,2.01,193.32,2.42,0.12,CA3,0,92.19,5.95,103.93,8.03,0.0,CA0,0,84.27,5.55,69.44,6.63,0.03,CA0,0,473.54,27.69,376.23,21.65,0.35,CA2,0,22.303,0.005,20.623,0.003,19.582,0.001,21.515,19.729,18.804,0.03,0.03,0.03,-999.0,-999.0,-999.0,-999.0,-999.0,-999.0,-999.0,-999.0,SVA1_COADD-2970473971,9.48286,-43.020371,22.18838,20.120321,19.589636,19.183483,0.0163,0.2288,0.0037,0.0019,2970473971,2970473971,S1203                         ,9.483041666666669,-43.020377777777774,0.2652,-9.999,-2.0,ATLAS               ,-                             ,-9,-9,2
EI1850  ,ATLAS3_J003756.9-442513C,00:37:56.97,-44:25:13.6,9.487379,-44.420445,1.04,1.61,0.034,1.03,1.472,0.187,0.036,0.187,0.036,0.187,0.036,0.194,0.038,0.194,0.038,0.194,0.038,-999.0,-999.0,P,-999.0,-999.0,ELAIS-S1,EI1850*SWIRE3_J003756.94-442512.1*m1*C0  ,-----------------------------------------------------,4,1,1,EI1850  ,SWIRE3_J003756.94-442512.1,158499,SWIRE3_J003756.94-442512.1,9.48728,-44.42005,0.0104,0.00828,21,111.07,1.55,123.21,1.63,0.07,CA3,0,122.07,1.85,133.96,2.13,0.06,CA0,0,65.82,5.95,65.59,7.2,0.0,CA0,0,475.43,6.87,620.17,11.68,0.1,CA3,0,-999.0,-999.0,-999.0,-999.0,-999.0,---,-999,-999.0,-999.0,-999.0,-999.0,-999.0,-999.0,-999.0,-999.0,-999.0,-999.0,-999.0,-999.0,-999.0,-999.0,-999.0,-999.0,-999.0,-999.0,-999.0,-999.0,SVA1_COADD-2970763270,9.487157,-44.420071,21.963078,21.052608,20.58888,20.330723,0.015,0.0057,0.0045,0.005,2970763270,2970763270,SVA1_COADD-2970763270         ,9.48716666666667,-44.4200833333333,0.26842,-9.999,4.0,DES_AAOmega         ,//                            ,2,4800,4
EI1851  ,ATLAS3_J003757.4-431658C,00:37:57.44,-43:16:58.8,9.489354,-43.283005,0.3,0.46,0.022,1.03,1.483,0.5,0.034,0.737,0.043,0.737,0.043,0.521,0.036,0.768,0.045,0.768,0.045,6.6,0.9,E,-1.589,0.417,ELAIS-S1,EI1851*SWIRE3_J003757.56-431657.8*m1*C0  ,-----------------------------------------------------,1,1,1,EI1851  ,SWIRE3_J003757.56-431657.8,57840,SWIRE3_J003757.56-431657.8,9.48987,-43.28273,0.0124,0.0119,12,119.99,1.45,152.54,1.64,0.24,CA0,1,100.41,1.41,123.23,1.86,0.39,CA0,0,70.09,5.11,70.98,6.46,0.01,CA0,0,57.04,4.54,34.41,3.93,0.36,CA0,0,-999.0,-999.0,-999.0,-999.0,-999.0,---,-999,23.537,0.013,21.938,0.009,20.549,0.003,22.617,20.969,19.726,0.01,0.02,0.03,-999.0,-999.0,-999.0,-999.0,-999.0,-999.0,-999.0,-999.0,SVA1_COADD-2970828575,9.48974,-43.282709,22.764746,20.892282,20.244627,19.855204,0.023,0.0048,0.0034,0.0033,2970828575,2970828575,S1013                         ,9.489916666666666,-43.28275,0.3966,-9.999,-2.0,ATLAS               ,-                             ,-9,-9,2
EI1855  ,ATLAS3_J003758.3-434522C,00:37:58.38,-43:45:22.0,9.493268,-43.756115,0.6,0.93,0.022,1.03,1.497,0.217,0.025,0.304,0.027,0.304,0.027,0.227,0.027,0.319,0.028,0.319,0.028,6.1,1.6,E,-999.0,-999.0,ELAIS-S1,EI1855*SWIRE3_J003758.41-434521.9*m1*C0  ,-----------------------------------------------------,1,1,1,EI1855  ,SWIRE3_J003758.41-434521.9,70005,SWIRE3_J003758.41-434521.9,9.49341,-43.75611,0.00947,0.00796,12,137.11,1.5,141.58,1.48,0.87,CA0,0,127.01,1.88,123.55,1.9,0.91,CA0,0,185.5,6.16,153.06,6.85,0.13,CA0,0,214.3,6.07,228.46,9.43,0.87,CA0,0,1479.59,32.1,1169.37,37.71,0.68,CA0,0,24.435,0.033,23.109,0.026,22.336,0.014,24.081,22.781,21.854,0.52,0.69,0.73,-999.0,-999.0,-999.0,-999.0,-999.0,-999.0,-999.0,-999.0,SVA1_COADD-2970720344,9.493334,-43.756087,23.818865,22.740099,21.899635,21.205645,0.079,0.0322,0.019,0.014,2970720344,2970720344,SVA1_COADD-2970720344         ,9.49333333333333,-43.7560833333333,0.85846,-9.999,3.0,DES_AAOmega         ,                              ,15,36100,2
EI1859  ,ATLAS3_J003759.8-435841C,00:37:59.89,-43:58:41.7,9.499545,-43.978242,0.92,1.42,0.028,1.05,1.471,0.179,0.031,0.179,0.031,0.179,0.031,0.185,0.032,0.185,0.032,0.185,0.032,-999.0,-999.0,P,-999.0,-999.0,ELAIS-S1,EI1859*SWIRE3_J003800.10-435841.2*m1*C0  ,-----------------------------------------------------,2,1,1,EI1859  ,SWIRE3_J003800.10-435841.2,186750,SWIRE3_J003800.10-435841.2,9.50044,-43.97812,0.0135,0.0126,22,67.24,1.43,73.12,1.71,0.03,CA3,0,59.28,1.45,73.22,2.47,0.12,CA2,0,90.49,5.88,117.31,8.9,0.0,CA0,0,94.01,5.76,108.39,7.38,0.49,CA0,0,738.34,31.68,591.63,33.42,0.54,CA2,0,-999.0,-999.0,-999.0,-999.0,-999.0,-999.0,-999.0,-999.0,-999.0,-999.0,-999.0,-999.0,-999.0,-999.0,-999.0,-999.0,-999.0,-999.0,-999.0,-999.0,SVA1_COADD-2970861515,9.500622,-43.978001,23.024496,22.12876,21.839945,21.617262,0.0217,0.0119,0.0122,0.0141,2970861515,2970861515,SVA1_COADD-2970861515         ,9.500625,-43.978,0.56068,-9.999,4.0,DES_AAOmega         ,//                            ,3,5400,4
EI1865  ,ATLAS3_J003802.7-441043C,00:38:02.70,-44:10:43.3,9.511243,-44.178702,0.44,0.69,0.03,1.05,1.465,0.412,0.037,0.412,0.037,0.412,0.037,0.425,0.039,0.425,0.039,0.425,0.039,-999.0,-999.0,P,-1.288,1.15,ELAIS-S1,EI1865*SWIRE3_J003802.65-441043.3*m1*C0  ,-----------------------------------------------------,1,1,1,EI1865  ,SWIRE3_J003802.65-441043.3,191169,SWIRE3_J003802.65-441043.3,9.51105,-44.1787,0.0146,0.015,22,41.86,0.99,44.6,1.21,0.83,CA0,0,45.0,1.06,42.69,1.14,0.89,CA0,0,66.37,4.71,58.36,5.07,0.16,CA0,0,67.03,4.52,61.64,5.13,0.41,CA0,0,-99.0,-99.0,-99.0,-99.0,-9.0,---,-99,-999.0,-999.0,-999.0,-999.0,-999.0,-999.0,-999.0,-999.0,-999.0,-999.0,-999.0,-999.0,-999.0,-999.0,-999.0,-999.0,-999.0,-999.0,-999.0,-999.0,SVA1_COADD-2970833190,9.511041,-44.178737,23.987663,23.4288,22.796387,22.144794,0.0571,0.0478,0.0414,0.0321,2970833190,2970833190,SVA1_COADD-2970833190         ,9.51104166666667,-44.17875,2.33792,-9.999,4.0,DES_AAOmega         ,CLi 12 2.33792 4 {AGN} | JAB 8,6,14400,4
EI1866  ,ATLAS3_J003802.9-433512C,00:38:02.95,-43:35:12.5,9.512279,-43.586802,0.91,1.41,0.025,1.04,1.478,0.16,0.027,0.16,0.027,0.16,0.027,0.166,0.028,0.166,0.028,0.166,0.028,-999.0,-999.0,P,-999.0,-999.0,ELAIS-S1,EI1866*SWIRE3_J003802.91-433512.2*m1*C0  ,-----------------------------------------------------,1,1,1,EI1866  ,SWIRE3_J003802.91-433512.2,64732,SWIRE3_J003802.91-433512.2,9.51216,-43.58674,0.0104,0.0118,12,128.36,1.63,156.05,1.82,0.28,CA3,1,84.82,1.62,98.94,2.17,0.33,CA3,0,116.57,4.89,144.77,8.15,0.05,CA0,0,125.25,5.93,100.24,6.72,0.58,CA0,0,1044.08,26.14,1058.12,34.41,0.31,CA0,0,24.083,0.026,23.021,0.024,21.788,0.009,23.105,22.212,20.915,0.0,0.0,0.01,-999.0,-999.0,-999.0,-999.0,-999.0,-999.0,-999.0,-999.0,SVA1_COADD-2970745925,9.512077,-43.586751,23.753,22.1752,21.439095,20.990643,0.0514,0.0165,0.0124,0.0107,2970745925,2970745925,SVA1_COADD-2970745925         ,9.51208333333333,-43.58675,0.62469,-9.999,3.0,DES_AAOmega         ,                              ,6,14500,2
EI1868  ,ATLAS3_J003804.3-434340C,00:38:04.34,-43:43:40.8,9.518074,-43.72799,0.41,0.64,0.023,1.03,1.496,0.344,0.03,0.344,0.03,0.344,0.03,0.36,0.031,0.36,0.031,0.36,0.031,-999.0,-999.0,P,-0.231,0.784,ELAIS-S1,EI1868*SWIRE3_J003804.34-434341.0*m1*C0  ,-----------------------------------------------------,1,1,1,EI1868  ,SWIRE3_J003804.34-434341.0,68431,SWIRE3_J003804.34-434341.0,9.51809,-43.72806,0.00767,0.00731,12,127.35,1.29,115.71,1.17,0.98,CA0,0,176.07,1.64,163.37,1.55,0.97,CA0,0,323.96,5.0,300.96,5.88,0.81,CA0,0,893.97,5.98,846.6,7.43,0.9,CA0,-1,5546.86,32.3,4507.1,38.66,0.95,CA0,-1,23.985,0.024,23.055,0.024,22.018,0.011,23.814,22.847,21.777,0.91,0.93,0.98,-999.0,-999.0,-999.0,-999.0,-999.0,-999.0,-999.0,-999.0,SVA1_COADD-2970723181,9.517985,-43.728078,23.488739,22.329954,21.552107,20.920078,0.0358,0.015,0.0104,0.008,2970723181,2970723181,SVA1_COADD-2970723181         ,9.518,-43.7280833333333,0.81943,-9.999,3.0,DES_AAOmega         ,AMo 10 0.81943 2 {} | CLi 10 0,6,14400,2
EI1873  ,ATLAS3_J003805.4-442152C,00:38:05.41,-44:21:52.6,9.522549,-44.364598,0.83,1.28,0.031,1.04,1.474,0.219,0.034,0.219,0.034,0.219,0.034,0.227,0.036,0.227,0.036,0.227,0.036,-999.0,-999.0,P,-999.0,-999.0,ELAIS-S1,EI1873*SWIRE3_J003805.44-442152.3*m1*C0  ,-----------------------------------------------------,1,1,1,EI1873  ,SWIRE3_J003805.44-442152.3,156042,SWIRE3_J003805.44-442152.3,9.5227,-44.36455,0.00889,0.00889,21,156.71,1.65,180.29,1.66,0.16,CA0,1,123.82,1.51,136.28,1.71,0.3,CA2,0,100.51,5.37,86.36,5.53,0.24,CA0,0,859.17,6.42,923.65,8.48,0.17,CA0,1,1128.47,24.98,1211.38,38.86,0.37,CA0,0,-999.0,-999.0,-999.0,-999.0,-999.0,-999.0,-999.0,-999.0,-999.0,-999.0,-999.0,-999.0,-999.0,-999.0,-999.0,-999.0,-999.0,-999.0,-999.0,-999.0,SVA1_COADD-2970778600,9.522611,-44.364586,21.11838,20.338528,19.921215,19.672552,0.0049,0.0029,0.0026,0.0025,2970778600,2970778600,SVA1_COADD-2970778600         ,9.522625,-44.3645833333333,0.15219,-9.999,4.0,DES_AAOmega         ,//                            ,3,7200,4
EI1880  ,ATLAS3_J003807.9-435855C,00:38:07.96,-43:58:55.9,9.533147,-43.982195,0.16,0.25,0.031,1.05,1.465,6.897,0.353,6.897,0.353,6.897,0.353,7.186,0.37,7.186,0.37,7.186,0.37,-999.0,-999.0,P,-0.906,0.114,ELAIS-S1,EI1880*SWIRE3_J003807.93-435855.3*m1*C0  ,-----------------------------------------------------,4,1,1,EI1880  ,SWIRE3_J003807.93-435855.3,74543,SWIRE3_J003807.93-435855.3,9.53307,-43.98205,0.0108,0.011,12,256.66,2.36,483.45,3.06,0.03,EK3,2,189.25,2.27,354.29,3.56,0.03,CA3,2,156.34,5.95,295.52,12.25,0.0,CA0,0,105.7,5.72,184.28,10.25,0.0,CA0,0,-999.0,-999.0,-999.0,-999.0,-999.0,---,-999,-999.0,-999.0,-999.0,-999.0,-999.0,-999.0,-999.0,-999.0,-999.0,-999.0,-999.0,-999.0,-999.0,-999.0,-999.0,-999.0,-999.0,-999.0,-999.0,-999.0,SVA1_COADD-2970861797,9.533017,-43.982078,22.69986,20.781706,20.000835,19.530052,0.0163,0.0039,0.0025,0.0022,2970861797,2970861797,S415                          ,9.533125,-43.982058333333335,0.5066,-9.999,-2.0,ATLAS               ,-                             ,-9,-9,2
EI1881  ,ATLAS3_J003808.1-440604C,00:38:08.11,-44:06:04.7,9.533774,-44.1013,0.89,1.37,0.033,1.06,1.456,0.22,0.037,0.22,0.037,0.22,0.037,0.226,0.038,0.226,0.038,0.226,0.038,-999.0,-999.0,P,-999.0,-999.0,ELAIS-S1,EI1881*SWIRE3_J003808.14-440604.8*m1*C0  ,-----------------------------------------------------,1,1,1,EI1881  ,SWIRE3_J003808.14-440604.8,188664,SWIRE3_J003808.14-440604.8,9.53393,-44.10136,0.00947,0.00918,22,248.54,2.18,317.45,2.4,0.59,CA0,1,160.49,2.05,191.14,2.44,0.16,CA0,1,154.84,6.21,202.03,9.58,0.15,CA2,0,97.42,5.53,89.09,6.67,0.59,CA0,0,-999.0,-999.0,-999.0,-999.0,-999.0,---,-999,-999.0,-999.0,-999.0,-999.0,-999.0,-999.0,-999.0,-999.0,-999.0,-999.0,-999.0,-999.0,-999.0,-999.0,-999.0,-999.0,-999.0,-999.0,-999.0,-999.0,SVA1_COADD-2970846480,9.53388,-44.101336,22.63525,20.948843,20.04002,19.576689,0.0155,0.0045,0.0026,0.0023,2970846480,2970846480,SVA1_COADD-2970846480         ,9.533875,-44.1013333333333,0.63578,-9.999,4.0,DES_AAOmega         ,//                            ,3,7200,4
EI1883  ,ATLAS3_J003808.5-433546C,00:38:08.54,-43:35:46.9,9.535603,-43.596355,0.26,0.41,0.026,1.05,1.477,0.718,0.046,0.718,0.046,0.718,0.046,0.746,0.048,0.746,0.048,0.746,0.048,-999.0,-999.0,P,0.395,0.699,ELAIS-S1,EI1883*SWIRE3_J003808.38-433543.4*m1*C0  ,-----------------------------------------------------,1,1,1,EI1883  ,SWIRE3_J003808.38-433543.4,64286,SWIRE3_J003808.38-433543.4,9.53495,-43.5954,0.0116,0.0127,12,155.78,1.58,229.86,2.04,0.11,CA3,1,120.5,1.52,155.07,2.07,0.2,CA1,0,76.57,5.71,72.25,7.25,0.01,CA0,0,68.45,4.58,79.34,5.58,0.35,CA0,0,-99.0,-99.0,-99.0,-99.0,-9.0,---,-99,23.231,0.011,21.719,0.008,20.38,0.003,22.607,21.119,19.708,0.22,0.4,0.1,-999.0,-999.0,-999.0,-999.0,-999.0,-999.0,-999.0,-999.0,SVA1_COADD-2970745477,9.534841,-43.595401,22.514753,20.68647,20.05025,19.6369,0.0144,0.0034,0.0027,0.0023,2970745477,2970745477,S739                          ,9.534916666666668,-43.59542222222223,0.4601,-9.999,-2.0,ATLAS               ,-                             ,-9,-9,2
EI1886  ,ATLAS3_J003809.8-431951C,00:38:09.89,-43:19:51.8,9.54119,-43.331065,0.6,0.92,0.024,1.04,1.471,0.24,0.028,0.24,0.028,0.24,0.028,0.248,0.029,0.248,0.029,0.248,0.029,-999.0,-999.0,P,0.046,1.116,ELAIS-S1,EI1886*SWIRE3_J003809.83-431949.2*m1*C0  ,-----------------------------------------------------,1,1,1,EI1886  ,SWIRE3_J003809.83-431949.2,57486,SWIRE3_J003809.83-431949.2,9.54099,-43.33034,0.0141,0.014,12,81.96,0.99,91.57,1.09,0.06,CA0,0,60.66,1.3,66.09,1.6,0.25,CA0,0,55.9,4.15,47.69,4.52,0.05,CA0,0,59.93,5.06,51.9,5.79,0.04,CA2,0,-99.0,-99.0,-99.0,-99.0,-9.0,---,-99,24.767,0.042,23.46,0.034,22.107,0.011,23.95,22.523,21.543,0.0,0.0,0.01,-999.0,-999.0,-999.0,-999.0,-999.0,-999.0,-999.0,-999.0,SVA1_COADD-2970811844,9.540893,-43.330419,24.071169,22.477995,21.804441,21.361555,0.0668,0.0159,0.0123,0.0155,2970811844,2970811844,0102-01485                    ,9.54099,-43.33036,0.52004987,-9.999,3.0,PRIMUS              ,-                             ,-9,-9,3
EI1891  ,ATLAS3_J003812.7-431406C,00:38:12.70,-43:14:06.2,9.552897,-43.23506,1.05,1.63,0.025,1.04,1.484,0.136,0.027,0.136,0.027,0.136,0.027,0.142,0.028,0.142,0.028,0.142,0.028,-999.0,-999.0,P,-999.0,-999.0,ELAIS-S1,EI1891*SWIRE3_J003812.35-431407.4*m1*C0  ,-----------------------------------------------------,2,1,1,EI1891  ,SWIRE3_J003812.35-431407.4,94841,SWIRE3_J003812.35-431407.4,9.55148,-43.2354,0.0186,0.0129,13,95.3,1.2,198.2,2.15,0.03,CA3,2,76.69,1.31,143.68,2.5,0.02,CA3,2,76.36,4.62,101.05,6.7,0.01,CA0,0,58.23,4.4,50.32,5.2,0.36,CA0,0,-999.0,-999.0,-999.0,-999.0,-999.0,---,-999,-99.0,-99.0,-99.0,-99.0,23.501,0.043,-99.0,-99.0,22.707,99.99,99.99,0.0,-999.0,-999.0,-999.0,-999.0,-999.0,-999.0,-999.0,-999.0,SVA1_COADD-2970841632,9.551442,-43.235133,25.472752,23.88647,22.745035,21.750257,0.1839,0.0546,0.0272,0.0147,2970841632,2970841632,0102-00348                    ,9.5515,-43.23529,1.1241804,-9.999,3.0,PRIMUS              ,-                             ,-9,-9,3
EI1898  ,ATLAS3_J003815.9-435142C,00:38:15.97,-43:51:42.4,9.566553,-43.861774,0.24,0.38,0.027,1.04,1.484,0.839,0.051,1.373,0.074,1.373,0.074,0.874,0.053,1.431,0.077,1.431,0.077,7.7,0.8,E,-0.74,0.52,ELAIS-S1,EI1898*SWIRE3_J003815.61-435142.1*m1*C0  ,-----------------------------------------------------,1,1,1,EI1898  ,SWIRE3_J003815.61-435142.1,70501,SWIRE3_J003815.61-435142.1,9.56508,-43.8617,0.0117,0.0108,12,168.34,1.77,216.06,1.98,0.06,CA0,2,110.93,1.53,141.22,2.06,0.03,CA0,0,78.36,5.1,97.88,7.26,0.01,CA2,0,62.8,4.82,52.73,5.75,0.12,CA0,0,-999.0,-999.0,-999.0,-999.0,-999.0,---,-999,25.3,0.065,23.478,0.038,22.259,0.013,25.101,22.808,21.569,0.5,0.66,0.05,-999.0,-999.0,-999.0,-999.0,-999.0,-999.0,-999.0,-999.0,SVA1_COADD-2970711266,9.56496,-43.861719,24.504066,22.68512,21.475464,20.762375,0.0793,0.0185,0.0086,0.0067,2970711266,2970711266,SVA1_COADD-2970711266         ,9.56495833333333,-43.8617222222222,0.8454,-9.999,3.0,DES_AAOmega         ,AMo 6 0.84540 3 | CLi 6 0.8454,11,27000,2
EI1900  ,ATLAS3_J003816.4-434420C,00:38:16.41,-43:44:20.1,9.568361,-43.738912,0.73,1.13,0.026,1.04,1.493,0.204,0.028,0.204,0.028,0.204,0.028,0.213,0.03,0.213,0.03,0.213,0.03,-999.0,-999.0,P,-999.0,-999.0,ELAIS-S1,EI1900*SWIRE3_J003816.40-434420.2*m1*C0  ,-----------------------------------------------------,1,1,1,EI1900  ,SWIRE3_J003816.40-434420.2,67007,SWIRE3_J003816.40-434420.2,9.56836,-43.73896,0.0108,0.0114,12,190.82,1.62,267.83,1.9,0.03,CA3,2,139.03,1.61,176.84,2.09,0.04,CA2,2,141.56,5.13,170.87,7.72,0.0,CA0,0,64.42,4.59,75.86,6.88,0.42,CA0,0,-999.0,-999.0,-999.0,-999.0,-999.0,---,-999,22.882,0.008,21.531,0.007,20.221,0.002,21.712,20.437,19.27,0.01,0.04,0.04,-999.0,-999.0,-999.0,-999.0,-999.0,-999.0,-999.0,-999.0,SVA1_COADD-2970722621,9.568206,-43.73897,22.298409,20.569458,19.942516,19.573393,0.0108,0.0028,0.0022,0.0021,2970722621,2970722621,SVA1_COADD-2970722621         ,9.56820833333333,-43.7389722222222,0.4539,-9.999,4.0,DES_AAOmega         ,//                            ,3,7200,4
EI1901  ,ATLAS3_J003816.9-440310C,00:38:16.90,-44:03:10.4,9.570408,-44.052894,1.07,1.65,0.036,1.06,1.448,0.199,0.04,0.199,0.04,0.199,0.04,0.204,0.041,0.204,0.041,0.204,0.041,-999.0,-999.0,P,-999.0,-999.0,ELAIS-S1,EI1901*SWIRE3_J003816.92-440311.1*m1*C0  ,-----------------------------------------------------,1,1,1,EI1901  ,SWIRE3_J003816.92-440311.1,186492,SWIRE3_J003816.92-440311.1,9.57051,-44.0531,0.00626,0.00644,22,296.45,2.42,367.78,2.44,0.02,CA2,2,228.41,2.42,278.43,2.68,0.03,CA2,2,201.07,6.56,234.89,9.29,0.01,CA0,0,1404.57,9.02,1652.24,11.71,0.04,CA2,2,2396.36,27.15,2466.85,40.71,0.55,CA0,0,-999.0,-999.0,-999.0,-999.0,-999.0,-999.0,-999.0,-999.0,-999.0,-999.0,-999.0,-999.0,-999.0,-999.0,-999.0,-999.0,-999.0,-999.0,-999.0,-999.0,SVA1_COADD-2970856263,9.570501,-44.053093,20.746794,19.737133,19.272331,18.94567,0.0037,0.0019,0.0014,0.0014,2970856263,2970856263,SVA1_COADD-2970856263         ,9.5705,-44.0530833333333,0.14787,-9.999,4.0,DES_AAOmega         ,//                            ,3,7200,4
EI1902  ,ATLAS3_J003817.0-430757C,00:38:17.01,-43:07:57.7,9.570879,-43.132704,0.91,1.41,0.025,1.04,1.485,0.161,0.028,0.161,0.028,0.161,0.028,0.168,0.029,0.168,0.029,0.168,0.029,-999.0,-999.0,P,-999.0,-999.0,ELAIS-S1,EI1902*SWIRE3_J003816.89-430757.9*m1*C0  ,-----------------------------------------------------,1,1,1,EI1902  ,SWIRE3_J003816.89-430757.9,91810,SWIRE3_J003816.89-430757.9,9.57039,-43.13277,0.0184,0.0153,13,20.37,0.76,22.78,0.89,0.81,CA0,0,33.06,1.16,27.32,1.13,0.68,CA0,0,57.67,4.8,41.87,4.35,0.44,CA0,0,82.53,5.51,68.89,6.06,0.52,CA0,0,-999.0,-999.0,-999.0,-999.0,-999.0,---,-999,23.53,0.018,23.304,0.027,22.836,0.021,23.288,22.866,22.399,0.85,0.08,0.73,-999.0,-999.0,-999.0,-999.0,-999.0,-999.0,-999.0,-999.0,SVA1_COADD-2970461378,9.570286,-43.132712,23.32758,23.105867,22.92272,22.43095,0.0269,0.0277,0.0327,0.0276,2970461378,2970461378,SVA1_COADD-2970461378         ,9.57029166666667,-43.1327222222222,0.83279,-9.999,3.0,DES_AAOmega         ,//                            ,3,7200,2
EI1906C2,ATLAS3_J003821.4-431610C,00:38:21.48,-43:16:10.9,9.589511,-43.269695,0.17,0.26,0.027,1.04,1.476,2.372,0.122,3.931,0.203,7.49,0.2486724753566425,2.465,0.128,4.085,0.212,7.784000000000001,0.2597075278077245,7.8,0.7,E,-0.729,0.111,ELAIS-S1,EI1906C2*SWIRE3_J003821.43-431610.2*m3*C0,-----------------------------------------------------,4,3,1,EI1906C2,SWIRE3_J003821.43-431610.2,54667,SWIRE3_J003821.43-431610.2,9.58933,-43.2695,0.0118,0.0104,12,224.08,2.13,347.98,2.57,0.04,EK3,2,147.16,1.68,223.13,2.41,0.05,CA2,2,132.63,6.3,151.51,8.77,0.14,CA0,0,46.38,4.74,44.43,4.55,0.35,CA0,0,-999.0,-999.0,-999.0,-999.0,-999.0,---,-999,23.955,0.022,22.22,0.013,20.769,0.004,22.947,21.308,19.815,0.11,0.01,0.04,-999.0,-999.0,-999.0,-999.0,-999.0,-999.0,-999.0,-999.0,SVA1_COADD-2970836365,9.589233,-43.269548,22.992842,21.099117,20.173399,19.719288,0.0264,0.0047,0.0027,0.0024,2970836365,2970836365,S1020                         ,9.589333333333334,-43.26950833333333,0.5889,-9.999,-2.0,ATLAS               ,-                             ,-9,-9,2
EI1911  ,ATLAS3_J003821.1-442042C,00:38:21.16,-44:20:42.9,9.58816,-44.345254,0.77,1.19,0.034,1.05,1.469,0.26,0.038,0.26,0.038,0.26,0.038,0.269,0.039,0.269,0.039,0.269,0.039,-999.0,-999.0,P,-999.0,-999.0,ELAIS-S1,EI1911*SWIRE3_J003821.12-442043.3*m1*C0  ,-----------------------------------------------------,1,1,1,EI1911  ,SWIRE3_J003821.12-442043.3,153832,SWIRE3_J003821.12-442043.3,9.58801,-44.34538,0.0136,0.0141,21,37.81,0.98,43.02,1.15,0.93,CA3,0,45.45,1.31,42.5,1.52,0.29,CA3,0,53.3,4.85,34.68,3.35,0.51,CA0,0,138.4,5.82,197.21,9.64,0.37,CA2,0,1012.65,31.78,851.4,39.61,0.58,CA0,0,-999.0,-999.0,-999.0,-999.0,-999.0,-999.0,-999.0,-999.0,-999.0,-999.0,-999.0,-999.0,-999.0,-999.0,-999.0,-999.0,-999.0,-999.0,-999.0,-999.0,SVA1_COADD-2970784235,9.587821,-44.345352,23.72201,23.26215,23.25974,23.177965,0.0403,0.0331,0.0447,0.058,2970784235,2970784235,SVA1_COADD-2970784235         ,9.58783333333333,-44.3453611111111,3.14004,-9.999,4.0,DES_AAOmega         ,//                            ,3,7200,4
EI1914  ,ATLAS3_J003823.6-433703C,00:38:23.68,-43:37:03.1,9.598647,-43.617537,0.46,0.71,0.029,1.05,1.476,0.384,0.036,0.618,0.042,0.618,0.042,0.399,0.038,0.641,0.044,0.641,0.044,7.5,1.2,E,0.439,1.153,ELAIS-S1,EI1914*SWIRE3_J003823.46-433701.8*m1*C0  ,-----------------------------------------------------,1,1,1,EI1914  ,SWIRE3_J003823.46-433701.8,62808,SWIRE3_J003823.46-433701.8,9.59777,-43.61718,0.00648,0.00652,12,369.84,2.64,426.39,2.6,0.68,CA3,1,413.24,3.05,490.62,3.14,0.75,CA3,1,470.49,8.48,503.03,10.78,0.24,CA0,0,631.86,6.73,698.29,11.1,0.85,CA0,-1,3351.53,30.45,3210.16,44.16,0.16,CA0,1,21.512,0.003,20.575,0.003,19.631,0.002,21.027,20.025,19.131,0.8,0.34,0.29,-999.0,-999.0,-999.0,-999.0,-999.0,-999.0,-999.0,-999.0,SVA1_COADD-2970741191,9.597713,-43.617138,20.843184,19.745457,19.483883,18.885702,0.0035,0.0016,0.0016,0.0012,2970741191,2970741191,S725*                         ,9.59775,-43.61718055555556,0.3448,-9.999,-2.0,ATLAS               ,-                             ,-9,-9,2
EI1918  ,ATLAS3_J003826.0-441554C,00:38:26.07,-44:15:54.5,9.608623,-44.265131,0.43,0.66,0.034,1.06,1.465,0.49,0.043,0.49,0.043,0.49,0.043,0.505,0.045,0.505,0.045,0.505,0.045,-999.0,-999.0,P,-0.689,1.046,ELAIS-S1,EI1918*SWIRE3_J003826.01-441555.1*m1*C0  ,-----------------------------------------------------,1,1,1,EI1918  ,SWIRE3_J003826.01-441555.1,151374,SWIRE3_J003826.01-441555.1,9.60838,-44.26531,0.005,0.00619,21,648.44,2.91,815.98,2.97,0.23,EK3,1,569.91,3.55,680.85,3.61,0.17,CA2,1,438.13,6.97,572.33,11.12,0.02,CA0,2,1831.71,9.64,2105.38,12.41,0.06,CA0,2,3051.62,31.2,2848.12,47.71,0.67,CA2,0,-999.0,-999.0,-999.0,-999.0,-999.0,-999.0,-999.0,-999.0,-999.0,-999.0,-999.0,-999.0,-999.0,-999.0,-999.0,-999.0,-999.0,-999.0,-999.0,-999.0,SVA1_COADD-2970807411,9.608299,-44.265297,19.81295,18.737452,18.274195,17.954397,0.002,0.001,0.0007,0.0006,2970807411,2970807411,S189                          ,9.608333333333333,-44.26533888888889,0.2072,-9.999,-2.0,ATLAS               ,-                             ,-9,-9,2
EI1919  ,ATLAS3_J003826.1-441524C,00:38:26.15,-44:15:24.1,9.608941,-44.256681,0.73,1.12,0.034,1.06,1.464,0.274,0.038,0.505,0.042,0.505,0.042,0.283,0.039,0.522,0.043,0.522,0.043,8.8,1.6,E,-999.0,-999.0,ELAIS-S1,EI1919*SWIRE3_J003825.86-441521.6*m1*C0  ,-----------------------------------------------------,1,1,1,EI1919  ,SWIRE3_J003825.86-441521.6,151164,SWIRE3_J003825.86-441521.6,9.60776,-44.25601,0.00659,0.00781,21,202.3,1.66,225.66,1.64,0.07,CA0,2,223.41,2.09,231.13,2.04,0.07,CA0,0,183.41,5.39,178.13,5.7,0.06,CA0,0,801.62,6.44,820.67,8.93,0.45,CA0,1,1722.22,32.76,1240.45,34.03,0.92,CA0,0,-999.0,-999.0,-999.0,-999.0,-999.0,-999.0,-999.0,-999.0,-999.0,-999.0,-999.0,-999.0,-999.0,-999.0,-999.0,-999.0,-999.0,-999.0,-999.0,-999.0,SVA1_COADD-2970810089,9.607692,-44.256029,21.59641,20.509562,20.067661,19.625593,0.0066,0.0032,0.0027,0.0024,2970810089,2970810089,S199                          ,9.60775,-44.25606944444444,0.3338,-9.999,-2.0,ATLAS               ,-                             ,-9,-9,2
EI1923  ,ATLAS3_J003828.0-433847C,00:38:28.05,-43:38:47.6,9.616862,-43.646561,0.27,0.42,0.03,1.05,1.48,2.874,0.149,5.189,0.318,5.189,0.318,3.107,0.163,5.61,0.346,5.61,0.346,8.6,0.8,E,-1.403,0.131,ELAIS-S1,EI1923*SWIRE3_J003828.02-433847.1*m1*C0  ,-----------------------------------------------------,1,1,1,EI1923  ,SWIRE3_J003828.02-433847.1,62966,SWIRE3_J003828.02-433847.1,9.61679,-43.64643,0.00382,0.0032,12,2246.88,5.21,6583.81,7.61,0.03,EK2,2,1585.72,5.15,4442.54,7.38,0.03,EK0,2,3149.38,16.34,9856.35,27.29,0.03,EK0,2,13738.31,20.64,43051.31,31.22,0.03,EK0,2,27202.15,34.83,34311.26,57.48,0.03,EK0,2,18.483,0.001,17.61,0.001,16.934,0.0,15.807,15.224,14.713,0.03,0.03,0.03,-999.0,-999.0,-999.0,-999.0,-999.0,-999.0,-999.0,-999.0,SVA1_COADD-2970741796,9.616794,-43.646513,18.134161,17.279383,16.927752,16.612785,0.0007,0.0003,0.0003,0.0002,2970741796,2970741796,g0038280-433848               ,9.616833333333332,-43.64663888888889,0.047771,-9.999,4.0,6dF                 ,-                             ,-9,-9,4
EI1924  ,ATLAS3_J003828.5-431332C,00:38:28.51,-43:13:32.8,9.618806,-43.22579,0.82,1.26,0.029,1.05,1.478,0.204,0.032,0.204,0.032,0.204,0.032,0.212,0.033,0.212,0.033,0.212,0.033,-999.0,-999.0,P,-999.0,-999.0,ELAIS-S1,EI1924*SWIRE3_J003828.58-431332.8*m1*C0  ,-----------------------------------------------------,1,1,1,EI1924  ,SWIRE3_J003828.58-431332.8,92656,SWIRE3_J003828.58-431332.8,9.61912,-43.22578,0.00864,0.01,13,211.55,2.08,292.11,2.3,0.03,CA3,2,150.73,2.02,199.26,2.58,0.04,CA3,2,150.87,6.21,135.06,6.64,0.0,CA0,0,115.69,5.57,125.32,8.1,0.51,CA0,0,673.24,32.07,511.57,32.39,0.49,CA0,0,24.513,0.041,22.679,0.022,21.419,0.007,23.985,21.522,20.579,0.05,0.0,0.02,-999.0,-999.0,-999.0,-999.0,-999.0,-999.0,-999.0,-999.0,SVA1_COADD-2970845071,9.618861,-43.225719,23.551374,21.783236,20.876432,20.353987,0.0316,0.0081,0.005,0.0042,2970845071,2970845071,SVA1_COADD-2970845071         ,9.618875,-43.2257222222222,0.59007,-9.999,3.0,DES_AAOmega         ,//                            ,6,14400,2
EI1926  ,ATLAS3_J003829.9-434454C,00:38:29.95,-43:44:54.8,9.624789,-43.748569,0.24,0.38,0.03,1.04,1.488,0.919,0.056,0.919,0.056,0.919,0.056,0.959,0.059,0.959,0.059,0.959,0.059,-999.0,-999.0,P,-0.866,0.393,ELAIS-S1,EI1926*SWIRE3_J003829.92-434454.1*m1*C0  ,-----------------------------------------------------,1,1,1,EI1926  ,SWIRE3_J003829.92-434454.1,65383,SWIRE3_J003829.92-434454.1,9.62468,-43.74838,0.00302,0.00317,12,767.89,3.13,706.6,2.68,0.99,CA2,-1,1234.35,4.26,1139.01,3.53,0.98,CA0,-1,2144.1,12.7,1958.07,11.18,0.65,CA0,1,3426.44,10.23,3274.29,10.31,0.83,CA0,-1,11742.86,27.97,10156.58,41.13,0.83,CA0,-1,18.025,0.0,17.925,0.001,17.629,0.0,17.877,17.786,17.481,0.99,0.98,0.99,-999.0,-999.0,-999.0,-999.0,-999.0,-999.0,-999.0,-999.0,SVA1_COADD-2970721395,9.624615,-43.748409,17.90606,17.78398,17.713886,17.738695,0.0005,0.0004,0.0004,0.0005,2970721395,2970721395,SVA1_COADD-2970721395         ,9.624625,-43.7484166666667,1.56558,-9.999,4.0,DES_AAOmega         ,                              ,75,173500,4
EI1929  ,ATLAS3_J003831.7-440806C,00:38:31.75,-44:08:06.3,9.632307,-44.135093,0.7,1.08,0.04,1.07,1.443,0.347,0.047,0.347,0.047,0.347,0.047,0.355,0.048,0.355,0.048,0.355,0.048,-999.0,-999.0,P,-999.0,-999.0,ELAIS-S1,EI1929*SWIRE3_J003831.73-440804.8*m1*C0  ,-----------------------------------------------------,1,1,1,EI1929  ,SWIRE3_J003831.73-440804.8,186659,SWIRE3_J003831.73-440804.8,9.63223,-44.13469,0.00936,0.00868,22,313.4,2.02,447.93,2.31,0.03,EK2,2,259.59,2.09,361.47,2.58,0.04,CA2,2,177.12,5.32,197.43,7.32,0.0,CA0,0,114.09,4.58,126.24,6.78,0.52,CA0,0,-999.0,-999.0,-999.0,-999.0,-999.0,---,-999,-999.0,-999.0,-999.0,-999.0,-999.0,-999.0,-999.0,-999.0,-999.0,-999.0,-999.0,-999.0,-999.0,-999.0,-999.0,-999.0,-999.0,-999.0,-999.0,-999.0,SVA1_COADD-2970840980,9.632173,-44.134715,21.254393,19.520105,18.97427,18.624262,0.0052,0.0016,0.0012,0.0011,2970840980,2970840980,S306                          ,9.63225,-44.1347,0.3483,-9.999,-2.0,ATLAS               ,-                             ,-9,-9,2
EI1931  ,ATLAS3_J003832.1-433614C,00:38:32.19,-43:36:14.5,9.634119,-43.604038,0.84,1.29,0.033,1.06,1.469,0.23,0.036,0.23,0.036,0.23,0.036,0.237,0.037,0.237,0.037,0.237,0.037,-999.0,-999.0,P,-999.0,-999.0,ELAIS-S1,EI1931*SWIRE3_J003832.23-433613.3*m1*C0  ,-----------------------------------------------------,1,1,1,EI1931  ,SWIRE3_J003832.23-433613.3,61296,SWIRE3_J003832.23-433613.3,9.6343,-43.60371,0.00569,0.00684,12,382.76,2.36,820.83,3.05,0.04,EK0,2,260.45,2.4,484.32,3.19,0.03,CA2,2,372.57,6.59,552.55,9.26,0.01,CA0,2,2258.18,9.97,3623.7,13.51,0.03,EK0,2,3249.83,30.67,2753.55,37.13,0.35,CA0,0,19.741,0.001,19.191,0.001,18.696,0.001,17.89,17.263,16.783,0.05,0.03,0.03,-999.0,-999.0,-999.0,-999.0,-999.0,-999.0,-999.0,-999.0,SVA1_COADD-2970745350,9.634135,-43.603776,19.647266,19.135923,18.933851,18.751366,0.0016,0.001,0.001,0.0011,2970745350,2970745350,SVA1_COADD-2970745350         ,9.634125,-43.6037777777778,0.07073,-9.999,4.0,DES_AAOmega         ,//                            ,3,7200,4
EI1932  ,ATLAS3_J003834.4-433807C,00:38:34.48,-43:38:07.8,9.64366,-43.635492,0.35,0.54,0.033,1.05,1.475,0.611,0.046,0.611,0.046,0.611,0.046,0.634,0.048,0.634,0.048,0.634,0.048,-999.0,-999.0,P,-1.672,0.768,ELAIS-S1,EI1932*SWIRE3_J003834.50-433807.0*m1*C0  ,-----------------------------------------------------,1,1,1,EI1932  ,SWIRE3_J003834.50-433807.0,61840,SWIRE3_J003834.50-433807.0,9.64375,-43.6353,0.00648,0.00652,12,230.12,1.74,223.37,1.61,0.98,CA2,-1,286.21,2.14,273.64,1.99,0.97,CA0,0,365.9,7.16,296.04,7.03,0.89,CA0,0,458.92,5.55,442.51,7.47,0.92,CA0,0,1660.82,31.2,1435.05,40.47,0.71,CA0,0,19.558,0.001,19.548,0.001,19.245,0.001,19.419,19.376,19.052,0.98,0.98,0.98,-999.0,-999.0,-999.0,-999.0,-999.0,-999.0,-999.0,-999.0,SVA1_COADD-2970738404,9.64362,-43.635311,20.943493,20.545753,20.09332,19.58948,0.004,0.003,0.0027,0.0023,2970738404,2970738404,S716                          ,9.643708333333333,-43.63531944444444,0.4532,-9.999,-2.0,ATLAS               ,-                             ,-9,-9,2
EI1940  ,ATLAS3_J003837.3-434845C,00:38:37.38,-43:48:45.1,9.655763,-43.812519,0.6,0.93,0.034,1.05,1.481,0.337,0.04,0.337,0.04,0.337,0.04,0.351,0.041,0.351,0.041,0.351,0.041,-999.0,-999.0,P,-999.0,-999.0,ELAIS-S1,EI1940*SWIRE3_J003837.32-434844.4*m1*C0  ,-----------------------------------------------------,1,1,1,EI1940  ,SWIRE3_J003837.32-434844.4,66076,SWIRE3_J003837.32-434844.4,9.65552,-43.81236,0.00882,0.0081,12,165.39,1.16,166.1,1.09,0.96,CA2,-1,151.64,1.44,142.26,1.39,0.69,CA0,0,148.0,4.17,129.2,4.46,0.18,CA0,0,232.58,4.36,202.49,5.48,0.75,CA0,0,3804.45,30.78,2993.69,38.19,0.97,CA0,0,23.311,0.014,22.573,0.016,21.848,0.009,22.939,22.244,21.539,0.21,0.44,0.49,-999.0,-999.0,-999.0,-999.0,-999.0,-999.0,-999.0,-999.0,SVA1_COADD-2970714760,9.655438,-43.812346,23.007385,22.13118,21.351748,20.777163,0.0193,0.0109,0.0075,0.0062,2970714760,2970714760,SVA1_COADD-2970714760         ,9.65545833333333,-43.8123333333333,1.03159,-9.999,4.0,DES_AAOmega         ,                              ,11,26400,4
EI1942  ,ATLAS3_J003840.2-435317C,00:38:40.24,-43:53:17.2,9.667665,-43.888113,0.29,0.45,0.04,1.05,1.467,0.954,0.064,0.954,0.064,0.954,0.064,0.986,0.066,0.986,0.066,0.986,0.066,-999.0,-999.0,P,-0.423,0.522,ELAIS-S1,EI1942*SWIRE3_J003840.19-435316.4*m1*C0  ,-----------------------------------------------------,1,1,1,EI1942  ,SWIRE3_J003840.19-435316.4,67834,SWIRE3_J003840.19-435316.4,9.66747,-43.88791,0.00533,0.00504,12,329.1,2.25,325.67,2.03,0.98,CA0,-1,407.33,3.22,407.57,2.88,0.9,CA0,-1,590.74,8.92,555.38,9.23,0.89,CA0,0,1091.62,8.32,1035.78,10.56,0.91,CA0,-1,5399.45,25.85,4671.93,38.51,0.87,CA2,-1,21.955,0.004,20.718,0.003,19.744,0.002,21.464,20.155,19.196,0.04,0.03,0.04,-999.0,-999.0,-999.0,-999.0,-999.0,-999.0,-999.0,-999.0,SVA1_COADD-2970871175,9.667354,-43.887918,21.433023,20.100662,19.795784,19.2654,0.0059,0.0024,0.0021,0.0018,2970871175,2970871175,S500*                         ,9.6675,-43.88791944444444,0.34,-9.999,-2.0,ATLAS               ,-                             ,-9,-9,2
EI1949  ,ATLAS3_J003847.0-433802C,00:38:47.05,-43:38:02.1,9.696053,-43.633924,0.75,1.16,0.039,1.06,1.467,0.31,0.044,0.31,0.044,0.31,0.044,0.321,0.046,0.321,0.046,0.321,0.046,-999.0,-999.0,P,-999.0,-999.0,ELAIS-S1,EI1949*SWIRE3_J003846.99-433802.0*m1*C0  ,-----------------------------------------------------,1,1,1,EI1949  ,SWIRE3_J003846.99-433802.0,60205,SWIRE3_J003846.99-433802.0,9.69581,-43.63389,0.0117,0.0107,12,191.55,2.14,308.5,2.62,0.04,EK0,2,157.71,2.09,239.5,3.07,0.03,CA0,2,120.84,6.79,125.41,8.98,0.0,CA0,0,71.84,5.86,73.03,6.51,0.46,CA0,0,-999.0,-999.0,-999.0,-999.0,-999.0,---,-999,22.771,0.007,21.186,0.005,19.931,0.002,21.7,20.13,18.854,0.03,0.04,0.03,-999.0,-999.0,-999.0,-999.0,-999.0,-999.0,-999.0,-999.0,SVA1_COADD-2970740411,9.695711,-43.633915,22.088753,20.225445,19.655546,19.285284,0.0098,0.0023,0.0018,0.0017,2970740411,2970740411,SVA1_COADD-2970740411         ,9.69570833333333,-43.6339166666667,0.40086,-9.999,3.0,DES_AAOmega         ,//                            ,6,14400,2
EI1952  ,ATLAS3_J003850.0-442144C,00:38:50.07,-44:21:44.3,9.708645,-44.362293,0.46,0.71,0.047,1.07,1.453,0.636,0.06,0.636,0.06,0.636,0.06,0.653,0.061,0.653,0.061,0.653,0.061,-999.0,-999.0,P,1.205,0.962,ELAIS-S1,EI1952*SWIRE3_J003850.14-442143.6*m1*C0  ,-----------------------------------------------------,1,1,1,EI1952  ,SWIRE3_J003850.14-442143.6,150833,SWIRE3_J003850.14-442143.6,9.70894,-44.36212,0.0171,0.0118,21,178.38,1.62,388.25,2.58,0.03,EK3,2,113.89,1.45,252.82,3.07,0.02,CA0,2,114.58,4.91,136.69,7.67,0.0,CA0,0,58.82,4.63,81.2,6.11,0.3,CA0,0,-999.0,-999.0,-999.0,-999.0,-999.0,---,-999,-999.0,-999.0,-999.0,-999.0,-999.0,-999.0,-999.0,-999.0,-999.0,-999.0,-999.0,-999.0,-999.0,-999.0,-999.0,-999.0,-999.0,-999.0,-999.0,-999.0,SVA1_COADD-2970782101,9.708872,-44.362063,23.507748,21.623493,20.613226,20.149534,0.0333,0.0079,0.0042,0.0037,2970782101,2970782101,SVA1_COADD-2970782101         ,9.708875,-44.3620555555555,0.64143,-9.999,4.0,DES_AAOmega         ,                              ,6,14400,4
EI1953  ,ATLAS3_J003850.1-434907C,00:38:50.11,-43:49:07.4,9.708803,-43.818734,0.88,1.36,0.041,1.05,1.471,0.271,0.045,0.473,0.047,0.473,0.047,0.281,0.047,0.49,0.049,0.49,0.049,8.3,1.9,E,-999.0,-999.0,ELAIS-S1,EI1953*SWIRE3_J003850.19-434909.1*m1*C0  ,-----------------------------------------------------,1,1,1,EI1953  ,SWIRE3_J003850.19-434909.1,64567,SWIRE3_J003850.19-434909.1,9.70916,-43.8192,0.0103,0.0103,12,107.38,1.52,102.82,1.45,0.49,CA0,0,77.66,1.59,84.73,2.07,0.43,CA0,0,76.6,5.6,57.26,5.26,0.45,CA0,0,122.59,6.01,108.33,7.27,0.6,CA0,0,630.11,26.25,393.68,23.28,0.5,CA0,0,23.683,0.018,22.59,0.016,21.418,0.006,23.174,21.932,20.719,0.05,0.05,0.04,-999.0,-999.0,-999.0,-999.0,-999.0,-999.0,-999.0,-999.0,SVA1_COADD-2970714147,9.709055,-43.819193,23.264952,21.778408,21.2554,20.860367,0.0243,0.008,0.0069,0.0069,2970714147,2970714147,SVA1_COADD-2970714147         ,9.70904166666667,-43.8191944444444,0.55534,-9.999,4.0,DES_AAOmega         ,                              ,3,7200,4
EI1956  ,ATLAS3_J003853.1-430319C,00:38:53.11,-43:03:19.6,9.721277,-43.055453,0.18,0.29,0.045,1.07,1.455,2.938,0.157,2.938,0.157,2.938,0.157,3.019,0.162,3.019,0.162,3.019,0.162,-999.0,-999.0,P,-0.455,0.223,ELAIS-S1,EI1956*SWIRE3_J003853.12-430318.9*m1*C0  ,-----------------------------------------------------,1,1,1,EI1956  ,SWIRE3_J003853.12-430318.9,85052,SWIRE3_J003853.12-430318.9,9.72136,-43.05526,0.00731,0.00853,13,886.62,4.2,2064.16,5.81,0.03,EK2,2,615.22,3.82,1389.07,5.97,0.03,EK0,2,376.01,7.99,760.03,16.44,0.01,CA0,2,329.18,6.36,806.24,16.93,0.0,CA0,2,-999.0,-999.0,-999.0,-999.0,-999.0,---,-999,19.78,0.001,18.352,0.001,17.562,0.0,18.184,16.728,15.997,0.03,0.03,0.03,-999.0,-999.0,-999.0,-999.0,-999.0,-999.0,-999.0,-999.0,SVA1_COADD-2970472234,9.72119,-43.05524,19.447536,18.347094,17.94503,17.65503,0.0023,0.0011,0.0011,0.0006,2970472234,2970472234,S1172                         ,9.721333333333332,-43.05527222222222,0.1263,-9.999,-2.0,ATLAS               ,-                             ,-9,-9,2
EI1957  ,ATLAS3_J003854.0-434113C,00:38:54.00,-43:41:13.8,9.725002,-43.68717,1.09,1.68,0.042,1.06,1.47,0.226,0.046,0.226,0.046,0.226,0.046,0.234,0.047,0.234,0.047,0.234,0.047,-999.0,-999.0,P,-999.0,-999.0,ELAIS-S1,EI1957*SWIRE3_J003854.05-434113.8*m1*C0  ,-----------------------------------------------------,1,1,1,EI1957  ,SWIRE3_J003854.05-434113.8,60610,SWIRE3_J003854.05-434113.8,9.72522,-43.68719,0.00781,0.00788,12,142.49,1.4,136.49,1.29,0.97,CA0,0,157.96,1.67,145.45,1.57,0.86,CA0,0,214.25,5.54,202.73,7.55,0.54,CA0,0,375.84,5.32,345.85,7.39,0.94,CA0,0,2169.65,32.32,1931.34,41.58,0.93,CA0,0,22.749,0.008,21.585,0.007,20.521,0.003,22.451,21.26,20.17,0.58,0.61,0.27,-999.0,-999.0,-999.0,-999.0,-999.0,-999.0,-999.0,-999.0,SVA1_COADD-2970730472,9.725106,-43.687215,22.26099,20.844358,20.310095,19.953106,0.0104,0.0036,0.0031,0.003,2970730472,2970730472,SVA1_COADD-2970730472         ,9.725125,-43.6872222222222,0.49139,-9.999,4.0,DES_AAOmega         ,CLi 10 0.49139 4 {} | JAB 10 0,3,7200,4
EI1961  ,ATLAS3_J003903.4-431001C,00:39:03.47,-43:10:01.0,9.764467,-43.166933,1.11,1.71,0.046,1.07,1.453,0.244,0.05,0.244,0.05,0.244,0.05,0.251,0.052,0.251,0.052,0.251,0.052,-999.0,-999.0,P,-999.0,-999.0,ELAIS-S1,EI1961*SWIRE3_J003903.43-431003.5*m1*C0  ,-----------------------------------------------------,1,1,1,EI1961  ,SWIRE3_J003903.43-431003.5,47412,SWIRE3_J003903.43-431003.5,9.7643,-43.16764,0.00932,0.00846,12,120.1,1.58,118.36,1.49,0.93,CA0,0,128.28,1.9,131.12,1.99,0.08,CA0,0,103.18,5.89,86.78,6.43,0.01,CA0,0,440.01,6.19,427.33,7.64,0.24,CA0,0,952.75,25.73,756.35,28.61,0.65,CA0,0,22.832,0.008,21.625,0.007,20.833,0.004,22.077,20.784,20.118,0.02,0.02,0.03,-999.0,-999.0,-999.0,-999.0,-999.0,-999.0,-999.0,-999.0,SVA1_COADD-2970457970,9.764237,-43.167585,22.558994,21.285606,20.978674,20.40883,0.0218,0.0282,0.0127,0.014,2970457970,2970457970,0102-00950                    ,9.76428,-43.16767,0.29588416,-9.999,4.0,PRIMUS              ,-                             ,-9,-9,4
